商品名称,ブランド名,価格,評価,レビュー件数,素材,最大リクライニング角度,寸法（W×D×H）,オットマン,背もたれ幅,形状
ゲーミングチェア FC町田ゼルビアチェア,AKRacing,59800,"","",PVCレザー,最大180°（フルフラット）,W: 67cm × D: 67cm × H: 132.5cm,なし,56.5 cm,四角形
ゲーミングチェア Eclair ピンク,AKRacing,48283,4.2,28,高耐久PUレザー,最大180°（フルフラット）,W: 67cm × D: 67cm × H: 123.5cm,なし,51.5 cm,ハイバック（S字型の背骨フィット設計）
ゲーミングチェア Eclair グリーン,AKRacing,48283,4.2,28,高耐久PUレザー,最大180°（フルフラット）,W: 67cm × D: 67cm × H: 123.5cm,なし,51.5 cm,ハイバック（S字型の背骨フィット設計）
ゲーミングチェア Eclair オレンジ,AKRacing,48283,4.2,28,高耐久PUレザー,最大180°（フルフラット）,W: 67cm × D: 67cm × H: 123.5cm,なし,51.5 cm,ハイバック（S字型の背骨フィット設計）
ゲーミング 座椅子 Gyokuza V2,AKRacing,48284,4.4,1135,PUレザー,最大180°（フルフラット）,W: 60cm × D: 60cm × H: 96cm,なし,60 cm,座椅子タイプ
オフィスチェア Pro-X JP グレー,AKRacing,79800,4.4,21,PUレザー,最大180°（フルフラット）,W: 65cm × D: 65cm × H: 127cm,なし,55 cm,ハイバック
オフィスチェア Pro-X JP ホワイト 国産高耐久PUレザー リクライニング エルゴノミクス JIS規格 5年保証,AKRacing,79800,4.4,21,PUレザー,最大180°（フルフラット）,W: 65cm × D: 65cm × H: 127cm,なし,55 cm,ハイバック
ゲーミングチェア Pro-X V2 Dragons 中日ドラゴンズ,AKRacing,60450,4.5,9,PUレザー,最大180°（フルフラット）,W: 65cm × D: 65cm × H: 127cm,なし,55 cm,ハイバック
ファシリティチェア MJ Grey 日本プロ麻雀連盟モデル,AKRacing,74052,"","",PUレザー,最大135°,W: 65cm × D: 65cm × H: 127cm,なし,50 cm,ローバック
ゲーミングチェア Overture レッド,AKRacing,44809,4.5,1748,PUレザー,最大180°（フルフラット）,W: 65cm × D: 65cm × H: 136.5cm,なし,58 cm,ハイバック
ゲーミングチェア Overture ブラック,AKRacing,49764,4.5,1748,PUレザー,最大180°（フルフラット）,W: 65cm × D: 65cm × H: 136.5cm,なし,58 cm,ハイバック
ゲーミングチェア Overture ピンク,AKRacing,50303,4.5,1748,PUレザー,最大180°（フルフラット）,W: 65cm × D: 65cm × H: 136.5cm,なし,58 cm,ハイバック
ゲーミングチェア Overture ホワイト,AKRacing,49764,4.5,1748,PUレザー,最大180°（フルフラット）,W: 65cm × D: 65cm × H: 136.5cm,なし,58 cm,ハイバック
ゲーミングチェア Pro-X V2 Lions 埼玉西武ライオンズ,AKRacing,59800,5,2,PUレザー,最大180°（フルフラット）,W: 65cm × D: 65cm × H: 134cm,なし,55 cm,ハイバック
ゲーミングチェア Overture ブルー 高耐久PUレザー リクライニング エルゴノミクス JIS規格 5年保証,AKRacing,49764,4.5,1748,PUレザー,最大180°（フルフラット）,W: 65cm × D: 65cm × H: 136.5cm,なし,58 cm,ハイバック
ゲーミングチェア Wolf,AKRacing,45253,4.4,2317,ファブリック・PUレザー,最大180°（フルフラット）,W: 65cm × D: 65cm × H: 124cm,なし,52 cm,クイーンアンバック
AKRacing Nitro V2 グリーン,AKRacing,48283,4.5,1390,PUレザー,最大180°（フルフラット）,W: 65cm × D: 65cm × H: 125cm,なし,54 cm,クイーンアンバック
AKRacing Nitro V2 オレンジ,AKRacing,48283,4.5,1390,PUレザー,最大180°（フルフラット）,W: 65cm × D: 65cm × H: 125cm,なし,54 cm,クイーンアンバック
AKRacing Pro-X V2 レッド,AKRacing,58383,4.4,3307,PUレザー,最大180°（フルフラット）,W: 65cm × D: 65cm × H: 134cm,なし,55 cm,クイーンアンバック
AKRacing Pro-X V2 ブルー,AKRacing,58384,4.4,3307,PUレザー,最大180°（フルフラット）,W: 65cm × D: 65cm × H: 134cm,なし,55 cm,クイーンアンバック
AKRacing ゲーミングチェア Nitro V2 レッド,AKRacing,48283,4.5,1390,PUレザー,最大180°（フルフラット）,W: 65cm × D: 65cm × H: 125cm,なし,54 cm,クイーンアンバック
AKRacing Pro-X V2 グレー,AKRacing,58384,4.4,3307,PUレザー,最大180°（フルフラット）,W: 65cm × D: 65cm × H: 134cm,なし,55 cm,クイーンアンバック
AKRacing ゲーミングチェア Nitro V2 ブルー,AKRacing,48283,4.5,1390,PUレザー,最大180°（フルフラット）,W: 65cm × D: 65cm × H: 125cm,なし,54 cm,クイーンアンバック
AKRacing ゲーミングチェア Nitro V2 ホワイト,AKRacing,48283,4.5,1390,PUレザー,最大180°（フルフラット）,W: 65cm × D: 65cm × H: 125cm,なし,54 cm,クイーンアンバック
AKRacing ゲーミングチェア 阪神タイガースチェア,AKRacing,69838,4.9,14,PUレザー,最大180°（フルフラット）,W: 70cm × D: 70cm × H: 133cm,なし,56 cm,ハイバック
AKRacing ゲーミングチェア FC東京2024,AKRacing,59800,"","",PVCレザー,最大180°（フルフラット）,W: 65cm × D: 65cm × H: 134cm,なし,58 cm,ハイバック
AKRacing ゲーミングチェア サッカー日本代表ver,AKRacing,55355,4.8,24,PUレザー,最大180°（フルフラット）,W: 65cm × D: 65cm × H: 134cm,なし,58 cm,ハイバック
AKRacing 本田翼監修 ゲーミングチェア,AKRacing,50303,4.3,99,高耐久PUレザー,最大150°,W: 65cm × D: 65cm × H: 124cm,なし,52.5 cm,クイーンアンバック
ゲーミングチェア Pro-X V2 Giants 読売ジャイアンツ,AKRacing,60400,4.4,106,PUレザー,最大180°（フルフラット）,W: 65cm × D: 65cm × H: 134cm,なし,55 cm,ハイバック
AKRacing 遊戯施設向け高耐久チェア MJ Grey,AKRacing,69102,5,5,高耐久PUレザー,最大135°,W: 65cm × D: 65cm × H: 127cm,なし,50 cm,ローバック
ゲーミングチェア 東京ヤクルトスワローズチェア,AKRacing,55354,4.2,8,PUレザー,最大180°（フルフラット）,W: 65cm × D: 65cm × H: 134cm,なし,58 cm,コンティニュアスバック
AKRacing オフィスチェア Premium シルバー,AKRacing,70500,4.3,906,高耐久PUレザー,最大180°（フルフラット）,W: 65cm × D: 65cm × H: 129.5cm,なし,58 cm,クイーンアンバック
AKRacing オフィスチェア Premium レイブン,AKRacing,70500,4.3,906,高耐久PUレザー,最大180°（フルフラット）,W: 65cm × D: 65cm × H: 129.5cm,なし,58 cm,クイーンアンバック
AKRacing オフィスチェア Premium ブラック,AKRacing,70500,4.3,906,高耐久PUレザー,最大180°（フルフラット）,W: 65cm × D: 65cm × H: 129.5cm,なし,58 cm,クイーンアンバック
AKRacing ゲーミング座椅子 極坐 V2,AKRacing,48284,4.4,1135,高耐久PUレザー,最大180°（フルフラット）,W: 60cm × D: 60cm × H: 96cm,なし,60 cm,座椅子タイプ
AKRacing ゲーミング座椅子 極坐 V2,AKRacing,48278,4.4,1135,高耐久PUレザー,最大180°（フルフラット）,W: 60cm × D: 60cm × H: 96cm,なし,60 cm,座椅子タイプ
Faura ブラウン,AKRacing,59800,4.5,30,ファブリック（布地）,最大180°（フルフラット）,W: 69.5cm × D: 66cm × H: 124cm,なし,56 cm,ハイバック
Faura ダークネイビー,AKRacing,60405,4.5,30,ファブリック（布地）,最大180°（フルフラット）,W: 69.5cm × D: 66cm × H: 124cm,なし,56 cm,ハイバック
Faura ベージュ,AKRacing,59800,4.5,30,ファブリック（布地）,最大180°（フルフラット）,W: 69.5cm × D: 66cm × H: 124cm,なし,56 cm,ハイバック
Faura インディゴ,AKRacing,59800,4.5,30,ファブリック（布地）,最大180°（フルフラット）,W: 69.5cm × D: 66cm × H: 124cm,なし,56 cm,ハイバック
AKRacing Pro-X V2 オレンジ,AKRacing,58384,4.4,3307,高耐久PUレザー,最大180°（フルフラット）,W: 65cm × D: 65cm × H: 134cm,なし,55 cm,ハイバック
AKRacing 極坐 デニム,AKRacing,75556,3.9,42,デニム,最大180°（フルフラット）,W: 60cm × D: 60cm × H: 96cm,なし,60 cm,座椅子タイプ
Premium Denim 国産デニム素材,AKRacing,80606,4.4,86,デニム,最大180°（フルフラット）,W: 66cm × D: 66cm × H: 137cm,なし,60 cm,クイーンアンバック
ゲーミングチェア Overture パープル,AKRacing,49764,4.5,1748,高耐久PUレザー,最大180°（フルフラット）,W: 65cm × D: 65cm × H: 129cm,なし,52 cm,ハイバック
ゲーミングチェア Overture イエロー,AKRacing,49764,4.5,1748,高耐久PUレザー,最大180°（フルフラット）,W: 65cm × D: 65cm × H: 129cm,なし,52 cm,ハイバック
GXTRACE ファブリック オフィスチェア,GXTRACE,16308,4.3,425,ファブリック（布地）,最大145°,W: 65cm × D: 65cm × H: 129cm,あり,60 cm,ハイバック
GTPLAYER ゲーミングチェア GT800A,GTPLAYER,18300,4.2,15366,ファブリック（布地）,最大135°,W: 50cm × D: 50cm × H: 130cm,あり,53 cm,ハイバック
Eeasky ゲーミングチェア,Eeasky,22580,4.2,2689,PUレザー,最大135°,W: 60cm × D: 50cm × H: 119cm,あり,42 cm,ハイバック
Dowinx ゲーミングチェア,Dowinx,16850,4.4,1619,ファブリック（布地）,最大145°,"",あり,52 cm,ハイバック
GXTRACE ゲーミングチェア,GXTRACE,18216,4.3,3374,PUレザー,最大165°,W: 62cm × D: 62cm × H: 135cm,あり,55 cm,ハイバック
NewBoy ゲーミングチェア,NewBoy,10980,3.8,814,PUレザー,最大135°,W: 60cm × D: 50cm × H: 129cm,あり,60 cm,ハイバック
HERCULES ゲーミングチェア ファブリック,HERCULES,12980,3.4,95,ファブリック（布地）,最大130°,W: 60cm × D: 60cm × H: 124.5cm,あり,54 cm,ウイングバック
RXGAMING ゲーミングチェア,RXGAMING,12889,4.2,1132,ポリウレタン,最大145°,"",あり,50 cm,ウイングバック
GTPLAYER GTR510-BLACK,GTPLAYER,23505,4.3,816,PUレザー,最大150°,W: 64cm × D: 64cm × H: 120.4cm,あり,53 cm,ハイバック
ilooiloo 2026プレミアム版 エグゼクティブオフィスチェア,ilooiloo,29850,3.8,55,PUレザー,最大170°,W: 70cm × D: 72cm × H: 117cm,あり,70 cm,ハイバック
NIONIK ゲーミングチェア ファブリック,NIONIK,9900,3.9,702,ファブリック（布地）,最大140°,W: 63cm × D: 52cm × H: 130.5cm,あり,45.5 cm,リクライニングバック
NIONIK ゲーミングチェア 座椅子,NIONIK,16980,3.9,300,PUレザー,最大180°（フルフラット）,W: 52cm × D: 55cm × H: 95cm,あり,58 cm,座椅子タイプ
Dowinx 猫耳ゲーミングチェア,Dowinx,21050,4.3,1018,ファブリック（布地）,最大145°,W: 60cm × D: 60cm × H: 122cm,あり,50 cm,ハイバック
Dowinx ゲーミングチェア社長椅子,Dowinx,24980,4.1,1470,ファブリック（布地）,最大155°,W: 55cm × D: 55cm × H: 133cm,あり,52 cm,ハイバック
Dowinx ゲーミングチェア LS-6668B-04,Dowinx,21800,4.3,1802,ファブリック（布地）,最大170°,W: 68cm × D: 68cm × H: 136cm,あり,58 cm,ソリッドバッグ
iLooiLoo Royal-Titan オフィスチェア,iLooiLoo,18250,4,557,PUレザー,最大135°,W: 61cm × D: 61cm × H: 112cm,あり,59 cm,ハイバック
GT905-Black,GTPLAYER,17800,4.2,2833,ファブリック（布地）,最大150°,W: 66cm × D: 66cm × H: 135cm,あり,47 cm,ウイングバック
GXTRACE ゲーミングチェア,GXTRACE,13789,4.2,319,ファブリック（布地）,最大145°,W: 62cm × D: 62cm × H: 135cm,あり,"",バケットシート型（ハイバック）
HLDIRECT ゲーミングチェア,HLDIRECT,30076,3.9,231,PUレザー,最大135°,"",あり,53 cm,ハイバック
JK08,JKOOK,14980,4.4,353,PUレザー,最大135°,W: 63cm •奥行き：54cm •高さ：120cm × D: 54cm •高さ：120cm × H: 120cm,あり,53 cm,ハイバック
RXGAMING ゲーミングチェア,RXGAMING,15980,4.3,1507,PUレザー,最大145°,W: 50cm × D: 54cm × H: 120cm,あり,53 cm,ソリッドバッグ
GTPLAYER ゲーミング座椅子,GTPLAYER,15980,4.2,8584,ファブリック（布地）,最大165°,W: 30cm × D: 40cm × H: 30cm,なし,"",座椅子タイプ
NIONIK ゲーミングチェア,NIONIK,12980,4,120,PUレザー,最大135°,W: 63cm × D: 53cm × H: 130cm,あり,54 cm,ハイバック
SeekFun ゲーミングチェア LX-19SW,SeekFun,19750,4,74,ファブリック（布地）,最大150°,W: 53cm × D: 52cm × H: 92cm,なし,53 cm,座椅子タイプ
Wisteriaゲーミングチェア ファブリック,Wisteria,42000,4,34,ファブリック（布地）,最大135°,W: 69cm × D: 64cm × H: 115cm,あり,56 cm,ハイバック
Dowinx ゲーミングチェア,Dowinx,17300,4.2,2377,PUレザー,最大165°,W: 70cm × D: 53cm × H: 135cm,あり,54.5 cm,ハイバック
回転ゲーミング座椅子 165°リクライニング 連動アームレスト スプリング座面 ハイバック PU,Dowinx,21800,4.2,3448,PUレザー,最大165°,W: 55cm × D: 55cm × H: 93cm,なし,55 cm,座椅子タイプ
CHAIRKER ゲーミングチェア,CHAIRKER,21800,4.2,45,PUレザー,最大165°,W: 55cm × D: 55cm × H: 93cm,なし,55 cm,ハイバック
GTPLAYER ゲーミングチェア,GTPLAYER,18400,4.3,1078,PUレザー,最大145°,W: 53cm × D: 73cm × H: 128cm,あり,53 cm,ハイバック
SeekFun ゲーミングチェア LX-08SW,SeekFun,18750,4,19,PUレザー,最大150°,W: 52cm × D: 53cm × H: 79cm,なし,50 cm,座椅子タイプ
GTPLAYER ゲーミングチェア ベロア生地 GT907,GTPLAYER,21180,4.4,985,ベロア生地,最大150°,W: 20cm × D: 65cm × H: 50cm,あり,51 cm,ハイバック
Eeasky ゲーミングチェア ニットファブリック,Eeasky,24980,4.2,236,ニットファブリック,最大135°,W: 73cm × D: 52cm × H: 124cm,あり,51 cm,ハイバック
Localive ゲーミングチェア 170度リクライニング,Localive,23649,3.6,33,PUレザー,最大170°,W: 80cm × D: 82cm × H: 126cm,あり,"",ハイバック
ZJXKWIN ゲーミングチェア ファブリック,ZJXKWIN,15980,4,28,ファブリック（布地）,最大135°,W: 66cm × D: 66cm × H: 120cm,あり,66 cm,ハイバック
GTPLAYER GTP6002-WHITE,GTPLAYER,18900,4.5,1035,PUレザー,最大145°,W: 58cm × D: 48cm × H: 129cm,あり,58 cm,ハイバック
GTPlayer ゲーミング座椅子,GTPlayer,13540,4.3,1115,PUレザー,最大155°,W: 58cm × D: 58cm × H: 38cm,なし,"",ハイバック幅
Symino ゲーミングチェア,Symino,22800,4.3,362,ファブリック（布地）,最大155°,W: 67cm × D: 54cm × H: 116cm,あり,67 cm,ハイバック
VIGOSIT 猫耳ゲーミングチェア,VIGOSIT,20980,4.4,679,PUレザー,最大155°,W: 53cm × D: 45cm × H: 104cm,あり,53 cm,ハイバック
HLDIRECT ゲーミングチェア,HLDIRECT,11989,4,42,ファブリック（布地）,最大135°,W: 72cm × D: 72cm × H: 129cm,あり,72 cm,ハイバック
AGRelux 極 ゲーミングチェア,AGRelux,39800,4,1,PUレザー,最大150°,W: 80cm × D: 81cm × H: 118cm,あり,80 cm,ソリッドバック
SUKIDA ファブリック オフィスチェア 通気性 蒸れない デスクチェア テレワーク,SUKIDA,9333,4,1,ファブリック（布地）,最大135°,W: 60cm × D: 60cm × H: 113cm,なし,"",ハイバック
PUPOFA ゲーミングチェア YG-06,PUPOFA,10980,4.1,12,PUレザー,最大140°,W: 60cm × D: 60cm × H: 113cm,なし,60 cm,ハイバック
NidoDegato ゲーミングチェア オットマン付き,NidoDegato,10980,3.4,14,PUレザー,最大140°,W: ） × D: ） × H: ）,あり,52 cm,ハイバック
Humergo ゲーミングチェア（350）,Humergo,21800,5,4,ファブリック（布地）,最大145°,W: 72cm × D: 72cm × H: 122cm,あり,52 cm,ハイバック
Razer Soma Chroma,Razer,88335,"","",PUレザー,最大155°,W: 67cm × D: 71.5cm × H: 125cm,なし,67 cm,リクライニングバックレスト
Nekkoflo ゲーミングチェア ファブリック ブラック,Nekkoflo,17630,4.7,5,ファブリック（布地）,最大140°,W: 52cm × D: 48cn × H: 81cm,あり,"",ハイバック
HERCULES ゲーミングチェア 高級PUレザー,HERCULES,15980,4.1,42,PUレザー,最大130°,W: 65cm × D: 54cm × H: 123cm,あり,"",ハイバック
HERCULES ゲーミングチェア ベルベット風 ファブリック,HERCULES,15980,4.2,38,ファブリック（布地）,最大130°,W: 65cm × D: 54cm × H: 123cm,あり,"",ハイバック
GTPLAYER ゲーミングチェア GT002F,GTPLAYER,19510,4.2,35423,PUレザー,最大165°,W: 67.31cm × D: 51.15cm × H: 132.08cm,あり,53 cm,ハイバック
GTPLAYER ゲーミングチェア GT002F,GTPLAYER,19510,4.2,35423,PUレザー,最大165°,W: 67.31cm × D: 51.15cm × H: 132.08cm,あり,65 cm,ハイバック
KTOW PAX4 エルゴノミクスチェア,KTOW,69900,4,9,メッシュ,最大150°,W: 71cm × D: 71cm × H: 110cm,あり,71 cm,ハイバック
KARNOX ゲーミングチェア PCチェア ハイバック,KARNOX,26800,4.2,544,ファブリック（布地）,最大155°,W: 約54cm × D: 約50cm × H: 約131cm,なし,50 cm,ハイバック
PL800-WHITE ゲーミングチェア オットマン付き,GTPLAYER,18300,4.2,15409,PUレザー,最大145°,W: 70cm × D: 70cm × H: 130cm,あり,50 cm,ハイバック
PUPOFA ゲーミングチェア オットマン付き,PUPOFA,8999,4.1,56,PUレザー,最大135°,W: 60cm × D: 60cm × H: 113cm,あり,60 cm,ハイバック
SYALEN オフィスチェア SLCH-15,SYALEN,44980,4.3,211,メッシュ,最大160°,W: 66cm × D: 66cm × H: 130cm,あり,66 cm,ハイバック
GT829-GRAY,GTPLAYER,20420,4.2,3573,ベロア素材,最大155°,W: 45cm × D: 50cm × H: 125cm,あり,45 cm,ハイバック
Dowinx ゲーミングチェア LS-66BG,Dowinx,24980,4.1,1475,ファブリック（布地）,最大155°,W: 52cm × D: 60cm × H: 130.5cm,あり,52 cm,ハイバック
NIONIK ゲーミングチェア 306（グレー）,NIONIK,8480,3.9,150,PUレザー,最大135°,W: 64cm × D: 64cm × H: 118cm,あり,54 cm,ハイバック
GTPlayer ゲーミングチェア PL800,GTPLAYER,12300,4.2,15409,PUレザー,最大145°,W: 70cm × D: 70cm × H: 130cm,あり,50 cm,ハイバック
GXTRACE オフィスチェア,GXTRACE,12780,4.1,77,メッシュ,最大145°,W: 52cm × D: 72cm × H: 121cm,あり,52 cm,ハイバック
GTPLAYER ゲーミングチェア LR002新シリーズ,GTPLAYER,21320,4.3,5285,ファブリック（布地）,最大140°,W: 75cm × D: 23cm × H: 53cm,あり,"",ソリッドバック
Dowinx ゲーミングチェア LS-66D50H,Dowinx,16850,4.4,1622,ファブリック（布地）,最大145°,W: 52cm × D: 51cm × H: 122.5cm,あり,52 cm,ハイバック
GTPLAYER ゲーミングチェア CH610,GTPLAYER,24800,4.3,1323,PUレザー,最大150°,W: 73cm × D: 23cm × H: 53cm,あり,"",ウイングバック
Dowinx ゲーミングチェア LS-66D50H,Dowinx,16850,4.4,1622,ファブリック（布地）,最大145°,W: 52cm × D: 51cm × H: 122.5cm,あり,52 cm,ハイバック
NIONIK ゲーミングチェア 668,NIONIK,8480,4.3,234,PUレザー,最大140°,W: 63cm × D: 52cm × H: 130.5cm,あり,"",リクライニングバック幅54.5
Dowinx ゲーミングチェア LS-66D50K,Dowinx,16450,4.2,750,ファブリック（布地）,最大145°,W: 64cm × D: 51cm × H: 123cm,あり,"",ハイバック
Eeasky ゲーミングチェア 3008,Eeasky,22580,4.2,2695,PUレザー,最大135°,W: 60cm × D: 50cm × H: 120cm,あり,60 cm,ハイバック
GXTRACE オフィスチェア GXT280,GXTRACE,11980,3.8,58,メッシュ,最大105°,W: 60cm × D: 55cm × H: 110cm,なし,60 cm,ハイバック
Humergo オフィスチェア（550S-Black）,Humergo,15980,3.4,15,メッシュ,最大145°,W: 約68cm × D: 約68cm × H: 約115〜125cm,あり,"",ハイバック
NIONIK ゲーミングチェア,NIONIK,12980,3.9,122,PUレザー,最大135°,W: 63cm × D: 53cm × H: 130cm,あり,54 cm,ハイバック
GTBoy ゲーミングチェア,GTBoy,9455,4,142,PUレザー,最大135°,W: 60cm × D: 60cm × H: 123cm,あり,54 cm,ハイバック
Dowinx ゲーミングチェア LS-66BG1,Dowinx,24980,4.1,1475,PUレザー,最大155°,W: 52cm × D: 60cm × H: 130.5cm,あり,52 cm,ハイバック
HERCULES ゲーミングチェア ホワイト,HERCULES,12980,3.7,50,PVCレザー,最大130°,W: 60cm × D: 60cm × H: 124.5cm,あり,60 cm,ハイバック
SUKIDA ゲーミングチェア オットマン付き,SUKIDA,9980,4.4,849,PUレザー,最大135°,W: 64cm × D: 52cm × H: 125cm,あり,52 cm,ハイバック
NIONIK ゲーミングチェア,NIONIK,8490,3.9,725,ファブリック（布地）,最大140°,W: 63cm × D: 52cm × H: 130.5cm,あり,63 cm,ハイバック
Dowinx ゲーミングチェア LS-66D58S,Dowinx,18200,4.4,1405,PUレザー,最大145°,W: 51cm × D: 50cm × H: 127cm,あり,51 cm,ハイバック
GT829-BLACK,GTPLAYER,15800,4.2,3573,ベロア素材,最大155°,W: 45cm × D: 50cm × H: 125cm,なし,58 cm,ハイバック
GTPLAYER ゲーミングチェア GT890MF,GTPLAYER,16800,4.2,9996,PUレザー,最大165°,W: 67cm × D: 51cm × H: 128cm,あり,53 cm,ハイバック
JPBSTO デスクチェア オフィスチェア,JPBSTO,8680,3.9,190,メッシュ,最大130°,W: 約60cm × D: 約48cm × H: 140cm,あり,"",ハイバック（S字型の背骨フィット設計）
GTPLAYER ゲーミングチェア かわいい,GTPLAYER,25800,4.5,530,ベロア素材,最大180°,W: 約55cm × D: 約50cm × H: 132cm,あり,73 cm,ハイバック
JP-GTP89-WHITE 座椅子,GTPLAYER,23800,4.4,583,PUレザー,最大180°（フルフラット）,W: 55cm × D: 53cm × H: 84cm,なし,55 cm,座椅子タイプ
iLooiLoo オフィスチェア ゲーミングチェア,iLooiLoo,18250,4,560,"",最大135°,W: 61cm × D: 61cm × H: 112cm,あり,61 cm,ハイバック
Dowinx ゲーミングチェア87A01,Dowinx,17200,4.2,3283,PUレザー,最大165°,W: 70cm × D: 53cm × H: 127.5cm,あり,55 cm,ハイバック
onenext ゲーミングチェア オットマン付き,onenext,8900,4.1,66,PUレザー,最大135°,W: 60cm × D: 64cm × H: 125cm,あり,60 cm,ハイバック
DoubleTT ゲーミングチェア オットマン付き,DoubleTT,9888,3.8,236,PUレザー,最大165°,W: 55cm × D: 47cm × H: 125cm,あり,"",ハイバック
KAGMII ゲーミングチェア KM6006,KAGMII,9480,3.8,66,PUレザー,最大135°,W: 51cm × D: 50cm × H: 129cm,あり,53 cm,幅53cm
SUKIDA ゲーミングチェア 686,SUKIDA,9980,4.3,145,ファブリック（布地）,最大135°,W: 64cm × D: 52cm × H: 124cm,あり,"",ハイバック
Symino ゲーミングチェア スエード調ファブリック,Symino,19800,4.4,356,ファブリック（布地）,最大155°,W: 67cm × D: 59cm × H: 126cm,あり,"",ハイバック
Dowinx ゲーミングチェア LS-66D68S,Dowinx,20800,4.1,1673,ファブリック（布地）,最大165°,W: 58cm × D: 51cm × H: 126cm,あり,53 cm,ハイバック
IPPO+ ゲーミングチェア リクライニング135°,IPPO+,13839,3.7,21,PVCレザー,最大135°,W: 64cm × D: 48cm × H: 122cm,あり,"",ハイバック
Wisteriaゲーミングチェア ファブリック,Wisteria,39800,4.1,70,ファブリック（布地）,最大135°,W: 69cm × D: 64cm × H: 115cm,あり,56 cm,ハイバック
BIRDX ゲーミングチェア オットマン付き,BIRDX,11440,4.1,14,PUレザー,最大140°,W: 66cm × D: 38cm × H: 118cm,あり,66 cm,ハイバック
GTPLYER ゲーミングチェア Luft310,GTPLYER,22800,4.2,8136,メッシュ,最大140°,W: 55cm × D: 55cm × H: 120cm,あり,"",ハイバック
Yaheetech ゲーミングチェア,Yaheetech,12974,4.3,13,PUレザー,最大135°,W: 72cm × D: 50cm × H: 132cm,あり,52 cm,ウイングバック
Dowinx ゲーミングチェア LS-665801,Dowinx,17500,4.2,3210,ファブリック（布地）,最大145°,W: 70cm × D: 45cm × H: 123cm,あり,53 cm,ソリッドバック
CHUUARYUU ゲーミングチェア 9026,CHUUARYUU,16500,4.7,6,PUレザー,最大155°,W: 60cm × D: 50cm × H: 122cm,あり,60 cm,ハイバック
Symino ゲーミングチェア SF-01 グレー,Symino,22800,4.3,375,ファブリック（布地）,最大155°,W: 67cm × D: 54cm × H: 116cm,あり,67 cm,ハイバック
AutoFull C2 ゲーミングチェア 桜雪うさぎ,AutoFull(オートフル),39899,3.7,6,PUレザー,最大155°,W: 70cm × D: 70cm × H: 133cm,あり,70 cm,ハイバック
ZJXKWIN ゲーミングチェア ファブリック,ZJXKWIN,15980,4.1,39,ファブリック（布地）,最大135°,W: 66cm × D: 66cm × H: 120cm,あり,66 cm,ハイバック
JKOOK ゲーミングチェア 赤 JK21,JKOOK,11980,5,4,PUレザー,最大135°,W: 59cm × D: 48cm × H: 122cm,あり,53 cm,ハイバック
AIMchair ゲーミングチェア（ホワイト）,AIMchair,49800,4,113,メッシュ,最大123°,W: 65cm × D: 68cm × H: 123cm,なし,65 cm,ハイバック
GTPLAYER ゲーミングチェア CH335,GTPLAYER,13700,4.2,15408,メッシュ,最大135°,W: 45cm × D: 50cm × H: 104cm,あり,50 cm,ハイバック
VICTONE ゲーミングチェア,VICTONE,11850,3.6,44,"",最大165°,W: 64cm × D: 64cm × H: 126.5cm,あり,50 cm,ハイバック
Localive ゲーミングチェア,Localive,23649,3.7,39,PUレザー,最大170°,W: 58cm × D: 44cm × H: 126cm,あり,"",ハイバック
AutoFull C2 ゲーミングチェア 桜雪うさぎ,AutoFull,17020,4.2,450,PUレザー,最大155°,W: 70cm × D: 70cm × H: 133cm,あり,70 cm,クイーンアンバック
SIHOO M18 オフィスチェア,SIHOO,19999,4.2,280,メッシュ,最大126°,W: 50cm × D: 45.5cm × H: 130cm,なし,75 cm,ハイバック
NIONIK ゲーミングチェア,NIONIK,13480,3.9,165,PUレザー,最大135°,W: 63cm × D: 54cm × H: 125cm,あり,53 cm,ハイバック
不二貿易 ゲーミングチェア レイズ,不二貿易,15682,4.2,14,メッシュ,最大150°,W: 68.5cm × D: 65.5cm × H: 118〜125.5cm,あり,"",ハイバック
Humergo ゲーミングチェア (350-Orange),Humergo,21800,5,4,ファブリック（布地）,最大145°,W: 72cm × D: 72cm × H: 122cm,あり,52 cm,ハイバック
CORSAIR T-3 RUSH V2 (ホワイト / CF-9010058-WW),CORSAIR,42980,4.2,1138,ファブリック（布地）,最大160°,W: 68.1cm × D: 55.9cm × H: 136.9cm,なし,56 cm,ハイバック
Homracer ゲーミングチェア,Homracer,27800,3.8,17,PUレザー,最大180°,W: 80cm × D: 60cm × H: 132cm,あり,"",ハイバック
SIHOO M57 メッシュチェア,SIHOO,23999,4,3045,メッシュ,最大126°,W: 65cm × D: 75cm × H: 127cm,なし,51 cm,ハイバック
GTPLAYER LR002-GRAY,GTPLAYER,20500,4.1,1758,ファブリック（布地）,最大140°,W: 55cm × D: 55cm × H: 120cm,あり,55 cm,バケットシート型
Maydolly ゲーミングチェア,Maydolly,11999,"","",PUレザー,最大150°,W: 51cm × D: 48cm × H: 115cm,あり,51 cm,ハイバック
GXTRACE オフィスチェア,GXTRACE,23800,4.3,29,PUレザー,最大165°,W: 55cm × D: 48cm × H: 120cm,あり,55 cm,ハイバック
玄人志向 GALAKURO GAMING オフィスチェア,玄人志向,14720,4.7,4,PUレザー,最大175°,W: 54cm × D: 50cm × H: 127.5cm,あり,54 cm,ハイバック
Maydolly ゲーミングチェア,Maydolly,12999,3.4,6,PUレザー,最大135°,W: 40cm × D: 67cm × H: 51cm,あり,49 cm,ハイバック
AutoFullゲーミングチェア C3,AutoFull,26980,4.3,1596,PUレザー,最大155°,W: 70cm × D: 70cm × H: 128cm,あり,56 cm,ハイバック
[Goswave] オフィスチェア デスクチェア,Goswave,17980,3.8,23,メッシュ,最大145°,W: 70cm × D: 70cm × H: 131cm,あり,70 cm,ハイバック
Homora ゲーミングチェア 社長椅子,Homora,11999,4,2,PUレザー,最大135°,W: 76cm × D: 76cm × H: 115cm,あり,76 cm,ハイバック
GTPLAYER オフィスチェア CH335-Black,GTPLAYER,15070,3.3,3,メッシュ,最大160°,W: 60cm × D: 60cm × H: 118cm,あり,64 cm,ハイバック
AutoFull M6 Ultra 2.0 ゲーミングチェア,AutoFull,99890,4.4,1058,PUレザー,最大160°,W: 64cm × D: 64cm × H: 129cm,あり,"",バケットシート型（ハイバック）
AutoFull G7,AutoFull,69980,4.2,451,メッシュ,最大140°,W: 70cm × D: 70cm × H: 125cm,あり,52 cm,ハイバック
G7,AutoFull,69980,4.1,374,ファブリック（布地）,最大140°,"",なし,"",オフィスチェアカスタム型
Bonarca ゲーミングチェア オットマン付き,Bonarca,9580,3.9,20,PUレザー,最大135°,W: 58cm × D: 46cm,あり,58 cm,ハイバック
CYBER-GROUND ゲーミング座椅子,CYBER-GROUND,7999,4,769,メッシュ,最大180°（フルフラット）,W: 64cm × H: 125cm,なし,47 cm,座椅子タイプm
EdoErgo オフィスチェア,EdoErgo,6880,3.3,393,メッシュ,最大105°,W: 60cm × D: 60cm × H: 99cm,なし,"",ミドルバック幅47ｃｍ
LEEKAElIO ゲーミングチェア,Leekaeiio,12999,4.6,4,PUレザー,最大135°,W: 60cm × D: 60cm × H: 125cm,あり,52 cm,ハイバック
G&G ゲーミングチェア デスクチェア,G&G,9960,"","",PUレザー,最大160°,W: 49cm × D: 49cm × H: 113cm,あり,49 cm,ハイバック
HOLLUDLE 人間工学 オフィスチェア,HOLLUDLE,15999,4.4,2392,メッシュ,最大135°,W: 66cm × D: 66cm × H: 124cm,なし,51.5 cm,ハイバック
エア・リゾーム デスクチェア force,エア・リゾーム,12490,5,2,PUレザー,最大140°,W: 62.4cm × D: 64cm × H: 93cm,なし,47 cm,ハイバック
GXTRACE オフィスチェア,GXTRACE,12800,"","",メッシュ,最大120°,W: 60cm × D: 55cm × H: 110cm,なし,53 cm,ハイバック
LEEZONE オフィスチェア,LEEZONE,9999,4.2,31,PUレザー,最大135°,W: 52cm × D: 49cm × H: 115cm,あり,52 cm,ハイバック
iLooiLoo オフィスチェア,iLooiLoo,18450,3.9,136,PUレザー,最大150°,W: 64cm × D: 60cm × H: 108cm,あり,60 cm,ハイバック
タンスのゲン オフィスチェア G-AIR,タンスのゲン,6999,4.1,8730,ファブリック（布地）,最大125°,W: 64cm × D: 64cm × H: 114cm,なし,46 cm,ハイバック
INECAR 人間工学ゲーミングチェア,INECAR,17964,"","",メッシュ,最大145°,W: 58cm × D: 49cm × H: 125cm,あり,58 cm,ハイバック
GTPOFFICE エグゼクティブオフィスチェア,GTPOFFICE,50118,4.1,70,PUレザー,最大110°,W: 62cm × D: 47cm × H: 105.9cm,なし,48 cm,ミッドバック
