ID,商品名,商品説明,メーカー,価格,素材,形状,最大リクライニング角度,フレームの種類,オットマンの有無,寸法,星,レビュー数
chair-akr-13kwgv,ゲーミングチェア FC町田ゼルビアチェア ,"町田ゼルビアチェア PVCレザーリクライニング Jリーグ
ゲーミングチェア 180度リクライニング アームレスト 最大荷重150kg ランバーサポート ヘッドレスト 疲労軽減",AKRacing,59800,PVCレザー,四角形（背もたれ幅56.5cm ,最大180°（フルフラット）,合金鋼製,なし,W: 67cm × D: 67cm × H: 132.5cm,,
chair-akr-2v3zxs,ゲーミングチェア Eclair ピンク,高耐久PUレザーリクライニング エルゴノミクス JIS規格 5年保証180度リクライニング アームレスト 最大荷重150kg ランバーサポート ヘッドレスト 疲労軽減,AKRacing,48283,高耐久PUレザー,ハイバック（S字型の背骨フィット設計）、幅51.5cm,最大180°（フルフラット）,合金鋼製,なし,W: 67cm × D: 67cm × H: 123.5cm,,
chair-akr-2wxz5m,ゲーミングチェア Eclair グリーン,高耐久PUレザー リクライニング エルゴノミクス JIS規格 5年保証180度リクライニング アームレスト 最大荷重150kg ランバーサポート ヘッドレスト 疲労軽減,AKRacing,48283,高耐久PUレザー,ハイバック（S字型の背骨フィット設計）、幅51.5cm,最大180°（フルフラット）,合金鋼製,なし,W: 67cm × D: 67cm × H: 123.5cm,,
chair-akr-2y1z2b,ゲーミングチェア Eclair オレンジ,"AKRacing ゲーミングチェア デスクチェア 勉強椅子 学習椅子 Eclair エクレール Orange オレンジ 高耐久PUレザー
180度リクライニング アームレスト 最大荷重150kg ランバーサポート ヘッドレスト 疲労軽減",AKRacing,48283,高耐久PUレザー,ハイバック（S字型の背骨フィット設計）、幅51.5cm,最大180°（フルフラット）,合金鋼製,なし,W: 67cm × D: 67cm × H: 123.5cm,,
chair-akr-31gtbc,ゲーミングチェア Eclair ブルー 高耐久PUレザーリクライニング エルゴノミクス JIS規格 5年保証,高耐久PUレザー・180°・Eclair,AKRacing,48283,PUレザー（合成皮革）,オフィスチェアカスタム型,最大180°（フルフラット）,合金鋼フレーム,なし,,,
chair-akr-3cqx5j,ゲーミング 座椅子 Gyokuza V2,ホワイト 高耐久PUレザー リクライニング 5年保証180度リクライニング アームレスト ランバーサポート ヘッドレスト 疲労軽減,AKRacing,48284,PUレザー,座椅子タイプ幅60cm,最大180°（フルフラット）,合金鋼製,なし,W: 60cm × D: 60cm × H: 96cm,,
chair-akr-72dwq4,オフィスチェア Pro-X JP グレー ,国産高耐久PUレザーリクライニング エルゴノミクス JIS規格 5年保証ゲーミングチェア 180度リクライニング 4Dアームレスト 最大荷重150kg ランバーサポート ヘッドレスト 疲労軽減,AKRacing,79800,PUレザー,ハイバック幅55cm,最大180°（フルフラット）,合金鋼製,なし,W: 65cm × D: 65cm × H: 127cm,,
chair-akr-74np5p,オフィスチェア Pro-X JP ホワイト 国産高耐久PUレザー リクライニング エルゴノミクス JIS規格 5年保証,国産高耐久PUレザー・180°・Pro-X JP,AKRacing,79800,PUレザー,ハイバック幅55cm,最大180°（フルフラット）,合金鋼製,なし,W: 65cm × D: 65cm × H: 127cm,,
chair-akr-8e2etq,ゲーミングチェア Wolf グレー ファブリック リクライニング エルゴノミクス JIS規格 5年保証,ファブリック・180°・Wolf,AKRacing,42784,ファブリック（布地）,オフィスチェアカスタム型,最大180°（フルフラット）,合金鋼フレーム,なし,,,
chair-akr-8e3j3g,ゲーミングチェア Wolf レッド ファブリックリクライニング エルゴノミクス JIS規格 5年保証,ファブリック・180°・Wolf,AKRacing,42784,ファブリック（布地）,オフィスチェアカスタム型,最大180°（フルフラット）,合金鋼フレーム,なし,,,
chair-akr-8e6nzw,ゲーミングチェア Wolf ホワイト ファブリック リクライニング エルゴノミクス JIS規格 5年保証,ファブリック・180°・Wolf,AKRacing,42784,ファブリック（布地）,オフィスチェアカスタム型,最大180°（フルフラット）,合金鋼フレーム,なし,,,
chair-akr-943plq,ゲーミングチェア Pro-X V2 Dragons 中日ドラゴンズ,"AKRacing  Dragons 中日ドラゴンズ 高耐久PUレザー リクライニング
ゲーミングチェア 180度リクライニング アームレスト 最大荷重150kg ランバーサポート ヘッドレスト 疲労軽減",AKRacing,60450,PUレザー,ハイバック幅55cm,最大180°（フルフラット）,合金鋼製,なし,W: 65cm × D: 65cm × H: 127cm,,
chair-akr-9q5kq1,ファシリティチェア MJ Grey 日本プロ麻雀連盟モデル,"AKRacing ファシリティチェア MJ Grey 日本プロ麻雀連盟モデル グレー 高耐久PUレザーリクライニング
ゲーミングチェア 最大荷重150kg ランバーサポート ヘッドレスト 疲労軽減",AKRacing,74052,PUレザー,ローバック幅50cm,最大135°,合金鋼製,なし,W: 65cm × D: 65cm × H: 127cm,,
chair-akr-bpcz8r,ゲーミングチェア Overture レッド,AKRacing 高耐久PUレザー リクライニング エルゴノミクス JIS規格 5年保証180度リクライニング アームレスト 最大荷重150kg ランバーサポート ヘッドレスト 疲労軽減,AKRacing,44809,PUレザー,ハイバック幅58cm,最大180°（フルフラット）,合金鋼製,なし,W: 65cm × D: 65cm × H: 136.5cm,,
chair-akr-bpdbkp,ゲーミングチェア Overture ブラック,AKRacing 高耐久PUレザー リクライニング エルゴノミクス JIS規格 5年保証180度リクライニング アームレスト 最大荷重150kg ランバーサポート ヘッドレスト 疲労軽減,AKRacing,49764,PUレザー,ハイバック幅58cm,最大180°（フルフラット）,合金鋼製,なし,W: 65cm × D: 65cm × H: 136.5cm,,
chair-akr-bpdmcc,ゲーミングチェア Overture ピンク ,AKRacing 高耐久PUレザー リクライニング エルゴノミクス JIS規格 5年保証180度リクライニング アームレスト 最大荷重150kg ランバーサポート ヘッドレスト 疲労軽減,AKRacing,50303,PUレザー,ハイバック幅58cm,最大180°（フルフラット）,合金鋼製,なし,W: 65cm × D: 65cm × H: 136.5cm,,
chair-akr-bpdvpg,ゲーミングチェア Overture ホワイト,AKRacing 高耐久PUレザー リクライニング エルゴノミクス JIS規格 5年保証180度リクライニング アームレスト 最大荷重150kg ランバーサポート ヘッドレスト 疲労軽減,AKRacing,49764,PUレザー,ハイバック幅58cm,最大180°（フルフラット）,合金鋼製,なし,W: 65cm × D: 65cm × H: 136.5cm,,
chair-akr-dry84q,ゲーミングチェア Pro-X V2 Lions 埼玉西武ライオンズ,"Lions 埼玉西武ライオンズ 高耐久PUレザー リクライニング
ゲーミングチェア 180度リクライニング アームレスト 最大荷重150kg ランバーサポート ヘッドレスト 疲労軽減",AKRacing,59800,PUレザー,ハイバック幅55cm,最大180°（フルフラット）,合金鋼製,なし,W: 65cm × D: 65cm × H: 134cm,,
chair-akr-f8n2vl,ゲーミングチェア Overture ブルー 高耐久PUレザー リクライニング エルゴノミクス JIS規格 5年保証,AKRacing 高耐久PUレザー リクライニング エルゴノミクス JIS規格 5年保証180度リクライニング アームレスト 最大荷重150kg ランバーサポート ヘッドレスト 疲労軽減,AKRacing,49764,PUレザー,ハイバック幅58cm,最大180°（フルフラット）,合金鋼製,なし,W: 65cm × D: 65cm × H: 136.5cm,,
chair-akr-fdqh3y,オフィスチェア Pro-X JP レッド 国産高耐久PUレザーリクライニング エルゴノミクス JIS規格 5年保証,国産高耐久PUレザー・180°・Pro-X JP,AKRacing,79800,PUレザー（合成皮革）,オフィスチェアカスタム型,最大180°（フルフラット）,合金鋼フレーム,なし,,,
chair-akr-fg7k3x,オフィスチェア Pro-X JP ブルー 国産高耐久PUレザーリクライニング エルゴノミクス JIS規格 5年保証,国産高耐久PUレザー・180°・Pro-X JP,AKRacing,79800,PUレザー（合成皮革）,オフィスチェアカスタム型,最大180°（フルフラット）,合金鋼フレーム,なし,,,
chair-akr-j8qmmt,ゲーミングチェア Wolf,ファブリック リクライニング エルゴノミクス JIS規格 5年保証180度リクライニング アームレスト 最大荷重150kg ランバーサポート ヘッドレスト 疲労軽減,AKRacing,45253,ファブリック・PUレザー,クイーンアンバック幅52cm,最大180°（フルフラット）,合金鋼製,なし,W: 65cm × D: 65cm × H: 124cm,,
chair-akr-js8f4l,ゲーミングチェア Pro-X V2 ," 高耐久PUレザーリクライニング エルゴノミクス JIS規格 5年保証
180度リクライニング 4Dアームレスト 最大荷重150kg ランバーサポート ヘッドレスト 疲労軽減",AKRacing,58383,PUレザー,クイーンアンバック幅55cm,最大180°（フルフラット）,合金鋼製,なし,,,
chair-akr-jsftvn,AKRacing Nitro V2 グリーン," 高耐久PUレザー リクライニング エルゴノミクス JIS規格 5年保証
180度リクライニング アームレスト 最大荷重150kg ランバーサポート ヘッドレスト 疲労軽減",AKRacing,48283,PUレザー,クイーンアンバック幅54cm,最大180°（フルフラット）,合金鋼製,なし,W: 65cm × D: 65cm × H: 125cm,,
chair-akr-jstpsk,AKRacing Nitro V2 オレンジ," 高耐久PUレザー リクライニング エルゴノミクス JIS規格 5年保証
180度リクライニング アームレスト 最大荷重150kg ランバーサポート ヘッドレスト 疲労軽減",AKRacing,48283,PUレザー,クイーンアンバック幅54cm,最大180°（フルフラット）,合金鋼製,なし,W: 65cm × D: 65cm × H: 125cm,,
chair-akr-jt5bnj,AKRacing Pro-X V2 レッド,"AKRacing ゲーミングチェア Pro-X V2 レッド 高耐久PUレザー リクライニング エルゴノミクス JIS規格 5年保証
180度リクライニング 4Dアームレスト 最大荷重150kg ランバーサポート ヘッドレスト 疲労軽減",AKRacing,58383,PUレザー,クイーンアンバック幅55cm,最大180°（フルフラット）,合金鋼製,なし,W: 65cm × D: 65cm × H: 134cm,,
chair-akr-jtcgzr,AKRacing Pro-X V2 ブルー,"AKRacing ゲーミングチェア Pro-X V2 ブルー 高耐久PUレザー リクライニング エルゴノミクス JIS規格 5年保証
180度リクライニング 4Dアームレスト 最大荷重150kg ランバーサポート ヘッドレスト 疲労軽減",AKRacing,58384,PUレザー,クイーンアンバック幅55cm,最大180°（フルフラット）,合金鋼製,なし,W: 65cm × D: 65cm × H: 134cm,,
chair-akr-jtj394,AKRacing ゲーミングチェア Nitro V2 レッド,レッド 高耐久PUレザー リクライニング エルゴノミクス JIS規格 5年保証180度リクライニング アームレスト 最大荷重150kg ランバーサポート ヘッドレスト 疲労軽減,AKRacing,48283,PUレザー,クイーンアンバック幅54cm,最大180°（フルフラット）,合金鋼製,なし,W: 65cm × D: 65cm × H: 125cm,,
chair-akr-jtt1gm,AKRacing Pro-X V2 グレー,グレー 高耐久PUレザー リクライニング エルゴノミクス JIS規格 5年保証180度リクライニング 4Dアームレスト 最大荷重150kg ランバーサポート ヘッドレスト 疲労軽減,AKRacing,58384,PUレザー,クイーンアンバック幅55cm,最大180°（フルフラット）,合金鋼製,なし,W: 65cm × D: 65cm × H: 134cm,,
chair-akr-jtzjb3,AKRacing ゲーミングチェア Nitro V2 ブルー," 高耐久PUレザー リクライニング エルゴノミクス JIS規格 5年保証
180度リクライニング アームレスト 最大荷重150kg ランバーサポート ヘッドレスト 疲労軽減",AKRacing,48283,PUレザー,クイーンアンバック幅54cm,最大180°（フルフラット）,合金鋼製,なし,W: 65cm × D: 65cm × H: 125cm,,
chair-akr-jtzjb4,AKRacing ゲーミングチェア Nitro V2 ホワイト," 高耐久PUレザー リクライニング エルゴノミクス JIS規格 5年保証
180度リクライニング アームレスト 最大荷重150kg ランバーサポート ヘッドレスト 疲労軽減",AKRacing,48283,PUレザー,クイーンアンバック幅54cm,最大180°（フルフラット）,合金鋼製,なし,W: 65cm × D: 65cm × H: 125cm,,
chair-akr-llt6fc,AKRacing ゲーミングチェア 阪神タイガースチェア,"阪神タイガースチェア 高耐久PUレザー リクライニング
ゲーミングチェア 180度リクライニング アームレスト 最大荷重150kg ランバーサポート ヘッドレスト 疲労軽減",AKRacing,69838,PUレザー,ハイバック幅56cm,最大180°（フルフラット）,合金鋼製,なし,W: 70cm × D: 70cm × H: 133cm,,
chair-akr-lq86pl,AKRacing ゲーミングチェア FC東京2024,FC東京2024 PVCレザーリクライニング Jリーグゲーミングチェア 180度リクライニング アームレスト 最大荷重150kg ランバーサポート ヘッドレスト 疲労軽減,AKRacing,59800,PVCレザー,ハイバック幅58cm,最大180°（フルフラット）,合金鋼製,なし,W: 65cm × D: 65cm × H: 134cm,,
chair-akr-np6cnx,AKRacing ゲーミングチェア サッカー日本代表ver,"サッカー日本代表ver. 高耐久PUレザーリクライニング
ゲーミングチェア 180度リクライニング アームレスト 最大荷重150kg ランバーサポート ヘッドレスト 疲労軽減",AKRacing,55355,PUレザー,ハイバック幅58cm,最大180°（フルフラット）,合金鋼製,なし,W: 65cm × D: 65cm × H: 134cm,,
chair-akr-p8rj6j,AKRacing 本田翼監修 ゲーミングチェア,"本田翼 監修オリジナルカラーモデル 高耐久PUレザーリクライニング エルゴノミクス JIS規格
ゲーミングチェア 150度リクライニング アームレスト 最大荷重150kg ランバーサポート ヘッドレスト 疲労軽減",AKRacing,50303,高耐久PUレザー,クイーンアンバック幅52.5cm,最大150°,合金鋼製,なし,W: 65cm × D: 65cm × H: 124cm,,
chair-akr-qhnk83,ゲーミングチェア Pro-X V2 Giants 読売ジャイアンツ,"Giants 読売ジャイアンツ 高耐久PUレザーリクライニング 1年保証
ゲーミングチェア 180度リクライニング アームレスト 最大荷重150kg ランバーサポート ヘッドレスト 疲労軽減",AKRacing,60400,PUレザー,ハイバック幅55cm,最大180°（フルフラット）,合金鋼製,なし,W: 65cm × D: 65cm × H: 134cm,,
chair-akr-qk77yh,AKRacing 遊戯施設向け高耐久チェア MJ Grey,ァシリティチェア ゲーミングチェア デスクチェア 勉強椅子 学習椅子 グレイ 灰 MJ 高耐久PUレザー 135度リクライニング 在宅 リモート,AKRacing,69102,高耐久PUレザー,ローバック幅50cm,最大135°,合金鋼製,なし,W: 65cm × D: 65cm × H: 127cm,,
chair-akr-qltd5g,ゲーミングチェア 東京ヤクルトスワローズチェア,"高耐久PUレザーリクライニング
ゲーミングチェア 180度リクライニング アームレスト 最大荷重150kg ランバーサポート ヘッドレスト 疲労軽減",AKRacing,55354,PUレザー,コンティニュアスバック幅58cm,最大180°（フルフラット）,合金鋼製,なし,W: 65cm × D: 65cm × H: 134cm,,
chair-akr-r8696c,AKRacing オフィスチェア Premium シルバー,"高耐久PUレザー リクライニング エルゴノミクス JIS規格 5年保証
ゲーミングチェア 180度リクライニング 4Dアームレスト 最大荷重150kg ストッパー付き ランバーサポート ヘッドレスト 疲労軽減",AKRacing,70500,高耐久PUレザー,クイーンアンバック幅58cm,最大180°（フルフラット）,合金鋼製,なし,W: 65cm × D: 65cm × H: 129.5cm,,
chair-akr-r8dpj5,AKRacing オフィスチェア Premium レイブン,"高耐久PUレザー リクライニング エルゴノミクス JIS規格 5年保証
ゲーミングチェア 180度リクライニング 4Dアームレスト 最大荷重150kg ストッパー付き ランバーサポート ヘッドレスト 疲労軽減",AKRacing,70500,高耐久PUレザー,クイーンアンバック幅58cm,最大180°（フルフラット）,合金鋼製,なし,W: 65cm × D: 65cm × H: 129.5cm,,
chair-akr-r8gzr9,AKRacing オフィスチェア Premium ブラック,"高耐久PUレザー リクライニング エルゴノミクス JIS規格 5年保証
ゲーミングチェア 180度リクライニング 4Dアームレスト 最大荷重150kg ストッパー付き ランバーサポート ヘッドレスト 疲労軽減",AKRacing,70500,高耐久PUレザー,クイーンアンバック幅58cm,最大180°（フルフラット）,合金鋼製,なし,W: 65cm × D: 65cm × H: 129.5cm,,
chair-akr-rb9wj3,AKRacing ゲーミング座椅子 極坐 V2,"グレー 高耐久PUレザーリクライニング 5年保証
180度リクライニング アームレスト ランバーサポート ヘッドレスト 疲労軽減",AKRacing,43009,PUレザー,クイーンアンバック幅54cm,最大180°（フルフラット）,合金鋼製,なし,W: 60cm × D: 60cm × H: 96cm,,
chair-akr-rc4jhr,AKRacing ゲーミング座椅子 極坐 V2,"レッド 高耐久PUレザー リクライニング 5年保証
180度リクライニング アームレスト ランバーサポート ヘッドレスト 疲労軽減",AKRacing,48284,高耐久PUレザー,座椅子タイプ幅60cm,最大180°（フルフラット）,合金鋼製,なし,W: 60cm × D: 60cm × H: 96cm,,
chair-akr-rc4jhs,AKRacing ゲーミング座椅子 極坐 V2,"ブルー 高耐久PUレザー リクライニング 5年保証
180度リクライニング アームレスト ランバーサポート ヘッドレスト 疲労軽減",AKRacing,48278,高耐久PUレザー,座椅子タイプ幅60cm,最大180°（フルフラット）,合金鋼製,なし,W: 60cm × D: 60cm × H: 96cm,,
chair-akr-snmzvn,Faura ブラウン,"ブラウン スエード調ファブリックリクライニング エルゴノミクス JIS規格 5年保証
ゲーミングチェア 180度リクライニング アームレスト 最大荷重150kg ランバーサポート ヘッドレスト 疲労軽減",AKRacing,59800,ファブリック（布地）,ハイバック幅56cm,最大180°（フルフラット）,合金鋼製,なし,W: 69.5cm × D: 66cm × H: 124cm,,
chair-akr-srlv6p,Faura ダークネイビー,"ダークメイビー スエード調ファブリックリクライニング エルゴノミクス JIS規格 5年保証
ゲーミングチェア 180度リクライニング アームレスト 最大荷重150kg ランバーサポート ヘッドレスト 疲労軽減",AKRacing,60405,ファブリック（布地）,ハイバック幅56cm,最大180°（フルフラット）,合金鋼製,なし,W: 69.5cm × D: 66cm × H: 124cm,,
chair-akr-t7gkqs,Faura ベージュ,"ベージュ スエード調ファブリックリクライニング エルゴノミクス JIS規格 5年保証
ゲーミングチェア 180度リクライニング アームレスト 最大荷重150kg ランバーサポート ヘッドレスト 疲労軽減",AKRacing,59800,ファブリック（布地）,ハイバック幅56cm,最大180°（フルフラット）,合金鋼製,なし,W: 69.5cm × D: 66cm × H: 124cm,,
chair-akr-tgc45r,Faura インディゴ,"インディゴ　スエード調ファブリックリクライニング エルゴノミクス JIS規格 5年保証
ゲーミングチェア 180度リクライニング アームレスト 最大荷重150kg ランバーサポート ヘッドレスト 疲労軽減",AKRacing,59800,ファブリック（布地）,ハイバック幅56cm,最大180°（フルフラット）,合金鋼製,なし,W: 69.5cm × D: 66cm × H: 124cm,,
chair-akr-vtm8wm,エーケーレーシング AKRacingゲーミングチェア FC東京 2024 デスクチェア PVCレザー 180度リクライニング 在宅 リモート Jリーグ,PVCレザー・180°・FC東京,AKRacing,59800,PUレザー（合成皮革）,バケットシート型（ハイバック）,最大180°（フルフラット）,合金鋼フレーム,なし,,,
chair-akr-wbk2y9,AKRacing Pro-X V2 オレンジ,"オレンジ 高耐久PUレザー リクライニング エルゴノミクス JIS規格 5年保証
180度リクライニング 4Dアームレスト 最大荷重150kg ランバーサポート ヘッドレスト 疲労軽減",AKRacing,58384,高耐久PUレザー,ハイバック幅55cm,最大180°（フルフラット）,合金鋼製,なし,W: 65cm × D: 65cm × H: 134cm,,
chair-akr-wdqmz1,AKRacing 極坐 デニム,"国産デニム素材リクライニング エルゴノミクス JIS規格 5年保証
極座 岡山県産デニム 180度リクライニング アームレスト 最大荷重150kg ランバーサポート ヘッドレスト 疲労軽減",AKRacing,75556,デニム,座椅子タイプ幅60cm,最大180°（フルフラット）,合金鋼製,なし,W: 60cm × D: 60cm × H: 96cm,,
chair-akr-wfp8xv,Premium Denim 国産デニム素材,"国産デニム素材リクライニング エルゴノミクス JIS規格 5年保証
ゲーミングチェア 岡山県産デニム 180度リクライニング 4Dアームレスト 最大荷重150kg ランバーサポート ヘッドレスト 疲労軽減",AKRacing,80606,デニム,クイーンアンバック幅60cm,最大180°（フルフラット）,合金鋼製,なし,W: 66cm × D: 66cm × H: 137cm,,
chair-akr-zc81rv,ゲーミングチェア Overture パープル,"パープル 高耐久PUレザー リクライニング エルゴノミクス JIS規格 5年保証
180度リクライニング アームレスト 最大荷重150kg ランバーサポート ヘッドレスト 疲労軽減",AKRacing,49764,高耐久PUレザー,ハイバック幅52cm,最大180°（フルフラット）,合金鋼製,なし,W: 65cm × D: 65cm × H: 129cm,,
chair-akr-zxq6b7,ゲーミングチェア Overture イエロー,"パープル 高耐久PUレザー リクライニング エルゴノミクス JIS規格 5年保証
180度リクライニング アームレスト 最大荷重150kg ランバーサポート ヘッドレスト 疲労軽減",AKRacing,49764,高耐久PUレザー,ハイバック幅52cm,最大180°（フルフラット）,合金鋼製,なし,W: 65cm × D: 65cm × H: 129cm,,
chair-bs-001,GXTRACE ファブリック オフィスチェア,オフィスチェア 蒸れない 椅子 デスクチェア オットマン付き 145°リクライニング ゲームチェア 快適デスクチェア 在宅ワーク ゲーム用 ブラック,GXTRACE,16308,ファブリック（布地）,ハイバック幅60cm,最大145°,合金鋼製,あり,W: 65cm × D: 65cm × H: 129cm,,
chair-bs-003,GTPLAYER ゲーミングチェア GT800A, ファブリック 通気性 オフィスチェア デスクチェア PCチェア 椅子 腰痛対策 内蔵式ポケットコイル 【統合ランバーサポート】 キルティング技術 オットマン付き 厚手の背もたれ ソファー座り心地 リクライニング ゲーム用 テレワーク 疲れない,GTPLAYER,18300,ファブリック（布地）,ハイバック幅53cm,最大135°,合金鋼製,あり,W: 50cm × D: 50cm × H: 130cm,,
chair-bs-005,Eeasky ゲーミングチェア,座り心地良いデスクチェア オフィスチェア 椅子 テレワーク 社長椅子 伸縮可能のオットマン 高さ調節機能(ホワイト),Eeasky,22580,PUレザー,ハイバック幅42cm,最大135°,合金鋼製,あり,W: 60cm × D: 50cm × H: 119cm,,
chair-bs-006,Dowinx ゲーミングチェア,"ファブリック オフィスチェア デスクチェア 椅子 昇降連動アームレスト 145°リクライニング 手刺繍 グレージュ
昇降連動アームレストで高さと角度を調節、手刺繍キルティングのファブリック、ポケットコイル入りの肉厚座面、通気性、傷に強い生地と頑丈な合成鋼フレーム、座面の高さ調節可能",Dowinx,16850,ファブリック（布地）,ハイバック幅52cm,最大145°,合金鋼製,あり,,,
chair-bs-009,GXTRACE ゲーミングチェア,ゲームチェア オットマン付き オフィスチェア 人間工学 １６５度 リクライニング ハイバック テレワーク 椅子 PCチェア (White),GXTRACE,18216,PUレザー,ハイバック幅55cm,最大165°,合金鋼製,あり,W: 62cm × D: 62cm × H: 135cm,,
chair-bs-010,NewBoy ゲーミングチェア ,オフィスチェア オットマン オフィス ゲーム用 リクライニング デスク/パソコンチェア 疲れない 椅子 テレワーク (黒と白),NewBoy,10980,PUレザー,ハイバック幅60cm,最大135°,-,あり,W: 60cm × D: 50cm × H: 129cm,,
chair-bs-011,HERCULES ゲーミングチェア ファブリック,ファブリック リクライニング ゲームチェア オットマン付き ベルベット ソファーの座り心地 通気性 pcチェア 人間工学 オフィスチェア デスクチェア ヘッドレスト&ランバーサポート 連動式アームレスト（ブラック）,HERCULES,12980,ファブリック（布地）,ウイングバック幅54cm,最大130°,合金鋼製,あり,W: 60cm × D: 60cm × H: 124.5cm,,
chair-bs-012,RXGAMING ゲーミングチェア,テレワーク 疲れない ファブリック デスクチェア オットマン付き ゲーム用チェア145°リクライニング パソコンチェア 座り心地よい テレワーク 収納便利 ブラック,RXGAMING,12889,ポリウレタン,ウイングバック幅50cm,最大145°,合金鋼製,あり,,,
chair-bs-013,GTPLAYER GTR510-BLACK,上品な型押しデザイン ポケットコイル内蔵腰当て 腰が痛くならない 椅子 150度リクライニング 昇降アームレスト 上質なPUレザー 蒸れない ソファーの座り心地 【肉厚クッション 安心の非再生ウレタン採用】テレワーク 社長椅子 リクライニング 広い座面,GTPLAYER,23505,PUレザー,ハイバック幅53cm,最大150°,合金鋼製,あり,W: 64cm × D: 64cm × H: 120.4cm,,
chair-bs-014,ilooiloo 2026プレミアム版 エグゼクティブオフィスチェア,ilooiloo公式 一年保証付き 2026プレミアム版 170度フルリクライニング & ポケットコイル内蔵 ゲーミングチェア エグゼクティブオフィスチェア 社長椅子170度フルリクライニング & ポケットコイル内蔵 伸縮オットマン付 耐久素材採用 デスクチェア 寝れる椅子 (BLACK),ilooiloo,29850,PUレザー,ハイバック幅70cm,最大170°,合金鋼製,あり,W: 70cm × D: 72cm × H: 117cm,,
chair-bs-015,NIONIK ゲーミングチェア ファブリック,ファブリック 幅広座面 オフィスチェア デスクチェア テレワーク 疲れない オットマン付き 椅子 140°リクライニング 人間工学 げーみんくチェア 通気性 座り心地よい ゲームチェア 連動アームレスト ハイバック 波模様の刺繍 （ブラック&ホワイト）,NIONIK,9900,ファブリック（布地）,リクライニングバック幅45.5cm,最大140°,合金鋼製,あり,W: 63cm × D: 52cm × H: 130.5cm,,
chair-bs-016,NIONIK ゲーミングチェア　座椅子,ファブリック・リクライニング・オットマン付き,NIONIK,16980,PUレザー,座椅子タイプ幅58cm,最大180°（フルフラット）,炭素鋼,あり,W: 52cm × D: 55cm × H: 95cm,,
chair-bs-017,Dowinx 猫耳ゲーミングチェア,"肉球クッション ねこ顔刺繍 145°リクライニング オットマン 連動アームレスト ファブリック ブルー＆ホワイト
猫耳デザイン/肉厚クッション/145°リクライニング/連動アームレスト/静音キャスター/ねこ顔刺繍/鈴とリボンをあしらい/通気性に配慮したファブリック/スプリング座面/引き出し式オットマン",Dowinx,21050,ファブリック（布地）,ハイバック幅50cm,最大145°,合金鋼製,あり,W: 60cm × D: 60cm × H: 122cm,,
chair-bs-018,Dowinx ゲーミングチェア社長椅子,"社長椅子 ファブリック 155度リクライニング 昇降式肘掛け ナイトブラック
昇降式肘掛け、ハイバックが身体を包み込むようにサポート、コイルスプリング入りの肉厚座面、通気性ファブリック、155度リクライニング対応、座面の高さ調節可能",Dowinx,24980,ファブリック（布地）,ハイバック幅52cm,最大155°,合金鋼製,あり,W: 55cm × D: 55cm × H: 133cm,,
chair-bs-019,Dowinx ゲーミングチェア LS-6668B-04,"ファブリック 170°リクライニング 4Dアームレスト 【ポケットコイル＋竹炭素材】 オットマン付き ブラック
20°ロッキング/360°回転/抗菌・消臭・防污・撥水材料/ナイロン五本足/デスクチェア/静音キャスター",Dowinx,21800,ファブリック（布地）,ソリッドバッグ幅58cm,最大170°,合金鋼製,あり,W: 68cm × D: 68cm × H: 136cm,,
chair-bs-020,iLooiLoo Royal-Titan オフィスチェア,2026年 耐久性向上 素材 オフィスチェア ゲーミングチェア デスクチェア （Camel Brown） ポケットコイル搭載 PUレザー リクライニングチェア ゲーミング 社長椅子 伸縮オットマン付き 連動式アームレスト,iLooiLoo,18250,PUレザー,ハイバック幅59cm,最大135°,-,あり,W: 61cm × D: 61cm × H: 112cm,,
chair-bs-021,GT905-Black,GTPLAYER ゲーミングチェア ファブリック デスクチェア 人間工学設計 腰痛対策 ポケットコイル 90°～150°リクライニング [一体式オットマン付き] 連動式アームレスト 蒸れない 高背もたれ ヘッドレスト&ランバーサポート 通気性メッシュ 高耐久性,GTPLAYER,17800,ファブリック（布地）,ウイングバック幅47cm,最大150°,合金鋼製,あり,W: 66cm × D: 66cm × H: 135cm,,
chair-bs-022,GXTRACE ゲーミングチェア,"オフィスチェア デスクチェア ホワイト＆ブラック
幅広座面, オットマン付き, 145度リクライニング, 通気性, 快適な座り心地, ファブリック素材",GXTRACE,13789,ファブリック（布地）,-,最大145°,合金鋼製,あり,W: 62cm × D: 62cm × H: 135cm,,
chair-bs-023,HLFURNITURE ゲーミングチェア,"オットマン付き 高級PU gaming chair 135°リクライニング PCチェア
オフィスチェア 多機能で高さ調節可能な椅子 付き腰部サポートと静音キャスターを装備",HLFURNITURE,8537,PUレザー,ハイバック幅70cm,最大135°,-,あり,,,
chair-bs-026,HLDIRECT ゲーミングチェア,人間工学的コンピューターオフィスチェア ランバーサポート フットレスト ヘッドレスト 高さ調整＆背もたせ角度調整 ビデオゲーマーチェア PUレザー 360°回転 大人用 (ブラック＆ブルー),HLDIRECT,30076,PUレザー,ハイバック幅53cm,最大135°,合金鋼製,あり,,,
chair-bs-027,JK08,JKOOK ゲーミングチェア オットマン付き 多機能 連動ひじ掛け ゲーム用 デスクチェア 男女兼用 学習椅子 PUレザー JK08 (水色),JKOOK,14980,PUレザー,ハイバック幅53cm,最大135°,合金鋼製,あり,W: 63cm •奥行き：54cm •高さ：120cm × D: 54cm •高さ：120cm × H: 120cm,,
chair-bs-029,RXGAMING ゲーミングチェア,ゲーミングチェア オフィスチェア イス 椅子 テレワーク広座面 デスクチェア オットマン付き ゲーム用チェア145°リクライニング テレワーク パソコンチェア 座り心地よい 収納便利 (Grey),RXGAMING,15980,PUレザー,ソリッドバッグ幅53cm,最大145°,合金鋼製,あり,W: 50cm × D: 54cm × H: 120cm,,
chair-bs-030,GTPLAYER ゲーミング座椅子,【3年保証付き】GTPLAYER ゲーミングチェア ゲーミング座椅子 ファブリック ゲームチェア デスクチェア 360°回転座椅子 ポケットコイルが内蔵 連動アームレスト 165°リクライニングチェア ランバーサポートハイバック 蒸れない 腰が痛くならない テレワーク (GRAY),GTPLAYER,15980,ファブリック（布地）,座椅子タイプ,最大165°,合金鋼製,なし,W: 30cm × D: 40cm × H: 30cm,,
chair-bs-051,NIONIK ゲーミングチェア,オットマン付き 幅広座面 オフェスチェア 連動ひじ掛け ハイバック gaming chair ゲーム用 チェア 多機能 135°リクライニング PCゲーミングチェア 静音キャスター 高さ調節でき パソコンチェア 勉強椅子 座り心地よい PUレザー 簡単組み立て(グレー),NIONIK,12980,PUレザー,ハイバック幅54cm,最大135°,合金鋼製,あり,W: 63cm × D: 53cm × H: 130cm,,
chair-bs-052,SeekFun ゲーミングチェア LX-19SW,"ゲーミング座椅子 360°回転 腰痛対策 ハイバック ヘッドレスト デスクチェア ランバーサポート ひじ掛け付き 150°リクライニング チェア LX-19SW (ファブリック, ダークグレー)",SeekFun,19750,ファブリック（布地）,座椅子タイプ幅53cm,最大150°,合金鋼製,なし,W: 53cm × D: 52cm × H: 92cm,,
chair-bs-053,Wisteriaゲーミングチェア ファブリック,"ファブリック オットマン付 デスクチェア (ブラック, 高身長シリンダー)",Wisteria,42000,ファブリック（布地）,ハイバック幅56cm,-,合金鋼製,あり,W: 69cm × D: 64cm × H: 115cm,,
chair-bs-056,Dowinx ゲーミングチェア,"165°リクライニング オットマン付き デスクチェア 可動アームレスト テレワーク向け レザー ホワイト
15°ロッキング/座面昇降/360°回転/静音キャスター/ポケットコイル内蔵座面/デスクチェア/引き出し式オットマン",Dowinx,17300,PUレザー,ハイバック幅54.5cm,最大165°,合金鋼製,あり,W: 70cm × D: 53cm × H: 135cm,,
chair-bs-057,回転ゲーミング座椅子 165°リクライニング 連動アームレスト スプリング座面 ハイバック PU,"165°リクライニング 連動アームレスト スプリング座面 ハイバック PUレザー レトロ調 リビング向け グレー
360°回転・165°リクライニング・連動アームレスト・スプリング座面・ハイバック。レトロ調PUレザーとランバークッションを組み合わせ",Dowinx,21800,PUレザー,座椅子タイプ幅55cm,最大165°,合金鋼製,なし,W: 55cm × D: 55cm × H: 93cm,,
chair-bs-059,CHAIRKER ゲーミングチェア,人間工学に基づいたチェア、オフィスチェア、ゲーミング、ランバーサポート付き高さ調節可能な、135°チルトロック、eスポーツゲーム、リモートホームオフィス、勉強に最適 (グレー),CHAIRKER,21800,PUレザー,ハイバック幅55cm,最大165°,合金鋼製,なし,W: 55cm × D: 55cm × H: 93cm,,
chair-bs-060,GTPLAYER ゲーミングチェア,pcチェア 椅子 テレワーク 145°リクライニング オットマン付き ゲームチェア ハイバック ランバーサポート ポケットコイルが内蔵 PUレザー (WHITE),GTPLAYER,18400,PUレザー,ハイバック幅53cm,最大145°,合金鋼製,あり,W: 53cm × D: 73cm × H: 128cm,,
chair-bs-062,SeekFun ゲーミングチェア LX-08SW,"ゲーミング座椅子 腰が痛くならない 360°回転 ポケットコイルが内蔵 デスクチェア ランバーサポート ひじ掛け付き 150°リクライニングチェア LX-08SW (PUレザー, グレー)",SeekFun,18750,PUレザー,座椅子タイプ幅50cm,最大150°,合金鋼製,なし,W: 52cm × D: 53cm × H: 79cm,,
chair-bs-063,GTPLAYER ゲーミングチェア ベロア生地 GT907,ベロア生地 デスクチェア オフィスチェア 椅子 【アップグレードされたオットマン+カーボン調アームレスト】 【ランバーサポート「ハグするような（デザイン）、腰を優しく包み込む」】 あぐら ゲーム用チェア リクライニング,GTPLAYER,21180,ベロア生地,ハイバック幅51cm,最大150°,合金鋼製,あり,W: 20cm × D: 65cm × H: 50cm,,
chair-bs-065,Eeasky ゲーミングチェア ニットファブリック,広々座面 ニットファブリック＆低反発クッション｜135°リクライニング＆ランバーサポート｜180kg耐荷重 デスクチェア オフィスチェア 在宅勤務 社長椅子 (シェニール生地ダークグレー),Eeasky,24980,ニットファブリック,ハイバック幅51cm,最大135°,合金鋼製,あり,W: 73cm × D: 52cm × H: 124cm,,
chair-bs-066,Localive ゲーミングチェア 170度リクライニング,58cm 広幅座面 人間工学設計 オフィスチェア 3D アームレスト 厚手クッション 広座面 腰痛対策 PU レザー (ブラック) gaming chair 社長椅子,Localive,23649,PUレザー,ハイバック,最大170°,-,あり,W: 80cm × D: 82cm × H: 126cm,,
chair-bs-067,ZJXKWIN ゲーミングチェア ファブリック,ファブリック 通気性 蒸れない 肌に優しい 人間工学 腰痛対策 135°リクライニング テレワーク オフィスチェア デスクチェア 座り心地よい ポケットコイル オットマン付き 幅広座面 連動式アームレスト ゲーミングチェアグレー,ZJXKWIN,15980,ファブリック（布地）,ハイバック幅66cm,最大135°,-,あり,W: 66cm × D: 66cm × H: 120cm,,
chair-bs-069,GTPLAYER GTP6002-WHITE,PUレザー かっこいい オフィスチェア デスクチェア 椅子 ポケットコイルが内蔵 テレワーク 連動式アームレスト 145°リクライニング 幅広い座面 オットマン ゲームチェア 白 ハイバック ランバーサポート 四季適用,GTPLAYER,18900,PUレザー,ハイバック幅58cm,最大145°,合金鋼製,あり,W: 58cm × D: 48cm × H: 129cm,,
chair-bs-071,GTPlayer ゲーミング座椅子,ゲーミング座椅子 回転ゲーム座椅子 ゲームチェア コンパクト 肘掛け付き ソファチェア 無段階跳ね上げ式アームレスト ゲーミング360度回転 ランバーサポート 腰が痛くならない ポケットコイルが内蔵 １０分簡単組み立て 机下収納 省スペース PUレザー 貝殻のデザイン (WHITE),GTPlayer,13540,PUレザー,ハイバック幅,最大155°,-,なし,W: 58cm × D: 58cm × H: 38cm,,
chair-bs-072,Symino ゲーミングチェア,上質スエード素材 ポケットコイル内蔵 オットマン付 155度リクライニング オフィスチェア 社長椅子 人間工学設計 ソファーの座り心地 なめらかな肌触り 通気性 肉厚クッション ワイド座面 昇降アームレスト,Symino,22800,ファブリック（布地）,ハイバック幅67cm,最大155°,合金鋼製,あり,W: 67cm × D: 54cm × H: 116cm,,
chair-bs-073,VIGOSIT 猫耳ゲーミングチェア,（フットレスト付き） - 調節可能な腰部サポート、耐荷重140kg。取り外し可能な可愛い猫耳、綿詰めの人間工学設計PCチェア、女の子/ティーン向け（ブラックピンクモデル）,VIGOSIT,20980,PUレザー,ハイバック幅53cm,最大155°,合金鋼製,あり,W: 53cm × D: 45cm × H: 104cm,,
chair-bs-075,HLDIRECT ゲーミングチェア,"ファブリック オフィスチェア フットレスト付き 135°リクライニング 連動式アームレスト 腰サポート ブラック
S字ハイバック×通気性ファブリックで快適な座り心地。90～135°リクライニング、連動式アームレスト、内蔵フットレスト、高さ調節に対応",HLDIRECT,11989,ファブリック（布地）,ハイバック幅72cm,最大135°,合金鋼製,あり,W: 72cm × D: 72cm × H: 129cm,,
chair-bs-076,AGRelux 極 ゲーミングチェア,あぐら対応 ソファチェア オフィスチェア 肉厚14cmクッション 150度リクライニング 2D八の字アーム オットマン付き PUレザー ブラック,AGRelux,39800,PUレザー,ソリッドバック幅80cm,最大150°,合金鋼製,あり,W: 80cm × D: 81cm × H: 118cm,,
chair-bs-077,SUKIDA ファブリック オフィスチェア 通気性 蒸れない デスクチェア テレワーク,ファブリック・135°リクライニング,SUKIDA,9333,ファブリック（布地）,ハイバック,最大135°,-,なし,W: 60cm × D: 60cm × H: 113cm,4,1
chair-bs-078,PUPOFA ゲーミングチェア YG-06,ランバーサポート PUレザー 高さ調節 疲れにくい テレワーク 在宅勤務 ゲーム用 PCチェア,PUPOFA,10980,PUレザー,ハイバック幅60cm,最大140°,-,なし,W: 60cm × D: 60cm × H: 113cm,4.1,12
chair-nr-001,NidoDegato ゲーミングチェア オットマン付き,"腰枕付き PUレザー ゲーム用チェア 座高47-57CM
アームレスト/座面可昇降 140°リクライニング 3Dヘッドレスト 防水 防汚",NidoDegato,10980,PUレザー,ハイバック幅52cm,最大140°,合金鋼製,あり,W: ） × D: ） × H: ）,3.4,14
chair-nr-003,ファブリック オフィスチェア デスクチェア 通気性 人間工学 145度リクライニング オットマン,ファブリック・リクライニング・オットマン付き,Humergo,8783,ファブリック（布地）,オフィスチェアカスタム型,最大135°,合金鋼フレーム,あり,,,
chair-nr-004,Humergo ゲーミングチェア（350）,ファブリック オフィスチェア デスクチェア 通気性 人間工学 145度リクライニング オットマン付き 改良型フラット座面 胡坐がかける 連動式アームレスト 3Dヘッドレスト ランバーサポート テレワーク パソコンチェア 疲れにくい 360度回転 高さ調整,Humergo,21800,ファブリック（布地）,ハイバック幅52cm,最大145°,合金鋼製,あり,W: 72cm × D: 72cm × H: 122cm,5,4
chair-nr-005,通気性 疲れない 145°リクライニング オットマン付き デスクチェア オフィスチェア ゲームチ,PUレザー・リクライニング・オットマン付き,GTPLAYER,15485,PUレザー（合成皮革）,バケットシート型（ハイバック）,最大145°,合金鋼フレーム,あり,,,
chair-nr-006,135度リクライニング 360度回転 ヘッドレスト ランバーサポート ゲーム用 おしゃれ フロア,リクライニング,PUPOFA,88335,,座椅子タイプ（ローデスク用）,最大135°,合金鋼フレーム,なし,,,
chair-nr-007,Razer Soma Chroma,ワイヤレス Chroma RGB ゲーミングチェア HyperSpeed Wireless Bluetooth LE エルゴノミックランバーサポート USB Type-C対応,Razer,88335,PUレザー,リクライニングバックレスト幅67cm,最大155°,合金鋼製,なし,W: 67cm × D: 71.5cm × H: 125cm,-,-
chair-nr-009,135°フルリクライニング オットマン付き 高級PUレザー 調節可能 ランバーサポート オフィス,PUレザー・リクライニング・オットマン付き,GTBoy,17630,PUレザー（合成皮革）,バケットシート型（ハイバック）,最大135°,合金鋼フレーム,あり,,,
chair-nr-010,Nekkoflo ゲーミングチェア ファブリック ブラック,ファブリック ブラック オットマン付き 140° 無段階リクライニング 連動アームレスト 通気性 蒸れない ポケットコイル内蔵 腰痛対策 ソファー並み座り心地 幅広座面 静音キャスター,Nekkoflo,17630,ファブリック（布地）,ハイバック,最大140°,-,あり,W: 52cm × D: 48cn × H: 81cm,4.7,5
chair-sr-001,HERCULES ゲーミングチェア 高級PUレザー,高級PUレザー 人間工学設計 チェア リクライニング90-130度 フットレスト付き 連動式アームレスト オットマン ヘッド＆腰サポート ブラック,HERCULES,15980,PUレザー,ハイバック,最大130°,合金鋼製,あり,W: 65cm × D: 54cm × H: 123cm,4.1,42
chair-sr-002,HERCULES ゲーミングチェア ベルベット風 ファブリック,130度リクライニング オットマン付き ポケットコイル内蔵 蒸れない ベルベット風 ファブリック 首サポート 腰痛対策 ワイド座面 ソファーの座り心地,HERCULES,15980,ファブリック（布地）,ハイバック,最大130°,合金鋼製,あり,W: 65cm × D: 54cm × H: 123cm,4.2,38
chair-sr-007,GTPLAYER ゲーミングチェア GT002F,リクライニング パソコンチェア ハイバック ヘッドレスト ランバーサポート ひじ掛け付き 高さ調整機能 PUレザー オットマン付き ブルー (GTP002F-BLUE),GTPLAYER,19510,PUレザー,ハイバック幅53cm,最大165°,合金鋼製,あり,W: 67.31cm × D: 51.15cm × H: 132.08cm,4.2,35423
chair-sr-010,GTPLAYER ゲーミングチェア GT002F,ゲーム用チェア リクライニング パソコンチェア ハイバック ヘッドレスト ランバーサポート ひじ掛け付き 高さ調整機能 PUレザー オットマン付き (GTP002F-GRAY),GTPLAYER,19510,PUレザー,ハイバック幅65cm,最大165°,合金鋼製,あり,W: 67.31cm × D: 51.15cm × H: 132.08cm,4.2,35423
chair-sr-013,KTOW PAX4 エルゴノミクスチェア, ゲーミングチェア 人間工学 メッシュ オフィスチェア リクライニング 8Dアームレスト 5Dヘッドレスト オットマン付き 座面広い 150kg耐荷重,KTOW,69900,メッシュ,ハイバック幅71cm,最大150°,アルミニウム,あり,W: 71cm × D: 71cm × H: 110cm,4,9
chair-sr-014,KARNOX ゲーミングチェア PCチェア ハイバック,ハイバック 背もたれ調節可能 人間工学設計 90-155度のリクライニング機能 三角穴付き ゲーミングチェア ファブリック グレー&ブラック,KARNOX,26800,ファブリック（布地）,ハイバック幅50cm,最大155°,合金鋼製,なし,W: 約54cm × D: 約50cm × H: 約131cm,4.2,544
chair-sr-015,PL800-WHITE ゲーミングチェア オットマン付き,オフィスチェア ゲームチェア 145°リクライニング ハイバック ヘッドレスト ひじ掛け ランバーサポート 蒸れない座面 PUレザー 気孔付き皮革,GTPLAYER,18300,PUレザー,ハイバック幅50cm,最大145°,合金鋼製,あり,W: 70cm × D: 70cm × H: 130cm,4.2,15409
chair-sr-016,PUPOFA ゲーミングチェア オットマン付き,高級PUレザー 135°リクライニング 調節可能 ランバーサポート デスク・オフィス・在宅勤務用 (ブラック×レッド),PUPOFA,8999,PUレザー,ハイバック幅60cm,最大135°,合金鋼製,あり,W: 60cm × D: 60cm × H: 113cm,4.1,56
chair-sr-018,SYALEN オフィスチェア SLCH-15,メッシュ デスクチェア 疲れない 椅子 リクライニング ハイバック チェア ランバーサポート キャスター 人間工学 SLCH-15MBK高耐久強化メッシュ(ブラック 無地),SYALEN,44980,メッシュ,ハイバック幅66cm,最大160°,-,あり,W: 66cm × D: 66cm × H: 130cm,4.3,211
chair-sr-019,GT829-GRAY,なめらかなベロア デスクチェア オフィスチェア あぐら 椅子 ゲーム用チェア リクライニング ハイバック テレワーク椅子 PCチェア フットレスト 連動アームレスト ポケットコイル 座面の幅 50cm 四季適用 在宅ワーク 通気性 GT829-GRAY,GTPLAYER,20420,ベロア素材,ハイバック幅45cm,最大155°,-,あり,W: 45cm × D: 50cm × H: 125cm,4.2,3573
chair-sr-020,Dowinx ゲーミングチェア LS-66BG,"ファブリック 155度リクライニング 昇降式肘掛け 卯の花色
昇降式肘掛け、ハイバックが身体を包み込むようにサポート、コイルスプリング入りの肉厚座面、通気性ファブリック、155度リクライニング対応、座面の高さ調節可能、椅子 デスク、pcチェア、gaming chair、B1-06",Dowinx,24980,ファブリック（布地）,ハイバック幅52cm,最大155°,-,あり,W: 52cm × D: 60cm × H: 130.5cm,4.1,1475
chair-sr-021,NIONIK ゲーミングチェア 306（グレー）,オットマン付き 幅広座面 オフィスチェア デスクチェア 通気性 人間工学設計 ハイバック 椅子 座り心地 腰痛対策 gaming chair テレワーク あぐら 135°リクライニング パソコンチェア 高さ調節 連動アームレスト PCチェア ダイア調に蝶の刺繍のデザイン 蒸れない PUレザー 高耐久性 (グレー),NIONIK ,8480,PUレザー,ハイバック幅54cm,最大135°,合金鋼製,あり,W: 64cm × D: 64cm × H: 118cm,3.9,150
chair-sr-023,GTPlayer ゲーミングチェア PL800,オットマン付き デスクチェア オフィスチェア ゲームチェア 145°リクライニング ハイバック ヘッドレスト ひじ掛け ランバーサポート テレワーク 椅子 パソコンチェア 蒸れない座面 PUレザー 気孔付き,GTPLAYER,12300,PUレザー,ハイバック幅50cm,最大145°,合金鋼製,あり,W: 70cm × D: 70cm × H: 130cm,4.2,15409
chair-sr-025,GXTRACE オフィスチェア,"145°リクライニング デスクチェア ゲーミングチェア Black
トリガーボタン, 操作しやすいアームレスト 独立型, 腰サポート, 3Dヘッドレスト, 通気性メッシュ",GXTRACE,12780,メッシュ,ハイバック幅52cm,最大145°,合金鋼製,あり,W: 52cm × D: 72cm × H: 121cm,4.1,77
chair-sr-028,GTPLAYER ゲーミングチェア LR002新シリーズ,ファブリック デスクチェア オットマン 椅子 イス テレワーク 【ポケットコイル採用】 腰痛対策 pcチェア 蒸れない ソファーの座り心地 【安心の非再生ウレタン採用】『ダイア調に蝶の刺繍のデザイン』,GTPLAYER,21320,ファブリック（布地）,ソリッドバック,最大140°,合金鋼製,あり,W: 75cm × D: 23cm × H: 53cm,4.3,5285
chair-sr-032,オットマン付き PUレザー リクライニング 収納式フットレスト 3Dヘッドレスト 調節可能 勉強,PUレザー・リクライニング・オットマン付き,,9882,PUレザー（合成皮革）,バケットシート型（ハイバック）,最大165°,強化樹脂フレーム,あり,,,
chair-sr-034,Dowinx ゲーミングチェア LS-66D50H,"ファブリック オフィスチェア デスクチェア 椅子 昇降連動アームレスト リクライニング 手刺繍 ブラック
昇降連動アームレストで高さと角度を調節、手刺繍キルティングのファブリック、ポケットコイル入りの肉厚座面、通気性、傷に強い生地と頑丈な合成鋼フレーム、座面の高さ調節可能、椅子 デスク、pcチェア、chair、50H-04",Dowinx,16850,ファブリック（布地）,ハイバック幅52cm,最大145°,合金鋼製,あり,W: 52cm × D: 51cm × H: 122.5cm,4.4,1622
chair-sr-036,GTPLAYER ゲーミングチェア CH610,上品な型押しデザイン 腰にポケットコイル内蔵 腰当て 腰が痛くならない 椅子 150度リクライニング 昇降アームレスト 上質なPUレザー 蒸れない ソファーの座り心地 テレワーク 疲れない 社長椅子 リクライニング 広い座面 CH610-BLACK,GTPLAYER,24800,PUレザー,ウイングバック,最大150°,合金鋼製,あり,W: 73cm × D: 23cm × H: 53cm,4.3,1323
chair-sr-038,Dowinx ゲーミングチェア LS-66D50H,"ファブリック オフィスチェア デスクチェア 椅子 昇降連動アームレスト リクライニング 手刺繍 ライトグレージュ
昇降連動アームレストで高さと角度を調節、手刺繍キルティングのファブリック、ポケットコイル入りの肉厚座面、通気性、傷に強い生地と頑丈な合成鋼フレーム、座面の高さ調節可能、椅子 デスク、pcチェア、chair、50H-01",Dowinx,16850,ファブリック（布地）,ハイバック幅52cm,最大145°,合金鋼製,あり,W: 52cm × D: 51cm × H: 122.5cm,4.4,1622
chair-sr-039,NIONIK ゲーミングチェア 668,オットマン付き オフィスチェア デスクチェア テレワーク 疲れない 幅広座面 椅子 イス 140°リクライニング ハイバック げーみんくチェア 人間工学 座り心地よい ゲームチェア 連動アームレスト ダイア調に蝶の刺繍のデザイン PUレザー (ブラック),NIONIK,8480,PUレザー,リクライニングバック幅54.5,最大140°,合金鋼製,あり,W: 63cm × D: 52cm × H: 130.5cm,4.3,234
chair-sr-040,Dowinx ゲーミングチェア LS-66D50K,"幅広座面 145°リクライニング ポケットコイル オットマン付 ファブリック オフィスチェア ベージュ
連動アームレスト/静音キャスター/通気性に配慮したファブリック張り/引き出し式フットレスト/ゲーム、テレワーク、勉強、動画視聴、休憩に使いやすい設計の椅子/50K02",Dowinx,16450,ファブリック（布地）,ハイバック,最大145°,合金鋼製,あり,W: 64cm × D: 51cm × H: 123cm,4.2,750
chair-sr-041,Eeasky ゲーミングチェア 3008,座り心地最高 デスクチェア オフィスチェア 肉厚座面 椅子 テレワーク ゲーム用チェア 伸縮可能のオットマン 社長椅子 PUレザー (ブラック),Eeasky,22580,PUレザー,ハイバック幅60cm,最大135°,合金鋼製,あり,W: 60cm × D: 50cm × H: 120cm,4.2,2695
chair-sr-042,GXTRACE オフィスチェア GXT280,ゲーミングチェア ハンガー搭載 可動式独立型ランパーサポート 跳ね上げ式アームレスト パソコンチェア 3Dヘッドレスト 通気性メッシュ (Black),GXTRACE,11980,メッシュ,ハイバック幅60cm,最大105°,合金鋼製,なし,W: 60cm × D: 55cm × H: 110cm,3.8,58
chair-sr-045,Humergo オフィスチェア（550S-Black）,メッシュ ワークチェア 可動式独立型ランバーサポート 可動2Dヘッドレスト 背面ハンガー付き 跳ね上げ式アームレスト 省スペース 15度ロッキング機能 パソコンチェア デスクチェア 事務/勉強椅子 ハイバック 耐荷重165kg (550S-Black),Humergo ,15980,メッシュ,ハイバック,最大145°,合金鋼製,あり,W: 約68cm × D: 約68cm × H: 約115〜125cm,3.4,15
chair-sr-046,NIONIK ゲーミングチェア,オットマン付き 幅広座面 オフェスチェア 連動ひじ掛け ハイバック gaming chair ゲーム用 チェア 多機能 135°リクライニング PCゲーミングチェア 静音キャスター 高さ調節でき パソコンチェア 勉強椅子 座り心地よい PUレザー 簡単組み立て(ミントグリーン),NIONIK,12980,PUレザー,ハイバック幅54cm,最大135°,合金鋼製,あり,W: 63cm × D: 53cm × H: 130cm,3.9,122
chair-sr-048,GTBoy ゲーミングチェア,オットマン付き 135° リクライニング 高級PUレザー 調節可能 ランバーサポート オフィスチェア デスクチェア パソコン ゲーム用 家庭用 在宅勤務用 (黑と白),GTBoy,9455,PUレザー,ハイバック幅54cm,最大135°,合金鋼製,あり,W: 60cm × D: 60cm × H: 123cm,4,142
chair-sr-049,オフィスチェア 幅45奥行65.8高さ110～120cm 3段階リクライニング オットマン付き,リクライニング・オットマン付き,,14980,,バケットシート型（ハイバック）,最大170°,,あり,,,
chair-sr-049-b0fpkvc1g3,Dowinx ゲーミングチェア LS-66BG1,"上質なPUレザー 155度リクライニング 昇降式肘掛け ブラック
昇降式肘掛け、ハイバックが身体を包み込むようにサポート、コイルスプリング入りの肉厚座面、上質なPUレザー、155度リクライニング対応、座面の高さ調節可能",Dowinx,24980,PUレザー,ハイバック幅52cm,最大155°,合金鋼製,あり,W: 52cm × D: 60cm × H: 130.5cm,4.1,1475
chair-sr-050,HERCULES ゲーミングチェア ホワイト,"高級PUレザー 人間工学設計 135度リクライニング 高さ調節 ポケットコイル採用 オットマン付き ホワイト
PCチェア　デスクチェア　エルゴノミクスデザイン　オフィスチェア　ヘッドレスト　ランバーサポート付き　連動式肘掛け　幅広い座面",HERCULES,12980,PVCレザー,ハイバック幅60cm,最大130°,合金鋼製,あり,W: 60cm × D: 60cm × H: 124.5cm,3.7,50
chair-sr-051-b0h1mzc9yf,SUKIDA ゲーミングチェア オットマン付き,オットマン付き 幅広座面 オフィスチェア デスクチェア 通気性 テレワーク 疲れない 椅子 イス 人間工学設計 ひじ掛け 135°リクライニング gaming chair 座り心地よい 高耐久性 げーみんくチェア ハイバック 鱗模様の刺繍 PUレザー (ブラック),SUKIDA,9980,PUレザー,ハイバック幅52cm,最大135°,合金鋼製,あり,W: 64cm × D: 52cm × H: 125cm,4.4,849
chair-sr-052,NIONIK ゲーミングチェア,ファブリック 幅広座面 オフィスチェア デスクチェア テレワーク 疲れない オットマン付き 椅子 140°リクライニング 人間工学 げーみんくチェア 通気性 座り心地よい ゲームチェア 連動アームレスト ハイバック 波模様の刺繍 （グレー）,NIONIK,8490,ファブリック（布地）,ハイバック幅63cm,最大140°,合金鋼製,あり,W: 63cm × D: 52cm × H: 130.5cm,3.9,725
chair-sr-052-b0fwjc98np,Dowinx ゲーミングチェア LS-66D58S,PUレザー 145度リクライニング 昇降連動アームレスト クリームホワイト昇降連動アームレストで高さと角度を調節、高密度・高反発モールドクッションを採用、フラットな座面は高さ調節可能、通気性PUレザー、145度リクライニング対応、オットマンとヘッドレストと腰当て付き,Dowinx,18200,PUレザー,ハイバック幅51cm,最大145°,合金鋼製,あり,W: 51cm × D: 50cm × H: 127cm,4.4,1405
chair-sr-054,GT829-BLACK,なめらかなベロア デスクチェア オフィスチェア あぐら 椅子 ゲーム用チェア リクライニング ハイバック テレワーク椅子 PCチェア フットレスト 連動アームレスト ポケットコイル 座面の幅 50cm 四季適用 在宅ワーク 通気性 GT829-BLACK,GTPLAYER,15800,ベロア素材,ハイバック幅58cm,最大155°,合金鋼製,なし,W: 45cm × D: 50cm × H: 125cm,4.2,3573
chair-sr-054-b07qgy4vgk,GTPLAYER ゲーミングチェア GT890MF,スピーカー付き オットマン ゲーミングスピーカー付き サラウンド効果 オフィスチェア フットレスト デスクチェア ゲーム用チェア リクライニング パソコンチェア ハイバック ヘッドレスト ランバーサポート ひじ掛け付き PUレザー,GTPLAYER ,16800,PUレザー,ハイバック幅53cm,最大165°,合金鋼製,あり,W: 67cm × D: 51cm × H: 128cm,4.2,9996
chair-sr-056,JPBSTO デスクチェア オフィスチェア,人間工学通気性 ゲーミングチェア PCチェア 回転椅子 いす パソコンチェア 360度回転 椅子 腰に良い 高さ調節 事務 在宅勤務 ブラックxホワイト,JPBSTO,8680,メッシュ,ハイバック（S字型の背骨フィット設計）,最大130°,合金鋼製,あり,W: 約60cm × D: 約48cm × H: 140cm,3.9,190
chair-sr-056-b0gcd8gqp1,GTPLAYER ゲーミングチェア かわいい,なめらかなベロア にゃんこ刺繍 猫耳デザイン テレワーク ピンク リクライニング 幅広い座面 オットマン ハイバック ランバーサポート ポケットコイルが内蔵 四季適用 JP-GTP610-PINK,GTPLAYER,25800,ベロア素材,ハイバック幅73cm,最大180°,-,あり,W: 約55cm × D: 約50cm × H: 132cm,4.5,530
chair-sr-057,JP-GTP89-WHITE 座椅子,ゲーミング座椅子 ゲームチェア ゲーマーズチェア ハイバック ゲーマーの椅子 180°リクライニング 360° 回転 上下肘掛 ランバーサポート 腰痛対策 JP-GTP89-WHITE,GTPLAYER,23800,PUレザー,座椅子タイプ幅55cm,最大180°（フルフラット）,合金鋼製,なし,W: 55cm × D: 53cm × H: 84cm,4.4,583
chair-sr-059,iLooiLoo オフィスチェア ゲーミングチェア,１年無償保証付き】 オフィスチェア ゲーミングチェア デスクチェア （ブラック）(ポケットコイル搭載 ゲーミング座椅子 リクライニングチェア,iLooiLoo,18250,-,ハイバック幅61cm,最大135°,合金鋼製,あり,W: 61cm × D: 61cm × H: 112cm,4,560
chair-sr-060,Dowinx ゲーミングチェア87A01,"165°リクライニング PUレザー オットマン付き グレー×ブラック
180°可動連動式アームレスト,15°ロッキング機能,360°回転,高さ調節,ヘッドレスト・腰当て付き,床傷防止キャスター,87A01",Dowinx,17200,PUレザー,ハイバック幅55cm,最大165°,合金鋼製,あり,W: 70cm × D: 53cm × H: 127.5cm,4.2,3283
chair-sr-065,onenext ゲーミングチェア オットマン付き,オットマン付き デスクチェア パソコンチェア gaming chair リクライニング 日本語説明書付き (オールブラック),onenext,8900,PUレザー,ハイバック幅60cm,最大135°,合金鋼製,あり,W: 60cm × D: 64cm × H: 125cm,4.1,66
chair-sr-068,DoubleTT ゲーミングチェア オットマン付き,オットマン付き 人間工学 １６５度リクライニング機能 ハイバック テレワーク椅子 PCチェア (ブルー-1),DoubleTT,9888,PUレザー,ハイバック,最大165°,合金鋼製,あり,W: 55cm × D: 47cm × H: 125cm,3.8,236
chair-sr-069,KAGMII ゲーミングチェア KM6006,フィスチェア パソコンチェア テレワーク椅子 オットマン付き リクライニング機能 ハイバック ブラック (ブラック)KM6006,KAGMII,9480,PUレザー,幅53cm,最大135°,合金鋼製,あり,W: 51cm × D: 50cm × H: 129cm,3.8,66
chair-sr-071,SUKIDA ゲーミングチェア 686,ファブリック オフィスチェア 通気性 蒸れない デスクチェア テレワーク 疲れない 椅子 イス 幅広座面 鱗模様の刺繍 げーみんくチェア 座り心地よい オットマン付き gaming chair 135°リクライニング 10cm高さ調節 ハイバック (グレー),SUKIDA,9980,ファブリック（布地）,ハイバック,最大135°,合金鋼製,あり,W: 64cm × D: 52cm × H: 124cm,4.3,145
chair-sr-072,Symino ゲーミングチェア スエード調ファブリック,スエード調ファブリック 幅広座面 オットマン付き 155° リクライニング 耐荷重 200kg オフィスチェア デスクチェア パソコンチェア ハイバック ヘッドレスト ランバーサポート,Symino,19800,ファブリック（布地）,ハイバック,最大155°,合金鋼製,あり,W: 67cm × D: 59cm × H: 126cm,4.4,356
chair-sr-077,Dowinx ゲーミングチェア LS-66D68S,"ファブリック 165°リクライニング ポケットコイル座面 オットマン付き あぐら対応 オニキス×ホワイト
15°ロッキング/上下左右調整可能アームレスト/360°回転/スチール五本足/デスクチェア/静音キャスター/通気性に配慮したファブリック/引き出し式フットレスト",Dowinx,20800,ファブリック（布地）,ハイバック幅53cm,最大165°,合金鋼製,あり,W: 58cm × D: 51cm × H: 126cm,4.1,1673
chair-sr-079,IPPO+ ゲーミングチェア リクライニング135°,リクライニング135° フットレスト付き オフィスチェア 在宅ワーク 椅子 PVCレザー×快適クッション 人間工学設計 連結アームレスト 耐荷重最大250kg 静音キャスター 日本語説明書付 (黒×黒),IPPO+,13839,PVCレザー,ハイバック,最大135°,合金鋼製,あり,W: 64cm × D: 48cm × H: 122cm,3.7,21
chair-sr-081,Wisteriaゲーミングチェア ファブリック,"ファブリック オットマン付 デスクチェア (グレー, 標準シリンダー)",Wisteria,39800,ファブリック（布地）,ハイバック幅56cm,-,合金鋼製,あり,W: 69cm × D: 64cm × H: 115cm,4.1,70
chair-sr-083,BIRDX ゲーミングチェア オットマン付き,オットマン付き デスクチェア パソコンチェア gaming chair リクライニング 日本語説明書付 (ブラック),BIRDX,11440,PUレザー,ハイバック幅66cm,最大140°,合金鋼製,あり,W: 66cm × D: 38cm × H: 118cm,4.1,14
chair-sr-085,GTPLYER ゲーミングチェア Luft310, ハイバック リクライニング オットマン付き『仕事用ゲーミングチェア』ゲーム用 パソコンチェア フットレスト ハイバック/気孔付き皮革とメッシュ素材/連動型アームレスト Luft310-BLACK,GTPLYER,22800,メッシュ,ハイバック,最大140°,ポリカーボネート,あり,W: 55cm × D: 55cm × H: 120cm,4.2,8136
chair-sr-086,Yaheetech ゲーミングチェア,オットマン リクライニング デスクチェア 高さ調整可能 PUレザー 通気性 ヘッドレスト&ランバーサポート 人間工学 テレワーク ゲーム/オフィス用 椅子 ブラック＆ホワイト,Yaheetech,12974,PUレザー,ウイングバック幅52cm,最大135°,合金鋼製,あり,W: 72cm × D: 50cm × H: 132cm,4.3,13
chair-sr-088,Dowinx ゲーミングチェア LS-665801,コイルスプリング・通気性ファブリック・145°リクライニング・静音キャスター・日本人体型設計 ブラック高級ソファ座り心地・コイルスプリング・通気性ファブリック・145°リクライニング・静音キャスター,Dowinx,17500,ファブリック（布地）,ソリッドバック幅53cm,最大145°,合金鋼製,あり,W: 70cm × D: 45cm × H: 123cm,4.2,3210
chair-sr-089,CHUUARYUU ゲーミングチェア 9026,"リクライニング パソコンチェア フットレスト (ブラック)
gaming chair PCゲーミングチェア　ハイバック ヘッドレスト 2Dアームレスト 高さ調整機能 オットマン付き 疲れない",CHUUARYUU,16500,PUレザー,ハイバック幅60cm,最大155°,合金鋼製,あり,W: 60cm × D: 50cm × H: 122cm,4.7,6
chair-sr-090,Symino ゲーミングチェア SF-01 グレー,上質スエード素材 ポケットコイル内蔵 オットマン付 155度リクライニング オフィスチェア 社長椅子 人間工学設計 ソファーの座り心地 なめらかな肌触り 通気性 肉厚クッション ワイド座面 昇降アームレスト,Symino,22800,ファブリック（布地）,ハイバック幅67cm,最大155°,合金鋼製,あり,W: 67cm × D: 54cm × H: 116cm,4.3,375
chair-sr-092,AutoFull C2 ゲーミングチェア 桜雪うさぎ,ピンク 可愛い かわいい うさ耳 ヘアピン イス オフィスチェア 幅広座面 デスクチェア 椅子 ゲーム用 155°リクライニング 腰痛対策 疲れない パソコンチェア PUレザー ソファー座り心地　3年保証,AutoFull(オートフル),39899,PUレザー,ハイバック幅70cm,最大155°,合金鋼製,あり,W: 70cm × D: 70cm × H: 133cm,3.7,6
chair-sr-093,ZJXKWIN ゲーミングチェア ファブリック,ファブリック 通気性 蒸れない 肌に優しい 人間工学 腰痛対策 135°リクライニング テレワーク オフィスチェア デスクチェア 座り心地よい ポケットコイル オットマン付き 幅広座面 連動式アームレスト,ZJXKWIN,15980,ファブリック（布地）,ハイバック幅66cm,最大135°,合金鋼製,あり,W: 66cm × D: 66cm × H: 120cm,4.1,39
chair-sr-097,JKOOK ゲーミングチェア 赤 JK21,オットマン付き リクライニング ランバーサポート ヘッドレスト 連動アームレスト PUレザー 静音キャスター 高さ調整 快適 集中力 JK21 赤黒,JKOOK,11980,PUレザー,ハイバック幅53cm,最大135°,合金鋼製,あり,W: 59cm × D: 48cm × H: 122cm,5,4
chair-sr-099,AIMchair ゲーミングチェア（ホワイト）, 背面メッシュ 4段階リクライニング 最大123° 座面前後調節 高密度ウレタン ゲーミングチェア オフィスチェア 椅子 デスクチェアワ ークチェア リモートワーク,AIMchair,49800,メッシュ,ハイバック幅65cm,最大123°,合金鋼製,なし,W: 65cm × D: 68cm × H: 123cm,4,113
chair-sr-107,GTPLAYER ゲーミングチェア CH335,メッシュ 疲れない ゲーミングチェア リクライニング 高さ調節 幅広い座面 クッション 通気性 キャスター付き 【非再生ウレタン】 座り心地良い ハイバック 日本人向け デスクチェア,GTPLAYER,13700,メッシュ,ハイバック幅50cm,-,-,あり,W: 45cm × D: 50cm × H: 104cm,4.2,15408
chair-sr3-097,VICTONE ゲーミングチェア,リクライニング オットマン付き 連動式アームレスト 改良座面 テレワーク用,VICTONE,11850,-,ハイバック幅50cm,最大165°,合金鋼製,あり,W: 64cm × D: 64cm × H: 126.5cm,3.6,44
chair-sr3-099,Localive ゲーミングチェア,170度リクライニング 58cm 広幅座面 人間工学設計 オフィスチェア 3D アームレスト 厚手クッション 広座面 腰痛対策 PU レザー (オフホワイト) ,Localive,23649,PUレザー,ハイバック,最大170°,合金鋼製,あり,W: 58cm × D: 44cm × H: 126cm,3.7,39
chair-sr3-099-b08cvngyhk,AutoFull C2 ゲーミングチェア 桜雪うさぎ,ピンク 可愛い かわいい うさ耳 ヘアピン イス オフィスチェア 幅広座面 デスクチェア 椅子 ゲーム用 155°リクライニング 腰痛対策 疲れない パソコンチェア PUレザー ソファー座り心地 テレワーク PCチェア 在宅 リモート 収納 人間工学の王道 おしゃれ 3年保証 桜雪うさぎ,AutoFull,17020,PUレザー,クイーンアンバック幅70cm,最大155°,合金鋼製,あり,W: 70cm × D: 70cm × H: 133cm,4.2,450
chair-sr3-100,SIHOO M18 オフィスチェア,"人間工学 ハイバック パソコンチェア ブラック
S字立体背もたれ テレワーク 疲れない椅子 可動式アームレスト メッシュチェア",SIHOO,19999,メッシュ,ハイバック、幅75cm,最大126°,合金鋼製,なし,W: 50cm × D: 45.5cm × H: 130cm,4.2,280
chair-sr3-102,NIONIK ゲーミングチェア,オットマン付き デスクチェア オフェスチェア 連動ひじ掛け ハイバック ゲーム用 チェア gaming chair 白 可愛い PCチェア 多機能 135°リクライニング PCゲーミングチェア 静音キャスター 勉強椅子 座り心地 PUレザー 簡単組み立て(ピンク),NIONIK,13480,PUレザー,ハイバック幅53cm,最大135°,合金鋼製,あり,W: 63cm × D: 54cm × H: 125cm,3.9,165
chair-sr3-103,不二貿易 ゲーミングチェア レイズ,パーソナルチェア レッド メッシュ フットレスト付き 回転式 リクライニング レイズ 19429　幅68.5×奥行65.5×高さ118~125.5cm,不二貿易,15682,メッシュ,ハイバック,最大150°,合金鋼製,あり,W: 68.5cm × D: 65.5cm × H: 118〜125.5cm,4.2,14
chair-sr3-104,Humergo ゲーミングチェア (350-Orange),ファブリック オフィスチェア デスクチェア 通気性 人間工学 145度リクライニング オットマン付き 改良型フラット座面 胡坐がかける 連動式アームレスト 3Dヘッドレスト ランバーサポート テレワーク パソコンチェア 疲れにくい 360度回転 高さ調整,Humergo,21800,ファブリック（布地）,ハイバック幅52cm,最大145°,合金鋼製,あり,W: 72cm × D: 72cm × H: 122cm,5,4
chair-sr3-105,CORSAIR T-3 RUSH V2 (ホワイト / CF-9010058-WW),2023新モデル ゲーミングチェア オフィス/デスクチェア ゲーム用 リクライニング パソコンチェア PUレザー 高さ調整 【グレー/ホワイト】,CORSAIR,42980,ファブリック（布地）,ハイバック幅56cm,最大160°,合金鋼製,なし,W: 68.1cm × D: 55.9cm × H: 136.9cm,4.2,1138
chair-sr3-106,Homracer ゲーミングチェア,オフィスチェア 座り心地最高 白 パソコンチェア デスクチェア 可愛いPCゲーミングチェア オットマン付き ランバーサポート PUレザー 調節可能 業務用 昇降可能,Homracer,27800,PUレザー,ハイバック,最大180°,アルミニウム,あり,W: 80cm × D: 60cm × H: 132cm,3.8,17
chair-sr3-107,SIHOO M57 メッシュチェア,S字立体背もたれ 3Dアームレスト 可動式ランバーサポート 126°リクライニング 2Dヘッドレスト」pcチェア メッシュ パソコン 人体工学椅 ワーク 事務椅子 通気性に優れ,SIHOO,23999,メッシュ,ハイバック幅51cm,最大126°,合金鋼製,なし,W: 65cm × D: 75cm × H: 127cm,4,3045
chair-sr3-109,GTPLAYER LR002-GRAY,ファブリック オットマン 椅子 イス テレワーク 腰痛対策 pcチェア デスクチェア 蒸れない ソファーの座り心地 【安心の非再生ウレタン採用】【ポケットコイル採用】 『ダイア調に蝶の刺繍のデザイン』,GTPLAYER,20500,ファブリック（布地）,バケットシート型幅55cm,最大140°,合金鋼製,あり,W: 55cm × D: 55cm × H: 120cm,4.1,1758
chair-sr3-110,Maydolly ゲーミングチェア,座り心地最高 伸縮可能のオットマン 高さ調節機能 ハイバックオフィスチェア リクライニングチェア PUレザー 肘付き 足置き付き,Maydolly,11999,PUレザー,ハイバック幅51cm,最大150°,合金鋼製,あり,W: 51cm × D: 48cm × H: 115cm,-,-
chair-sr3-111,HUANUO デスクチェア オフィスチェア 人間工学椅子 パソコンチェア pcチェア ゲーミングチェア,"HUANUO (ファーノー) デスクチェア オフィスチェア 人間工学椅子 パソコンチェア pcチェア ゲーミングチェア | 通気性メッシュ, 360°回転, 跳ね上げアームレスト, ロッキング機能",,10999,ファブリック（布地）,バケットシート型（ハイバック）,最大135°,,なし,,,
chair-sr3-112,GXTRACE オフィスチェア,ブラック 腰サポート 跳ね上げ式アームレスト 3Dヘッドレスト 通気性メッシュ パソコンチェア ブラック,GXTRACE,23800,PUレザー,ハイバック幅55cm,最大165°,強化樹脂フレーム,あり,W: 55cm × D: 48cm × H: 120cm,4.3,29
chair-sr3-113,玄人志向 GALAKURO GAMING オフィスチェア, Lumora （ ルモーラ ）シリーズ オットマン付き ゲーミングチェア ブラック GG-C2/LUMORA-BK,玄人志向,14720,PUレザー,ハイバック幅54cm,-,合金鋼製,あり,W: 54cm × D: 50cm × H: 127.5cm,4.7,4
chair-sr3-114,Maydolly ゲーミングチェア ,【2026年新登場】Maydolly 耐久性向上素材 座り心地最高 肉厚座面 ポケットコイル搭載 リクライニングチェア 一人掛け 社長椅子 伸縮可能なオットマン PUレザー,Maydolly,12999,PUレザー,ハイバック幅49cm,最大135°,合金鋼製,あり,W: 40cm × D: 67cm × H: 51cm,3.4,6
chair-sr3-115,AutoFullゲーミングチェア　C3,座り心地最高 腰痛対策 昇降アームレスト オットマン付き 在宅 リモート PUレザー 茶色 3年保証 C3,AutoFull,26980,PUレザー,ハイバック幅56cm,-,合金鋼製,あり,W: 70cm × D: 70cm × H: 128cm,4.3,1596
chair-sr3-116,オフィスチェア、ゲーミングチェア、頑丈な PU ハイバックデスクチェア、人間工学に基づいたチェア,オフィスチェア、ゲーミングチェア、頑丈な PU ハイバックデスクチェア、人間工学に基づいたチェア、ビジネスチェア、110° 傾斜、高さ調節可,,13431,PUレザー（合成皮革）,バケットシート型（ハイバック）,最大110°,,なし,,,
chair-sr3-117,[Goswave] オフィスチェア デスクチェア,メッシュ ハイバック 145度リクライニング 可動式ランバーサポート フットレスト付き　ブラック、通気性メッシュ、体圧分散・W型高反発クッション、3Dヘッドレスト、3Dアームレスト、座面高42～50cm、座面奥行き調整約6cm、90度・115度・145度、3段階ロック、ロッキング、背面ハンガー,Goswave,17980,メッシュ,ハイバック幅70cm,最大145°,合金鋼製,あり,W: 70cm × D: 70cm × H: 131cm,3.8,23
chair-sr3-118,Homora ゲーミングチェア 社長椅子,360°回転 高さ調整可能 肘掛け付き リクライニング ハイバック 人間工学設計 肉厚クッション フットレスト搭載 在宅勤務 テレワーク対応 K4,Homora,11999,PUレザー,ハイバック幅76cm,最大135°,合金鋼製,あり,W: 76cm × D: 76cm × H: 115cm,4,2
chair-sr3-120,GTPLAYER オフィスチェア CH335-Black,コンパクト 高さ調節 幅広い座面 クッション 通気性 ヘッドレスト キャスター付き 【非再生ウレタン】 座り心地良い ハイバック 日本人向け CH335-Black,GTPLAYER,15070,メッシュ,ハイバック幅64cm,最大160°,合金鋼製,あり,W: 60cm × D: 60cm × H: 118cm,3.3,3
chair-sr4-091,AutoFull M6 Ultra 2.0 ゲーミングチェア,"IEM 2026公式採用｜送風冷却・座面加熱・リラックス振動搭載
IEM 2026王者 NIKO選手×オートフル｜無意識に、腰に寄り添う。世界初クラス※の自動追従ランバー｜冷暖機能×振動リラックス｜160°リクライニング＋収納式フットレスト",AutoFull,99890,PUレザー,バケットシート型（ハイバック）,最大160°,合金鋼製,あり,W: 64cm × D: 64cm × H: 129cm,4.4,1058
chair-sr4-092,AutoFull G7,独自設計おしゃれなメッシュチェア ゲーミングチェア オフィスチェア エルゴノミクス 自動追従ランバー 4Dヘッドレスト 720°アームレスト 座面奥行・背もたれ高さ調整 高弾性メッシュ,AutoFull,69980,メッシュ,ハイバック幅52cm,最大140°,合金鋼製,あり,W: 70cm × D: 70cm × H: 125cm,4.2,451
chair-sr4-093,G7,独自設計おしゃれなメッシュチェア ゲーミングチェア オフィスチェア エルゴノミクス 自動追従ランバー 4Dヘッドレスト 720°アームレスト 座面奥行・背もたれ高さ調整 高弾性メッシュ,AutoFull,69980,ファブリック（布地）,オフィスチェアカスタム型,最大140°,合金鋼製,なし,,,
chair-sr4-094,G7,独自設計おしゃれなメッシュチェア ゲーミングチェア オフィスチェア エルゴノミクス 自動追従ランバー 4Dヘッドレスト 720°アームレスト 座面奥行・背もたれ高さ調整 高弾性メッシュ,AutoFull,69980,ファブリック（布地）,オフィスチェアカスタム型,最大140°,合金鋼製,なし,,,
chair-sr4-145,Bonarca ゲーミングチェア オットマン付き,"リクライニング 足置き フットレスト付きゲーミングチェア オフィスチェア パソコンチェア 足置き
ハイバック ヘッドレスト ひじ掛け付き PUレザー",Bonarca,9580,PUレザー,ハイバック幅58cm,最大135°,合金鋼製,あり,W: 58cm × D: 46cm,3.9,20
chair-sr4-146,CYBER-GROUND ゲーミング座椅子,メッシュ レバー式 14段階 リクライニング 15110004(74026),CYBER-GROUND,7999,メッシュ,座椅子タイプ幅47cmm,最大180°（フルフラット）,合金鋼製,なし,W: 64cm × H: 125cm,4,769
chair-sr4-147,オットマン付き PUレザー リクライニング 収納式フットレスト 3Dヘッドレスト 高さ調節可能,PUレザー・リクライニング・オットマン付き,,21800,PUレザー（合成皮革）,バケットシート型（ハイバック）,最大135°,スチールフレーム（鋼製）,あり,,,
chair-sr4-149,EdoErgo オフィスチェア,跳ね上げ式アームレスト コンパクト 約105度ロッキング pc 事務椅子 360度回転 座面昇降 強化ナイロン樹脂ベース 通気性メッシュ,EdoErgo,6880,メッシュ,ミドルバック幅47ｃｍ,最大105°,強化樹脂フレーム,なし,W: 60cm × D: 60cm × H: 99cm,3.3,393
chair-sr4-150,オフィスチェア メッシュ座面 跳ね上げ式アームレスト 2Dヘッドレスト 調節可能腰サポート ロッ,ファブリック,Marsail,13999,メッシュ,バケットシート型（ハイバック）,最大120°,合金鋼フレーム,なし,,,
chair-sr4-151,HUANUO (ファーノー) デスクチェア オフィスチェア フルメッシュ 人間工学椅子 通気性,ファブリック・・リクライニング,,12349,メッシュ,バケットシート型（ハイバック）,最大120°,,なし,,,
chair-sr4-152,LEEKAElIO ゲーミングチェア,"ハイバック ゲーム 椅子 リクライニングチェア オットマン ポケットコイルクッション（ホワイト）
ゲーム椅子/オフィスチェア/デスクチェア/連動アームレスト/高さを調節可能/135° リクライニング/静音キャスター/360°回転/オットマン/座り心地 PU レザー ",Leekaeiio,12999,PUレザー,ハイバック幅52cm,最大135°,合金鋼製,あり,W: 60cm × D: 60cm × H: 125cm,4.6,4
chair-sr4-153,オフィスチェア 疲れない 人間工学 デスクチェア PCチェア メッシュ ワークチェア 椅子 イス,ファブリック,,9998,メッシュ,,最大135°,強化樹脂フレーム,なし,,,
chair-sr4-154,G&G ゲーミングチェア デスクチェア,360度回転 昇降機能 リクライニングチェア 事務椅子 ブラック,G&G,9960,PUレザー,ハイバック幅49cm,最大160°,合金鋼製,あり,W: 49cm × D: 49cm × H: 113cm,-,-
chair-sr4-155,HOLLUDLE 人間工学 オフィスチェア,メッシュチェア - 3D 可調節腰当て & 3D アームレスト、V 字バックデザイン 通気性良好 デスク用 疲労軽減 ,HOLLUDLE,15999,メッシュ,ハイバック幅51.5cm,-,合金鋼製,なし,W: 66cm × D: 66cm × H: 124cm,4.4,2392
chair-sr4-156,エア・リゾーム デスクチェア force,学習椅子 パソコンチェア ワークチェア キャスター付き force（フォース） ,エア・リゾーム,12490,PUレザー,ハイバック幅47cm,-,合金鋼製,なし,W: 62.4cm × D: 64cm × H: 93cm,5,2
chair-sr4-157,GXTRACE オフィスチェア,腰サポート 3Dヘッドレスト 跳ね上げ式アームレストパソコンチェア 通気性メッシュ,GXTRACE,12800,メッシュ,ハイバック幅53cm,最大120°,強化樹脂フレーム,なし,W: 60cm × D: 55cm × H: 110cm,-,-
chair-sr4-158,LEEZONE オフィスチェア,リクライニング 収納式フットレスト 連動式アームレスト 事務 社長 椅子 広い座面 3Dヘッドレスト 360度回転 座面昇降 椅子 PCチェア 通気性メッシュ,LEEZONE,9999,PUレザー,ハイバック幅52cm,最大135°,合金鋼製,あり,W: 52cm × D: 49cm × H: 115cm,4.2,31
chair-sr4-163,iLooiLoo オフィスチェア,社長椅子 ポケットコイル ２重クッション ワークチェア PUレザー ダブルクッション 人間工学 肉厚クッション 150度無段階リクライニング 収納式フットレスト,iLooiLoo,18450,PUレザー,ハイバック幅60cm,最大150°,合金鋼製,あり,W: 64cm × D: 60cm × H: 108cm,3.9,136
chair-sr4-164,タンスのゲン オフィスチェア G-AIR,【床傷防止！PUキャスター】腰楽ランバーサポート メッシュ ロッキング 肘付き 椅子 65090108(80325)G-AIR 昇降式 可動式 デスクチェア コンパクト キャスター いす 勉強椅子 キャスター付き ,タンスのゲン,6999,ファブリック（布地）,ハイバック幅46cm,最大125°,合金鋼製,なし,W: 64cm × D: 64cm × H: 114cm,4.1,8730
chair-sr4-175,INECAR 人間工学ゲーミングチェア,"145°リクライニング 可動アームレスト 高さ調節 フットレスト付き (フットレスト付き,オールブラック)
座面奥行き広め, 通気性メッシュ素材, 耐荷重150kg, 静音キャスター付き, 組立工具同梱, ランバーサポート内蔵, ヘッドレスト可動式, 床保護マット対応",INECAR,17964,メッシュ,ハイバック幅58cm,最大145°,合金鋼製,あり,W: 58cm × D: 49cm × H: 125cm,-,-
chair-sr4-178,リクライニングソファー 手動ソファ リビング・書斎用 回転式 1人掛けソファー ゲーミングチェア,ファブリック・・リクライニング・オットマン付き,,27500,ファブリック（布地）,バケットシート型（ハイバック）,最大165°,,あり,,,
chair-sr4-185,ATURBO ゲーミングチェア オフィスチェア 上質PUレザー 座り心地良い 伸縮式オットマン,PUレザー・リクライニング・オットマン付き,,18999,PUレザー（合成皮革）,バケットシート型（ハイバック）,最大170°,合金鋼フレーム,あり,,,
chair-sr4-192,GTPOFFICE エグゼクティブオフィスチェア,PUレザー,GTPOFFICE,50118,PUレザー,ミッドバック幅48cm,最大110°,合金鋼製,なし,W: 62cm × D: 47cm × H: 105.9cm,4.1,70
