id,brand,name,fullTitle,レイアウト,内部構造,キーキャップ,接続方式,電源,価格,げーミンクキーボードか,ポーリングレート,ラピッドトリガー搭載か,配列,特徴
k-gbs-074,未記載,[MH-Device] MH-Zeta ジョイスティック・ホイール付き47キー片手ゲーミングキーボード 片手 キーボード 左手キーボード(…,[MH-Device] MH-Zeta ジョイスティック・ホイール付き47キー片手ゲーミングキーボード 片手 キーボード 左手キーボード(左手用-黒),片手キーボード,メカニカル,ABS,有線 USB,有線給電,"￥18,800",ゲーミングキーボード,未記載,未記載,未記載,未記載
k-tbl-021,未記載,【2026 タッチパッド付きキーボード Bluetooth ワイヤレスキーボード 充電式 薄型・軽量・静音 小型・携帯便利 iPad／Ma…,【2026 タッチパッド付きキーボード Bluetooth ワイヤレスキーボード 充電式 薄型・軽量・静音 小型・携帯便利 iPad／MacBook／Androidタブレット／Windows対応 在宅ワーク・出張・外出・学習に最適 日本語説明書付き,タブレット用,パンタグラフ,未記載,Bluetooth,充電式,"￥3,580",未記載,未記載,未記載,US英語配列,未記載
k-gbs-028,未記載,0.005mmラピッドトリガー搭載 GravaStar Mercury V60 ゲーミングキーボード 60%レイアウト カスタムUFO磁気…,0.005mmラピッドトリガー搭載 GravaStar Mercury V60 ゲーミングキーボード 60%レイアウト カスタムUFO磁気スイッチ | ポーリングレート8000Hz対応 0.125ms超低遅延 磁気式スイッチ テンキーレス 有線 着脱式ケーブル 透明キーキャ…,60%,メカニカル（磁気スイッチ）,ポリカーボネート（透明）,有線 USB,有線給電,"￥19,980",ゲーミングキーボード,8000Hz,ラピッドトリガー,US英語配列,未記載
k-nr-002,未記載,2.4GHzワイヤレス日本語キーボード 7色バックライト 108キー フルサイズ,2.4GHzワイヤレス日本語キーボード 7色バックライト 108キー フルサイズ,フルサイズ,メカニカル（メンブレン）,ABS,2.4GHz (USBレシーバー),充電式,"￥3,999",未記載,未記載,未記載,JIS日本語配列,未記載
k-gnr-p1-028,未記載,3キー マクロキーボード,Bluetooth/USB プログラマブル3キー RGB ミニメカニカルパッド,未記載,メカニカル,ABS,Bluetooth / 有線,充電式,"￥3,567",未記載,未記載,未記載,未記載,未記載
k-nr2-069,未記載,88キー USB 有線キーボード（トラックボール内蔵）,光学式トラックボールと産業用制御システム用の 3 ボタン設計を内蔵した 88Key 人間工学に基づいた USB 有線キーボード トラックボール付き産業用 USB キーボード,80％,パンタグラフ,ABS,有線 USB,有線給電,"￥6,447",未記載,未記載,未記載,US英語配列,トラックボール
k-nr-013,未記載,Acogedor 小型スマホ用キーボード、Bluetooth・有線接続対応、ノートPC・タブレット・スマホ用充電式キーボード、コンパクトサ…,Acogedor 小型スマホ用キーボード、Bluetooth・有線接続対応、ノートPC・タブレット・スマホ用充電式キーボード、コンパクトサイズ、旅行に持ち運びやすい (バックライト付きブラック),タブレット用,メカニカル（メンブレン）,ABS,Bluetooth / 有線,充電式,"￥2,349",未記載,未記載,未記載,US英語配列,携帯型キーボード
k-gmg-p2-055,未記載,AK35i メカニカルキーボード 美しい有線ゲーミングキーボード 白いバックライト 空色&ホワイト2色PBTボタン 104キー 4マルチメ…,AK35i メカニカルキーボード 美しい有線ゲーミングキーボード 白いバックライト 空色&ホワイト2色PBTボタン 104キー 4マルチメディアキー ボリュームホイール 英語配列 (青軸),フルサイズ,メカニカル,PBT,有線 USB,有線給電,"￥18,600",ゲーミングキーボード,1000Hz,未記載,US英語配列,未記載
k-gmg-p2-079,未記載,AKS068pro,AKS068pro ゲーミングキーボード アリスレイアウト ワイヤレス 2.4Ghz/ Bluetooth 5.0/Type-C有線 68キー Sea salt軸 アンチゴースト ガスケットマウント ホットスワップ可能 PBTキーキャップ 人間工学 南向きのRGBバックライ…,65％,メカニカル（ガスケット）,PBT,Bluetooth / 有線 / 2.4GHz (USBレシーバー),充電式,"￥8,599",ゲーミングキーボード,1000Hz,未記載,US英語配列,未記載
k-bs-p2-066,未記載,Arteck 2.4G ワイヤレスキーボード 日本語配列無線ステンレススチール 軽量 フルサイズキーボード コンピューター、デスクトップ、…,Arteck 2.4G ワイヤレスキーボード 日本語配列無線ステンレススチール 軽量 フルサイズキーボード コンピューター、デスクトップ、PC、ラップトップ、Surface、スマートテレビ、Windows10/8/7、Vista、XPとの交換性あり 充電式電池内蔵,フルサイズ（JIS日本語配列）,パンタグラフ,ABS,2.4GHz (USBレシーバー),充電式,"￥2,930",未記載,未記載,未記載,JIS日本語配列,未記載
k-bs-p2-061,未記載,Arteck 2.4Gワイヤレスキーボード 無線 軽量 コンパクトメディア機能 ホットキー ショートカット コンピューター、デスクトップ、…,Arteck 2.4Gワイヤレスキーボード 無線 軽量 コンパクトメディア機能 ホットキー ショートカット コンピューター、デスクトップ、PC、ラップトップ、Surface、スマートテレビ、Windows11/10/8/7との交換性あり、黒,75%,パンタグラフ,ABS,2.4GHz (USBレシーバー),電池式（単4形乾電池 1本）,"￥2,599",未記載,未記載,未記載,US英語配列,未記載
k-gnr-p2-067,未記載,ASUS ROG Strix Morph 96 Wireless Gaming Keyboard ブラック / 96%レイアウトゲーミング…,【Amazon.co.jp限定】ASUS ROG Strix Morph 96 Wireless Gaming Keyboard ブラック / 96%レイアウトゲーミングキーボード/日本語配列/メカニカルスイッチ/スピードタップモード/ホットスワップ対応/エルゴノミクス/ト…,96%,メカニカル,ABS,2.4GHz / Bluetooth / 有線 USB,充電式,"￥26,096",ゲーミングキーボード,1000Hz,未記載,JIS日本語配列,未記載
k-gbs-p2-063,未記載,ATTACK SHARK X68HE ラピッドトリガー ゲーミングキーボード 8000Hz対応 RT0.01mm （ブラック）,ATTACK SHARK X68HE ラピッドトリガー ゲーミングキーボード 8000Hz対応 RT0.01mm （ブラック） | ポーリングレート8000Hz RGB 磁気スイッチ 0.125msディレイ PBTキーキャップ デッドゾーン調整機能 ホットスワップ可能,65%（68キー）,メカニカル（磁気スイッチ）,PBT,有線 USB,有線給電,"￥8,999",ゲーミングキーボード,8000Hz,ラピッドトリガー,US英語配列,未記載
k-gmg-018,未記載,ATTACK SHARK X820ULTRA メカニカルキーボード 75% 3モード ガスケット 5層消音 LEDディスプレイ ノブ 40…,ATTACK SHARK X820ULTRA メカニカルキーボード 75% 3モード ガスケット 5層消音 LEDディスプレイ ノブ 4000mAh,75%,メカニカル（ガスケット）,PBT,2.4GHz / Bluetooth / 有線 USB,充電式,"￥10,999",ゲーミングキーボード,未記載,未記載,US英語配列,未記載
k-tbl-016,未記載,Bluetoothワイヤレスキーボード タッチパッド付き USB Type-C充電式 薄型静音,Bluetoothワイヤレスキーボード タッチパッド付き USB Type-C充電式 薄型静音,75%,パンタグラフ,ABS,Bluetooth,充電式,"￥2,380",未記載,未記載,未記載,US英語配列,未記載
k-gbs-p2-078,未記載,DAREU COOL68 ゲーミングキーボード 0.01mm ラピッドトリガー対応 光翼ライトボックス 有線8000hzポーリングレート …,DAREU COOL68 ゲーミングキーボード 0.01mm ラピッドトリガー対応 光翼ライトボックス 有線8000hzポーリングレート 磁気スイッチ SOCD対応 ホットスワップ 65%英語配列 テンキーレス 白/ブルー【1年間メーカー保証】,65%,メカニカル（磁気スイッチ）,PBT,有線 USB,有線給電,"￥10,900",ゲーミングキーボード,8000Hz,ラピッドトリガー,US英語配列,未記載
k-gnr-p2-070,未記載,DAREU FLEX75 ゲーミングキーボード 無線 ガスケット メカニカルキーボード 75% テンキーレス 英語配列 2.4Gワイヤレス…,DAREU FLEX75 ゲーミングキーボード 無線 ガスケット メカニカルキーボード 75% テンキーレス 英語配列 2.4Gワイヤレス/Bluetooth/有線USB接続可能 ホットスワップ対応 音量調節ノブ付き 赤兎軸（リニア類赤軸） 白/ホワイト 技適認証取得【1年…,75%,メカニカル（ガスケット）,PBT,有線 USB / 2.4GHz (USBレシーバー) / Bluetooth,充電式,"￥8,960",ゲーミングキーボード,1000Hz,未記載,US英語配列,未記載
k-gnr-p2-078,未記載,EverGlide AE68 Pro Black Translucent ラピッドトリガーキーボード,【日本正規代理店】EverGlide AE68 Pro Black Translucent ラピッドトリガーキーボード,65％,メカニカル（磁気スイッチ）,ABS,有線 USB,有線給電,"￥8,909",ゲーミングキーボード,8000Hz,ラピッドトリガー,US英語配列,未記載
k-gmg-p2-069,未記載,GravaStar Mercury K1 Lite ゲーミングキーボード 日本語配列 無線 75%レイアウト オーロラ RGBバックライト…,GravaStar Mercury K1 Lite ゲーミングキーボード 日本語配列 無線 75%レイアウト オーロラ RGBバックライト ワイヤレス | 唯一無二のフォルム テンキーレス ホットスワップ対応 ガスケット構造 Bluetooth5.0 有線接続 透明キーキャ…,75%,メカニカル（ガスケット）,ABS,有線 USB / 2.4GHz (USBレシーバー) / Bluetooth,充電式,"￥14,980",ゲーミングキーボード,1000Hz,未記載,JIS日本語配列,未記載
k-gbs-013,未記載,GravaStar Mercury K1 かわいいホワイト ゲーミングキーボード 無線 テンキーレス RGBライト ワイヤレス Bluet…,GravaStar Mercury K1 かわいいホワイト ゲーミングキーボード 無線 テンキーレス RGBライト ワイヤレス Bluetooth接続,75%,メカニカル（ガスケット）,PC（ポリカーボネート / 半透明）,有線 USB / 2.4GHz (USBレシーバー) / Bluetooth,充電式,"￥22,980",ゲーミングキーボード,1000Hz,未記載,JIS日本語配列/US英語配列,未記載
k-nr-006,未記載,HKW. タイプライター風キーボード 61キー 青軸 USB-C有線 メカニカルキーボード LEDバックライト 丸型キー Windows/…,HKW. タイプライター風キーボード 61キー 青軸 USB-C有線 メカニカルキーボード LEDバックライト 丸型キー Windows/Mac対応 シルバー,60%,メカニカル（青軸）,ABS,有線 USB Type-C,有線給電,"￥5,980",未記載,未記載,未記載,US英語配列,未記載
k-bs-p2-079,未記載,HP ワイヤレス キーボード 英字配列 HP 230 ブラック,HP ワイヤレス キーボード 英字配列 HP 230 ブラック | フルサイズ テンキー US配列 静音 薄型 最大16ヶ月のロングバッテリー Windows Mac 無線 2.4GHz USBドングル (3L1E7AA#UUF) 国内正規品,フルサイズ,メカニカル（メンブレン）,ABS,2.4GHz (USBレシーバー),単4形乾電池×2本,"￥2,950",未記載,未記載,未記載,US英語配列,未記載
k-gbs-p2-080,未記載,HUO JI ゲーミングキーボード 有線 テンキー付き 静音メンブレン メカニカル風打鍵感 RGBバックライト US配列 ホワイト,HUO JI ゲーミングキーボード 有線 テンキー付き 静音メンブレン メカニカル風打鍵感 RGBバックライト US配列 ホワイト | 25キーロールオーバー（アンチゴースト）ゲーム用 オフィス用 人間工学 PC/PS4/PS5/Xbox対応,フルサイズ,メカニカル（メンブレン）,ABS,有線 USB,有線給電,"￥3,298",ゲーミングキーボード,未記載,未記載,US英語配列,未記載
k-gmg-014,未記載,HyperX Alloy Origins Core RGB メカニカルゲーミングキーボード 日本語配列 テンキーレス 4P5P3AJ#ABJ,HyperX Alloy Origins Core RGB メカニカルゲーミングキーボード 日本語配列 テンキーレス 4P5P3AJ#ABJ,テンキーレス,メカニカル,ABS,有線 USB,有線給電,"￥11,980",ゲーミングキーボード,1000Hz,未記載,JIS日本語配列,未記載
k-gnr-p2-068,未記載,KiiBOOM Phantom98 Lite 96% ワイヤレス ゲーミングキーボード VIAプログラマブル対応 クリーミーガスケット構造…,KiiBOOM Phantom98 Lite 96% ワイヤレス ゲーミングキーボード VIAプログラマブル対応 クリーミーガスケット構造 かわいいキーボード 8000mAhバッテリー メカニカルキーボード NKRO ホットスワップ対応 RGBバックライト付き Window…,96%,メカニカル（ガスケット）,PC（ポリカーボネート / 半透明）,2.4GHz / Bluetooth / 有線 USB,充電式,"￥19,450",ゲーミングキーボード,未記載,未記載,US英語配列,未記載
k-gbs-p2-068,未記載,MageGee ミニ 60% ゲーミングキーボード、RGB バックライト 61キー 超コンパクトキーボード、TS91 人間工学的 防水 メ…,MageGee ミニ 60% ゲーミングキーボード、RGB バックライト 61キー 超コンパクトキーボード、TS91 人間工学的 防水 メカニカルフィーリング オフィスコンピューターキーボード PC、MAC、PS4、Xbox ONE ゲーマー用（ブラック）,60%,メカニカル（メンブレン）,ABS,有線 USB,有線給電,"￥2,970",ゲーミングキーボード,未記載,未記載,US英語配列,未記載
k-gbs-p2-051,未記載,MAGIC-REFINER K68 ゲーミングキーボード Bluetooth ワイヤレス 2.4GHz 赤軸 テンキーレス RGB,MAGIC-REFINER K68 ゲーミングキーボード Bluetooth ワイヤレス 2.4GHz 赤軸 テンキーレス RGB,65%,メカニカル,ABS,2.4GHz / Bluetooth / 有線 USB,単4形乾電池×2本,"￥3,383",ゲーミングキーボード,未記載,未記載,US英語配列,未記載
k-gmg-p2-062,未記載,MAMBASNAKE+ZiYouLang M87 ゲーミングキーボード ワイヤレス Bluetooth/2.4GHz 80% 87キー メ…,MAMBASNAKE+ZiYouLang M87 ゲーミングキーボード ワイヤレス Bluetooth/2.4GHz 80% 87キー メンブレン式 テンキーレス コンパクトキーボード 快速接続 最大3台マルチペアリング対応 静音 軽量化 無線 小型 iPad Window…,80％,メカニカル（メンブレン）,PBT,2.4GHz / Bluetooth / 有線 USB,充電式,"￥4,299",ゲーミングキーボード,未記載,未記載,US英語配列,未記載
k-gmg-025,未記載,MAMBASNAKE×AJAZZ AK680 有線ゲーミングキーボード 茶軸 軽量 メカニカルキーボード ホットスワップ対応 小型68キー…,MAMBASNAKE×AJAZZ AK680 有線ゲーミングキーボード 茶軸 軽量 メカニカルキーボード ホットスワップ対応 小型68キー RGB照明 ボール型キーキャップ EVAサンドイッチ WIN/MAC/ANDROID対応 ―グレー,65%,メカニカル,ABS,有線 USB,有線給電,"￥2,659",ゲーミングキーボード,未記載,未記載,US英語配列,未記載
k-bs-p2-073,未記載,Nillkin 【公式直営店】キーボード Bluetooth 折りたたみ式 ワイヤレス ipad キーボード ipad mini 薄型 軽…,【2026年最新型】Nillkin 【公式直営店】キーボード Bluetooth 折りたたみ式 ワイヤレス ipad キーボード ipad mini 薄型 軽量 3台同時接続 テンキー＆ タッチパッド搭載 Type-C充電式 トラックパッド マルチペアリング iOS/And…,折りたたみ,パンタグラフ,ABS,Bluetooth,充電式,"￥9,499",未記載,未記載,未記載,US英語配列,未記載
k-nr-011,未記載,Perixx PERIBOARD-427 US、トラックボール付き有線バックライトUSBキーボード - 白色および赤色バックライト機能 -…,Perixx PERIBOARD-427 US、トラックボール付き有線バックライトUSBキーボード - 白色および赤色バックライト機能 - コンパクトな28.4×18.2×2.8 cm寸法 - 内蔵USBハブ2基 - US英語,75%,パンタグラフ,ABS,有線 USB,有線給電,"￥7,999",未記載,未記載,未記載,US英語配列,トラックボール
k-bs-p2-059,未記載,Perixx(ペリックス) PERIBOARD-106MJP キーボード 有線 パフォーマンス USB フルキー テンキー付き 最大100…,Perixx(ペリックス) PERIBOARD-106MJP キーボード 有線 パフォーマンス USB フルキー テンキー付き 最大1000万回のキーストローク ヴィンテージカラー【正規保証品】JIS配列準拠 (日本語・ベージュ),フルサイズ,メカニカル（メンブレン）,ABS,有線 USB,有線給電,"￥4,999",未記載,未記載,未記載,JIS日本語配列,未記載
k-gbs-p2-069,未記載,Redragon K524 ゲーミングキーボード 有線 75% テンキーレス 静音メンブレン式 メカニカルタッチ RGBバックライト 英語配列,Redragon K524 ゲーミングキーボード 有線 75% テンキーレス 静音メンブレン式 メカニカルタッチ RGBバックライト 英語配列 | マクロ機能 26キー同時押し アンチゴースト対応 オフィス・ゲーム用 コンパクトレイアウト USB Type-C接続 PS5/…,75%,メカニカル（メンブレン）,ABS,有線 USB Type-C,有線給電,"￥3,698",ゲーミングキーボード,未記載,未記載,US英語配列,未記載
k-gbs-p2-060,未記載,Redragon K524 無線 ゲーミングキーボード 75% テンキーレス 2.4G/Bluetooth/USB有線 英語配列 ブラック,Redragon K524 無線 ゲーミングキーボード 75% テンキーレス 2.4G/Bluetooth/USB有線 英語配列 ブラック,75%,メカニカル（メンブレン）,ABS,2.4GHz / Bluetooth / 有線 USB,充電式,"￥5,180",ゲーミングキーボード,未記載,未記載,US英語配列,未記載
k-nr2-054,未記載,Redragon K710 無線 ゲーミングキーボード 青軸 テンキー付き Bluetooth/2.4G/有線 RGB US配列 技適認証取得,Redragon K710 無線 ゲーミングキーボード 青軸 テンキー付き Bluetooth/2.4G/有線 RGB US配列 技適認証取得,75%,メカニカル（メンブレン）,ABS,Bluetooth,電池式,"￥6,600",未記載,未記載,未記載,US英語配列,未記載
k-gbs-p2-064,未記載,RK ROYAL KLUDGE R75 メカニカルキーボード 有線｜日本語配列｜ボリュームノブ搭載｜ゲーミングキーボード 75%カスタム｜…,【Amazon.co.jp限定】RK ROYAL KLUDGE R75 メカニカルキーボード 有線｜日本語配列｜ボリュームノブ搭載｜ゲーミングキーボード 75%カスタム｜ガスケットマウント構造・RGBバックライト・ソフトウェア対応｜Cherry Profileプロファイル・…,75%,メカニカル,PBT,有線 USB,有線給電,"￥9,999",ゲーミングキーボード,未記載,未記載,JIS日本語配列,未記載
k-gnr-p1-017,未記載,RK ROYAL KLUDGE R98 Pro ゲーミングキーボード 日本語配列 フルサイズ メカニカルキーボード 有線 ボリュームノブ・…,【Amazon.co.jp限定】RK ROYAL KLUDGE R98 Pro ゲーミングキーボード 日本語配列 フルサイズ メカニカルキーボード 有線 ボリュームノブ・ガスケットマウント・RGBバックライト・PBTキーキャップ (Cherry Profile) ホットスワ…,96%,メカニカル（ガスケット）,PBT,有線 USB,有線給電,"￥11,900",ゲーミングキーボード,1000Hz,未記載,JIS日本語配列,未記載
k-gmg-p2-061,未記載,RK ROYAL KLUDGE RK61 ワイヤレス 60% メカニカルキーボード、ミニポータブルサイズ、US QWERTY レイアウト,RK ROYAL KLUDGE RK61 ワイヤレス 60% メカニカルキーボード、ミニポータブルサイズ、US QWERTY レイアウト,60%,メカニカル,PBT,2.4GHz / Bluetooth / 有線 USB,充電式,"￥5,359",ゲーミングキーボード,未記載,未記載,US英語配列,未記載
k-gnr-p1-021,未記載,RK ROYAL KLUDGE RK61JP ワイヤレス 60% メカニカルキーボード、ミニポータブルサイズ、日本語QWERTY レイアウト,RK ROYAL KLUDGE RK61JP ワイヤレス 60% メカニカルキーボード、ミニポータブルサイズ、日本語QWERTY レイアウト | 61キー 3モード BT5.0/2.4G/USB-C 対応コンパクトゲーミングキーボード ― PBTキーキャップ、専用ソフトウェ…,60%（JIS日本語配列）,メカニカル,PBT,2.4GHz / Bluetooth / 有線 USB,充電式,"￥6,749",ゲーミングキーボード,未記載,未記載,JIS日本語配列,未記載
k-nr-016,未記載,SENECESLI 韓国語キーボード、78キーUSB有線超スリム軽量こぼれ防止人間工学に基づいたチルトデザイン、色あせ防止PCラップトップ…,SENECESLI 韓国語キーボード、78キーUSB有線超スリム軽量こぼれ防止人間工学に基づいたチルトデザイン、色あせ防止PCラップトップデスクトホームオフィスタイピング用,75%,メカニカル,ABS,有線 USB,有線給電,"￥2,308",未記載,未記載,未記載,韓国語配列,未記載
k-gbs-p2-066,未記載,SteelSeries ゲーミングキーボード テンキーレス 有線 Apex 3 TKL 日本語配列 静音スイッチ IP32防滴 24キー同…,SteelSeries ゲーミングキーボード テンキーレス 有線 Apex 3 TKL 日本語配列 静音スイッチ IP32防滴 24キー同時押し対応 ブラック,80％,メカニカル（メンブレン）,ABS,有線 USB,有線給電,"￥8,573",ゲーミングキーボード,1000Hz,未記載,JIS日本語配列,未記載
k-gbs-026,未記載,SteelSeries ラピッドトリガー 搭載 ゲーミングキーボード ミニサイズ Apex Pro Mini JP 有線 日本語配列 Om…,SteelSeries ラピッドトリガー 搭載 ゲーミングキーボード ミニサイズ Apex Pro Mini JP 有線 日本語配列 OmniPointスイッチ 2ーinー1アクションキー 搭載 64825 ブラック,60%,メカニカル（磁気スイッチ）,PBT,有線 USB,有線給電,"￥27,027",ゲーミングキーボード,1000Hz,ラピッドトリガー,JIS日本語配列,未記載
k-nr2-058,未記載,Valour Doer ou108 メカニカルキーボード 日本語配列 有線 フルサイズ ゲーミングキーボード 108キー 全キーロールオー…,Valour Doer ou108 メカニカルキーボード 日本語配列 有線 フルサイズ ゲーミングキーボード 108キー 全キーロールオーバー LEDバックライト Win／Mac対応 テンキー付き USB-A ブラック 青軸,フルサイズ,メカニカル,ABS,有線 USB,有線給電,"￥5,999",ゲーミングキーボード,未記載,未記載,JIS日本語配列,未記載
k-gnr-p1-012,未記載,Womier DK98pro キーボード 98キー ゲーミングキーボード ワイヤレス 静音キー テンキー付き 3モード接続,Womier DK98pro キーボード 98キー ゲーミングキーボード ワイヤレス 静音キー テンキー付き 3モード接続 | BT5.0/2.4GHz/USB-C クリーミーでかわいい RGBバックライト メディアノブ OLEDスクリーン付き MAC・Windows対応,96%,メカニカル（メンブレン）,ABS,2.4GHz / Bluetooth / 有線 USB,充電式,"￥5,794",ゲーミングキーボード,未記載,未記載,US英語配列,未記載
k-nr-007,未記載,YIVU Sofle ワイヤレス 分割キーボード 左右分離 エルゴノミクス 静音メカニカルキーボード 2.4GHz無線 ホットスワップ Q…,YIVU Sofle ワイヤレス 分割キーボード 左右分離 エルゴノミクス 静音メカニカルキーボード 2.4GHz無線 ホットスワップ QMK/VIAL対応 Mac/Windows対応,80％,メカニカル,PBT,2.4GHz / Bluetooth / 有線 USB,充電式,"￥20,570",ゲーミングキーボード,1000Hz,未記載,JIS日本語配列,未記載
k-nr-009,未記載,YIVU 左右分離型メカニカルキーボード Borne 有線 エルゴノミクス 60%分割型キーボード ホットスワップ対応 QMK/VIAL対…,YIVU 左右分離型メカニカルキーボード Borne 有線 エルゴノミクス 60%分割型キーボード ホットスワップ対応 QMK/VIAL対応 リニア軸 PBTキーキャップ ロータリーノブ搭載 プログラマブル RGBバックライト ブラック,60%,メカニカル,PBT,有線 USB,有線給電,"￥17,999",ゲーミングキーボード,1000Hz,未記載,US英語配列,未記載
k-gmg-p2-053,未記載,ZIYOULANG T60 ゲーミングキーボード メカニカルキーボード 青軸 二色射出成形技術・キーキャップ 金属航空コネクターケーブル付き,ZIYOULANG T60 ゲーミングキーボード メカニカルキーボード 青軸 二色射出成形技術・キーキャップ 金属航空コネクターケーブル付き,60%,メカニカル,ABS,有線 USB,有線給電,"￥4,299",ゲーミングキーボード,未記載,未記載,US英語配列,未記載
k-gnr-p2-054,未記載,センチュリー 「RACEN」磁気スイッチ式 日本語配列 テンキーレスゲーミングキーボード 色：ホワイト CRC-GKMGRT01WT2_F…,センチュリー 「RACEN」磁気スイッチ式 日本語配列 テンキーレスゲーミングキーボード 色：ホワイト CRC-GKMGRT01WT2_FP ラピッドトリガー 国内サポート キートップ／スイッチリムーバー付き,80％,メカニカル（磁気スイッチ）,ABS,有線 USB,有線給電,"￥9,900",ゲーミングキーボード,1000Hz,ラピッドトリガー,US英語配列,未記載
k-tbl-049,未記載,タッチパッド付きキーボード 充電式 薄型・軽量・静音 小型,タッチパッド付きキーボード 充電式 薄型・軽量・静音 小型,コンパクト,パンタグラフ,ABS,Bluetooth,充電式,"￥2,280",未記載,未記載,未記載,US英語配列,未記載
k-gnr-p2-058,未記載,プログラマブル2キー ノブ付き,ホットスワップ青軸 2キー+ノブ カスタムマクロ対応,75%,メカニカル（メンブレン）,ABS,有線 USB,有線給電,"￥1,455",未記載,未記載,未記載,US英語配列,未記載
k-nr2-065,未記載,ミニキーボード 有線 78キー（白）,ミニキーボード 有線 78キー 薄型 静音 高耐久レーザー刻印 軽量230g プロ仕様 ゼロ遅延 オフィス対応 (白),コンパクト（78キー）,メカニカル（メンブレン）,ABS,有線 USB,有線給電,"￥1,100",未記載,未記載,未記載,US英語配列,未記載
k-tbl-012,未記載,ワイヤレスキーボード bluetooth 折りたたみ iPad タブレット スマホ パソコン 3台同時切替接続 無線 薄型 軽量 静音 マ…,ワイヤレスキーボード bluetooth 折りたたみ iPad タブレット スマホ パソコン 3台同時切替接続 無線 薄型 軽量 静音 マルチペアリング タッチパッド付き iOS/Windows/Android/Mac/Google対応 Type-C急速充電 iPad/iP…,テンキーレス（コンパクト）,パンタグラフ,未記載,Bluetooth,充電式,"￥6,299",未記載,未記載,未記載,US英語配列,未記載
k-gnr-p2-056,未記載,片手マクロキーボード 3キー+ノブ,USBミニキーパッド プログラム可能 3キー+押せるノブ 赤軸,マクロパッド（3キー+ノブ）,メカニカル（赤軸）,未記載,有線 USB,有線給電,"￥1,423",未記載,未記載,未記載,未記載,未記載
k-nr-012,未記載,有線 US 配列キーボード レトロタイプライター風 円形キーキャップ バックライト付き 3 段階輝度調整 フルサイズ テンキー搭載 Win…,有線 US 配列キーボード レトロタイプライター風 円形キーキャップ バックライト付き 3 段階輝度調整 フルサイズ テンキー搭載 Windows/ノート PC 対応 静音設計 オフィス/ゲーミング用 (Purple),フルサイズ,メカニカル（メンブレン）,ABS,有線 USB,有線給電,"￥3,799",未記載,未記載,未記載,US英語配列,未記載
k-gmg-029,未記載,有線フローティングゲーミングキーボード ライトアップ USBキーボード メカニカルキーボード 手触りRGBバックライトキーボード ゲームア…,有線フローティングゲーミングキーボード ライトアップ USBキーボード メカニカルキーボード 手触りRGBバックライトキーボード ゲームアクセサリー ポータブルコンピュータキーボード クールなもの 男性女性への誕生日プレゼント(C),96%,メカニカル（メンブレン）,ABS,有線 USB,有線給電,"￥2,350",ゲーミングキーボード,未記載,未記載,US英語配列,未記載
k-nr2-057,Acogedor,Acogedor 折りたたみ式 Bluetooth キーボード（タッチパッド付き）,Acogedor 折りたたみ式 Bluetooth キーボード、大型タッチパッドとマルチタッチ ジェスチャーを備えた充電式ワイヤレス キーボード、 IOS ラップトップ タブレット スマートフォン用 (グレー),コンパクト,メカニカル（パンタグラフ）,ABS,Bluetooth,充電式,"￥3,621",未記載,未記載,未記載,US英語配列,未記載
k-gp3-004,AIM1,AIM1 MATAKI,"AIM1 Instant Rapid Trigger 0.01mm Gaming Keyboard 75% Size Polling Rate 8000Hz MATAKI (Black, English Layout)",75%,メカニカル（磁気式  / ラピッドトリガー）,PBT,有線 USB,有線給電,"￥14,980",ゲーミングキーボード,8000Hz,ラピッドトリガー,US英語配列,未記載
k-gmg-012,AIM1,AIM1 瞬 ラピッドトリガー 0.01mm ゲーミングキーボード 75%サイズ ポーリングレート8000Hz MATATAKI,AIM1 瞬 ラピッドトリガー 0.01mm ゲーミングキーボード 75%サイズ ポーリングレート8000Hz MATATAKI,75%,メカニカル（磁気スイッチ）,PBT,有線 USB,有線給電,"￥14,980",ゲーミングキーボード,8000Hz,ラピッドトリガー,JIS日本語配列,未記載
k-gnr-p1-029,AJAZZ,AJAZZ AK820,75% 82キー・USB-C有線・ガスケット・ノブ付き・ホットスワップ,75%,メカニカル（ガスケット・ホットスワップ）,ABS,有線 USB Type-C,有線給電,"￥2,724",未記載,未記載,未記載,未記載,未記載
k-gnr-p1-030,AJAZZ,AJAZZ AK820,75% 82キー・USB-C有線・ガスケット・ノブ付き（別SKU）,75%,メカニカル（ガスケット・ホットスワップ）,PBT,有線 USB Type-C,有線給電,"￥6,999",ゲーミングキーボード,1000Hz,未記載,US英語配列,未記載
k-gnr-p2-080,AJAZZ,AJAZZ AK820V2,75% Hall Effect 0.001mm RT 8K 磁気スイッチ,75%,メカニカル（磁気スイッチ）,PBT,有線 USB,有線給電,"￥9,380",ゲーミングキーボード,8000Hz,ラピッドトリガー,US英語配列,未記載
k-bs-005,Amazon Basics,Amazonベーシック 有線キーボード 日本語配列 ブラック,Amazonベーシック 有線キーボード 日本語配列 ブラック,フルサイズ,メカニカル（メンブレン）,ABS,有線 USB,有線給電,"￥1,602",未記載,未記載,未記載,JIS日本語配列,未記載
k-bs-009,Anker,Anker ウルトラスリム Keyboard,Anker ウルトラスリム Keyboard | Bluetooth ワイヤレスキーボード iOS/Android/Mac/Windows対応/長時間稼働 ホワイト テレワーク リモート 在宅勤務,75%,パンタグラフ,ABS,Bluetooth,単4形乾電池×2本,"￥2,000",未記載,未記載,未記載,US英語配列,未記載
k-gnr-p1-023,ATTACK SHARK,ATTACK SHARK M36HE,36キー片手ゲーミングKB・8000Hz・磁気RT・0.01mm精度,片手キーボード（36キー）,メカニカル（磁気スイッチ）,PBT,有線 USB,有線給電,"￥6,499",ゲーミングキーボード,8000Hz,ラピッドトリガー,US英語配列,未記載
k-tbl-009,Aulaiiex,Aulaiiex Surface Pro キーボード Surface Pro 7+/7/6/5/4/3 日本語配列キーボード、 Bluet…,Aulaiiex Surface Pro キーボード Surface Pro 7+/7/6/5/4/3 日本語配列キーボード、 Bluetooth 無線接続、パームリジェクション付きタッチパッド、Type-C 充電、7色バックライト搭載、ブラック,75%,パンタグラフ,ABS,Bluetooth,充電式,"￥6,398",未記載,未記載,未記載,JIS日本語配列,未記載
k-tbl-005,Avidpad,Avidpad タッチパッド付きキーボード Bluetooth ワイヤレスキーボード TELEC認証取得済み 薄型 軽量 厚さ6mm 約2…,Avidpad タッチパッド付きキーボード Bluetooth ワイヤレスキーボード TELEC認証取得済み 薄型 軽量 厚さ6mm 約210g Type-C充電式 静音 小型 iPad iPhone Windows Android Mac OS対応 タブレット スマホ パ…,75%,パンタグラフ,ABS,Bluetooth,充電式,"￥2,390",未記載,未記載,未記載,US英語配列,未記載
k-tbl-042,BORIYUAN,BORIYUAN iPad Air/Pro 11インチ キーボード付きケース 磁気吸着 Air(第4/5世代/M2/M3)・Pro11(第1-…,BORIYUAN iPad Air/Pro 11インチ キーボードケース 磁気吸着 Air(第4/5世代/M2/M3)・Pro11(第1-4世代)兼用,75%,パンタグラフ,ABS,Bluetooth,充電式,"￥12,999",未記載,未記載,未記載,US英語配列,未記載
k-tbl-025,Buffalo,BSKBB105BK,バッファロー Bluetooth5.0 対応 フルキーボード Windows/Mac/iPadOS/iOS/Android/PS4 テレワーク リモート 在宅 ブラック BSKBB105BK,JIS日本語配列（フルサイズ）,メカニカル（メンブレン）,未記載,Bluetooth 5.0,単3形乾電池×2本,"￥4,199",未記載,未記載,未記載,未記載,未記載
k-tbl-026,Buffalo,BSKBB105BK,バッファロー Bluetooth5.0 対応 フルキーボード Windows/Mac/iPadOS/iOS/Android/PS4 テレワーク リモート 在宅 ブラック BSKBB105BK,フルサイズ,パンタグラフ,ABS,Bluetooth,単4形乾電池×2本,"￥2,231",未記載,未記載,未記載,JIS日本語配列,未記載
k-bs-011,Buffalo,バッファロー キーボード ワイヤレス BSKBW125BK,バッファロー キーボード ワイヤレス BSKBW125BK,フルサイズ,メカニカル（メンブレン）,ABS,2.4GHz (USBレシーバー),単3形乾電池×1本,"￥1,660",未記載,未記載,未記載,JIS日本語配列,未記載
k-bs-025,Buffalo,バッファロー キーボード ワイヤレス ミニ 薄型 持ち運び USB レシーバー付属 日本語 ブラック BSKBW355BK,バッファロー キーボード ワイヤレス ミニ 薄型 持ち運び USB レシーバー付属 日本語 ブラック BSKBW355BK,テンキーレス（コンパクト）,パンタグラフ,ABS,2.4GHz (USBレシーバー),単4形乾電池×2本,"￥2,180",未記載,未記載,未記載,JIS日本語配列,未記載
k-bs-p2-056,Buffalo,バッファロー キーボード 有線 USB接続 ホワイト BSKBU14WH,バッファロー キーボード 有線 USB接続 ホワイト BSKBU14WH,テンキーレス（コンパクト）,パンタグラフ,ABS,有線 USB,有線給電,"￥1,745",未記載,未記載,未記載,JIS日本語配列,未記載
k-gnr-p2-072,CORSAIR,CORSAIR GALLEON 100 SD有線メカニカルキーボード日本語配列 – 黒 CH-912A31I-JP,CORSAIR GALLEON 100 SD有線メカニカルキーボード日本語配列 – 黒 CH-912A31I-JP | Elgato Stream Deckの統合、潤滑済みホットスワップ可能なMLXパルス・トッキー・キースイッチ、PBTキーキャップ、Flash…,フルサイズ,メカニカル,PBT,有線 USB,有線給電,"￥47,146",ゲーミングキーボード,8000Hz,未記載,JIS日本語配列,未記載
k-gp3-001,CORSAIR,K70 PRO TKL,"Corsair CH-911921G-JP2 K70 Pro TKL MGX Gaming Keyboard Hyperdrive Magnetic Key Switch w/ Rapid Trigger, Detachable Palm Rest, Black/White…",80％,メカニカル（磁気式  / CORSAIR MGX / ラピッドトリガー）,PBT,有線 USB,有線給電,"￥25,641",ゲーミングキーボード,8000Hz,ラピッドトリガー,JIS日本語配列,未記載
k-bs-p2-052,ELECOM,エレコム キーボード 有線 メンブレン 1000万回高耐久 ブラック TK-FCM062BK,エレコム キーボード 有線 メンブレン 1000万回高耐久 ブラック TK-FCM062BK,フルサイズ,メカニカル（メンブレン）,ABS,有線 USB,有線給電,"￥1,231",未記載,未記載,未記載,JIS日本語配列,未記載
k-gmg-057,ELECOM,エレコム ゲーミングキーボード V-custom VK200S 有線 テンキーレス 65%サイズ メカニカル ネオクラッチキーキャップ 銀…,エレコム ゲーミングキーボード V-custom VK200S 有線 テンキーレス 65%サイズ メカニカル ネオクラッチキーキャップ 銀軸 スピードリニア USBポート搭載 TK-VK200SBK,65%,メカニカル,PBT,有線 USB,有線給電,"￥5,630",ゲーミングキーボード,1000Hz,未記載,JIS日本語配列,未記載
k-bs-p2-055,ELECOM,エレコム ワイヤレス キーボード 無線 メンブレン式 コンパクト Caps Lock機能無効化スイッチ搭載 500万回高耐久キー採用 抗菌…,エレコム ワイヤレス キーボード 無線 メンブレン式 コンパクト Caps Lock機能無効化スイッチ搭載 500万回高耐久キー採用 抗菌 Windows 11/10 対応 ブラック TK-CM10DMKBK,75%,メカニカル（メンブレン）,ABS,2.4GHz (USBレシーバー),単3形乾電池×1本,"￥2,300",未記載,未記載,未記載,JIS日本語配列,未記載
k-bs-007,ELECOM,エレコム ワイヤレスキーボード Bluetooth フルキーボード テンキー付 薄型 メンブレン 抗菌 最大3台マルチペアリング対応 iP…,エレコム ワイヤレスキーボード Bluetooth フルキーボード テンキー付 薄型 メンブレン 抗菌 最大3台マルチペアリング対応 iPad/Surface/テンキー付 ブラック TK-FBM120KBK/EC,フルサイズ（JIS日本語配列）,メカニカル（メンブレン）,ABS,Bluetooth,単4形乾電池×2本,"￥2,399",未記載,未記載,未記載,JIS日本語配列,未記載
k-bs-p2-062,ELECOM,エレコム ワイヤレスキーボード Bluetooth 子供用 パソコン学習 プログラミング KEY PALETTO キーパレット 大阪電気通…,エレコム ワイヤレスキーボード Bluetooth 子供用 パソコン学習 プログラミング KEY PALETTO キーパレット 大阪電気通信大学 兼宗進副学長監修 iPadOS iOS用 抗菌 よみがなシール付 ブラック TK-FS10BMKIBK,75%,メカニカル（メンブレン）,ABS,Bluetooth,単3形乾電池×1本,"￥3,100",未記載,未記載,未記載,JIS日本語配列,未記載
k-bs-023,ELECOM,エレコム ワイヤレスキーボード コンパクト テンキー付 パンタグラフ式 薄型 ブラック TK-FDP099TBK/EC,エレコム ワイヤレスキーボード コンパクト テンキー付 パンタグラフ式 薄型 ブラック TK-FDP099TBK/EC,90％,パンタグラフ,ABS,2.4GHz (USBレシーバー),単4形乾電池×2本,"￥2,880",未記載,未記載,未記載,JIS日本語配列,未記載
k-bs-003,ELECOM,エレコム ワイヤレスキーボード メンブレン 薄型 フルキーボード テンキー ブラック TK-FDM110TXBK,エレコム ワイヤレスキーボード メンブレン 薄型 フルキーボード テンキー ブラック TK-FDM110TXBK,フルサイズ,メカニカル（メンブレン）,ABS,2.4GHz (USBレシーバー),単3形乾電池×1本,"￥1,899",未記載,未記載,未記載,JIS日本語配列,未記載
k-bs-006,ELECOM,エレコム ワイヤレスキーボード 静音 テンキー付 薄型コンパクトサイズ Windows ChromeOS macOS対応 ブラック TK-…,エレコム ワイヤレスキーボード 静音 テンキー付 薄型コンパクトサイズ Windows ChromeOS macOS対応 ブラック TK-QT30DMBK,90％,パンタグラフ,ABS,2.4GHz (USBレシーバー),単4形乾電池×2本,"￥2,690",未記載,未記載,未記載,JIS日本語配列,未記載
k-bs-021,ELECOM,エレコム 有線 フルキーボード 静音設計 抗菌 ブラック TK-FCM114SKBK,エレコム 有線 フルキーボード 静音設計 抗菌 ブラック TK-FCM114SKBK,フルサイズ,メカニカル（メンブレン）,ABS,有線 USB,有線給電,"￥2,150",未記載,未記載,未記載,JIS日本語配列,未記載
k-bs-002,ELECOM,エレコム 有線キーボード メンブレン ブラック TK-FFCM01BK,エレコム 有線キーボード メンブレン ブラック TK-FFCM01BK,フルサイズ（日本語108キー）,メカニカル（メンブレン）,ABS,有線 USB Type-A,有線給電,"￥1,040",未記載,未記載,未記載,JIS日本語配列,未記載
k-bs-017,ELECOM,エレコム(ELECOM) キーボード 有線 メンブレン コンパクトキーボード ブラック TK-FCM103XBK,エレコム(ELECOM) キーボード 有線 メンブレン コンパクトキーボード ブラック TK-FCM103XBK,80％,メカニカル（メンブレン）,ABS,有線 USB,有線給電,"￥1,495",未記載,未記載,未記載,JIS日本語配列,未記載
k-gnr-p2-069,EPOMAKER,EPOMAKER HE108 ラピトリ ホール効果ゲーミングキーボード 8Kポーリング＆128Kスキャン SOCD &amp; DKS ホ…,EPOMAKER HE108 ラピトリ ホール効果ゲーミングキーボード 8Kポーリング＆128Kスキャン SOCD &amp; DKS ホットスワップ対応 | 2.4GHz/BT/USB有線 108キーフルサイズ 0.005mmアクチュエーションポイント 調整可能 高速トリ…,フルサイズ（108キー）,メカニカル（ガスケット,PBT,2.4GHz / Bluetooth / 有線 USB,有線給電,"￥16,800",ゲーミングキーボード,8000Hz,ラピッドトリガー,US英語配列,未記載
k-gnr-p1-026,EPOMAKER,EPOMAKER Split70,70%左右分割型（68キー）・QMK/VIA・3モード接続（2.4G/BT5.0/Type-C）・PBT・ノブ付き,70% 左右分割型（約70%相当 / 68キー）,メカニカル（ホットスワップ対応 / ガスケットマウント＆多層吸音フォーム構造）,PBT（耐摩耗性・質感に優れた素材）,2.4GHz (USBレシーバー) / Bluetooth 5.0 / 有線 USB,充電式,"￥17,500",未記載,1000Hz,未記載,未記載,未記載
k-gnr-p1-027,EPOMAKER,EPOMAKER Split70 ワイヤレスゲーミングキーボード 分割キーボード QMK/VIA対応 テンキーレス 70% メカニカルキーボード,EPOMAKER Split70 ワイヤレスゲーミングキーボード 分割キーボード QMK/VIA対応 テンキーレス 70% メカニカルキーボード | 無線 ホットスワップ対応 クリーミーリニアスイッチ 2.4Ghz/BT/Type-C ノブ付き RGBバックライト PBTキ…,70% 分割（テンキーレス）,メカニカル（ガスケット,PBT,2.4GHz / Bluetooth / 有線 USB,充電式,"￥20,300",ゲーミングキーボード,1000Hz,未記載,US英語配列,未記載
k-gnr-p1-019,EPOMAKER,EPOMAKER TH108 PRO,JISフルサイズ・画面+ノブ・10000mAh（別SKU）,フルサイズ,メカニカル（ガスケット,PBT,2.4GHz / Bluetooth / 有線 USB,充電式,"￥17,500",ゲーミングキーボード,未記載,未記載,US英語配列,未記載
k-gnr-p2-065,EPOMAKER,EPOMAKER TH80 V2 PRO ワイヤレスゲーミングキーボード 画面＆ノブ付き10000mAh 2.4GHz/BT/USB-C RGB,"EPOMAKER TH80 V2 PRO ワイヤレスゲーミングキーボード 画面＆ノブ付き10000mAh 2.4GHz/BT/USB-C RGB | ホットスワップ カスタムドライバー NKRO PBTキーキャップ PC/Mac用メカニカルキーボード (Black, Cre…",75%,メカニカル（ガスケット,PBT,2.4GHz / Bluetooth / 有線 USB,充電式,"￥11,600",ゲーミングキーボード,1000Hz,未記載,US英語配列,未記載
k-gbs-019,EPOMAKER,EPOMAKER TH87 JIS 日本語配列 TKL ワイヤレスゲーミングキーボード 2.4GHz/BT5.0/有線 テンキーレス,EPOMAKER TH87 JIS 日本語配列 TKL ワイヤレスゲーミングキーボード 2.4GHz/BT5.0/有線 テンキーレス | ホットスワップ対応 10000mAh 無線 メカニカルキーボード 91キーリニアスイッチ RGBバックライト ガスケット構造 PBTキー…,80％,メカニカル（ガスケット,PBT,2.4GHz / Bluetooth / 有線 USB,充電式,"￥12,500",ゲーミングキーボード,1000Hz,未記載,JIS日本語配列,未記載
k-nr2-060,EPOMAKER,EPOMAKER x AULA F108 PRO V2 ワイヤレスメカニカルキーボード フルサイズ ピクセルディスプレイ搭載 潤滑済みスイッチ,EPOMAKER x AULA F108 PRO V2 ワイヤレスメカニカルキーボード フルサイズ ピクセルディスプレイ搭載 潤滑済みスイッチ,フルサイズ,メカニカル（ガスケット,PBT,2.4GHz / Bluetooth / 有線 USB,充電式,"￥20,700",ゲーミングキーボード,未記載,未記載,US英語配列,未記載
k-gmg-p2-070,EPOMAKER,EPOMAKER x AULA F65 65%ワイヤレスメカニカルキーボード ホットスワップ対応ガスケットカスタムゲーミングキーボード 5…,EPOMAKER x AULA F65 65%ワイヤレスメカニカルキーボード ホットスワップ対応ガスケットカスタムゲーミングキーボード 5層パッド,65%,メカニカル,PBT,2.4GHz / Bluetooth / 有線 USB,充電式,"￥11,020",ゲーミングキーボード,未記載,未記載,US英語配列,未記載
k-nr2-061,EPOMAKER,EPOMAKER X Aula F75 MAX ワイヤレスメカニカルキーボードTFTスクリーンとノブ付き 75% US配列のガスケットキーボード,EPOMAKER X Aula F75 MAX ワイヤレスメカニカルキーボードTFTスクリーンとノブ付き 75% US配列のガスケットキーボード,75%,メカニカル（ガスケット,PBT,2.4GHz / Bluetooth / 有線 USB,充電式,"￥14,510",ゲーミングキーボード,1000Hz,未記載,US英語配列,未記載
k-gmg-003,EPOMAKER,EPOMAKER x Aula F75 ゲーミングキーボード ガスケット メカニカルキーボード 5層パッド＆ノブ付き 75% ワイヤレス,EPOMAKER x Aula F75 ゲーミングキーボード ガスケット メカニカルキーボード 5層パッド＆ノブ付き 75% ワイヤレス,75%,メカニカル,PBT,2.4GHz / Bluetooth / 有線 USB,充電式,"￥13,991",ゲーミングキーボード,1000Hz,未記載,US英語配列,未記載
k-gmg-p2-059,EPOMAKER,EPOMAKER x AULA F99 ワイヤレス メカニカルキーボード ホットスワップ対応 ガスケット カスタム ゲーミングキーボード …,EPOMAKER x AULA F99 ワイヤレス メカニカルキーボード ホットスワップ対応 ガスケット カスタム ゲーミングキーボード 5層パッド Bluetooth/2.4GHz/USB-C RGB NKRO 8000mAhバッテリー Win/M,96％,メカニカル（ガスケット,PBT,2.4GHz / Bluetooth / 有線 USB,充電式,"￥21,800",ゲーミングキーボード,1000Hz,未記載,US英語配列,未記載
k-tbl-034,ESR,ESR iPad Air キーボード ケース iPad Air 11/Pro 11対応 マジックキーボード 磁気吸着 Rebound,ESR iPad Air キーボード ケース iPad Air 11/Pro 11対応 マジックキーボード 磁気吸着 Rebound,ipad用,パンタグラフ,ABS,Bluetooth,充電式,"￥13,999",未記載,未記載,未記載,JIS日本語配列,ipad用
k-tbl-033,ESR,ESR Rebound iPad Air キーボード,ESR iPad Air キーボード ケース iPad Air 11/Pro 11対応 マジックキーボード 磁気吸着 Rebound,JIS日本語配列,メカニカル（パンタグラフ (シザー)・タッチパッド搭載）,ABS,Bluetooth,充電式,"￥3,680",未記載,未記載,未記載,未記載,未記載
k-tbl-003,ESR,ESR Shift iPad Air キーボード,ESR Shift iPad Air キーボード iPad Air 11 M4/M3/M2専用設計 横/縦置き対応 キーボードケース マグネット着脱式,ipad用,パンタグラフ,ABS,Bluetooth,充電式,"￥12,499",未記載,未記載,未記載,JIS日本語配列,ipad用
k-tbl-038,Ewin,Ewin 【JIS配列 & 3台マルチペアリング】折りたたみ Bluetoothキーボード 軽量 薄型 レザーカバー/スタンド付き 日本語…,Ewin 【JIS配列 & 3台マルチペアリング】折りたたみ Bluetoothキーボード 軽量 薄型 レザーカバー/スタンド付き 日本語対応 Windows/Mac/iOS/Android対応 出張 テレワーク ポータブル ブラック,折りたたみ,パンタグラフ,ABS,Bluetooth,充電式,"￥2,699",未記載,未記載,未記載,US英語配列,未記載
k-tbl-027,Ewin,Ewin Bluetooth キーボード（スタンド付き）,Ewin キーボード bluetooth ワイヤレス iPad/iPhone用 JIS日本語配列 スタンド付き タッチパッド搭載 ロック可能,折りたたみ,パンタグラフ,ABS,Bluetooth,充電式,"￥3,396",未記載,未記載,未記載,JIS日本語配列,未記載
k-tbl-010,Ewin,Ewin Bluetoothキーボード 日本語配列 マルチペアリング 3台同時接続 タブレット スマホ アイパッド ノート PC用 iOS…,Ewin Bluetoothキーボード 日本語配列 マルチペアリング 3台同時接続 タブレット スマホ アイパッド ノート PC用 iOS Android Windows Mac対応 スタンド付き 在宅勤務 リモートワーク用 かな入力 ワイヤレス キーボード ホワイト,80％,パンタグラフ,ABS,Bluetooth,単4形乾電池×2本,"￥1,999",未記載,未記載,未記載,JIS日本語配列,未記載
k-nr-005,Ewin,Ewin ERGO キーボード JIS配列 左右分離型 エルゴノミクス パームレスト Bluetooth 2.4G両対応 テンキー付き フ…,Ewin ERGO キーボード JIS配列 左右分離型 エルゴノミクス パームレスト Bluetooth 2.4G両対応 テンキー付き フルサイズ,フルサイズ,パンタグラフ,ABS,2.4GHz / Bluetooth 5.0,単3形乾電池×1本,"￥15,980",未記載,未記載,未記載,JIS日本語配列,未記載
k-tbl-028,Ewin,Ewin iPad 10.2/10.5インチ キーボード,iPad第9世代用 iPad10.2/10.5インチキーボードケース Ewin® JIS日本語配列 第8世代2020 bluetoothキーボード,ipad用,パンタグラフ,ABS,Bluetooth,充電式,"￥3,995",未記載,未記載,未記載,JIS日本語配列,未記載
k-tbl-035,Ewin,Ewin Surface Pro 7/6/5/4/3 キーボード Bluetooth JIS日本語配列 タッチパッド+テンキー 磁気吸着,Ewin Surface Pro 7/6/5/4/3 キーボード Bluetooth JIS日本語配列 タッチパッド+テンキー 磁気吸着,surface用,パンタグラフ,ABS,Bluetooth,充電式,"￥7,480",未記載,未記載,未記載,JIS日本語配列,未記載
k-tbl-032,Ewin,Ewin Surface Pro 8/9/X/10/11 キーボード Bluetooth JIS日本語配列 タッチパッド+テンキー 磁気吸着,Ewin Surface Pro 8/9/X/10/11 キーボード Bluetooth JIS日本語配列 タッチパッド+テンキー 磁気吸着,surface用,パンタグラフ,ABS,Bluetooth,充電式,"￥6,880",未記載,未記載,未記載,JIS日本語配列,未記載
k-tbl-030,Ewin,Ewin アップルモデル専用/Bluetooth & 2.4GHz対応 ワイヤレスミニキーボード JIS日本語配列 タッチパッド＆マウスホ…,Ewin アップルモデル専用/Bluetooth & 2.4GHz対応 ワイヤレスミニキーボード JIS日本語配列 タッチパッド＆マウスホイール一付き USBレシーバー/USB-C変換アダプタ付属,テンキーレス（コンパクト）,メカニカル（磁気スイッチ）,未記載,Bluetooth,充電式,"￥8,999",未記載,未記載,未記載,未記載,未記載
k-bs-p2-070,Ewin,Ewin アンドロイド専用 折りたたみ式 Bluetooth5.1 キーボード 日本語配列 Android/Windows/Macに対応 …,Ewin アンドロイド専用 折りたたみ式 Bluetooth5.1 キーボード 日本語配列 Android/Windows/Macに対応 タブレット/マートフォン/パソコン用 ノートPCに対応 ポータブルキーボード スタンド付,折りたたみ,パンタグラフ,ABS,Bluetooth,充電式,"￥3,344",未記載,未記載,未記載,JIS日本語配列,未記載
k-bs-008,Ewin,Ewin キーボード ワイヤレス bluetooth 小型 キーボード JIS基準 日本語配列 ios android Windows m…,Ewin キーボード ワイヤレス bluetooth 小型 キーボード JIS基準 日本語配列 ios android Windows mac対応 | iphone ipad パソコン スマホ タブレット 三つデバイス自由に切替え 軽量 薄型 日本語説明書 ブラック,80％,パンタグラフ,ABS,Bluetooth,単4形乾電池×2本,"￥1,996",未記載,未記載,未記載,JIS日本語配列,未記載
k-bs-p2-058,Ewin,Ewin ワイヤレス キーボード bluetooth 折り畳み JIS標準日本語配列 タッチパッド搭載 ipad/iphone キーボード…,Ewin ワイヤレス キーボード bluetooth 折り畳み JIS標準日本語配列 タッチパッド搭載 ipad/iphone キーボード 三台同時切替 iOS/Android/Mac/Windows/Google対応 フルサイズ パソコン タブレット スマホ マルチペリン…,80％,パンタグラフ,ABS,Bluetooth,充電式,"￥6,480",未記載,未記載,未記載,JIS日本語配列,未記載
k-tbl-004,Ewin,Ewin 折りたたみ Bluetooth キーボード,Ewin ワイヤレス 折りたたみキーボード bluetooth接続 タッチパッド付き 日本語配列 コンパクト 薄型 軽量 ipad iphone用,折りたたみ,パンタグラフ,ABS,Bluetooth,充電式,"￥3,128",未記載,未記載,未記載,JIS日本語配列,未記載
k-nr-001,Ewin,Ewin 折りたたみ Bluetoothキーボード 日本語配列 タッチパッド テンキ付き 3台切替対応 タイプc iPad タブレット i…,Ewin 折りたたみ Bluetoothキーボード 日本語配列 タッチパッド テンキ付き 3台切替対応 タイプc iPad タブレット iOS/Windows/Mac対応 フルサイズ EW-NKB303,折りたたみ,パンタグラフ,ABS,Bluetooth,充電式,"￥7,280",未記載,未記載,未記載,JIS日本語配列,未記載
k-tbl-044,Ewin,Ewin 折りたたみキーボード Bluetooth JIS日本語配列 タッチパッド 3台切替 カバースタンド付き ブラック,Ewin 折りたたみキーボード Bluetooth JIS日本語配列 タッチパッド 3台切替 カバースタンド付き ブラック,折りたたみ,パンタグラフ,ABS,Bluetooth,未記載,"￥32,800",未記載,未記載,未記載,JIS日本語配列,Surface Pro用
k-tbl-024,Ewin,Ewin 折りたたみキーボード Bluetooth JIS日本語配列 ワイヤレス iPad パソコン タブレット スマホ マルチペアリグ …,Ewin 折りたたみキーボード Bluetooth JIS日本語配列 ワイヤレス iPad パソコン タブレット スマホ マルチペアリグ ブラック,折りたたみ,パンタグラフ,ABS,Bluetooth,充電式,"￥4,820",未記載,未記載,未記載,JIS日本語配列,未記載
k-tbl-013,Ewin,Ewin 折りたたみキーボード bluetoothと有線接続 ヒンジロック&表示スクリーン搭載 日本語配列 テンキー付き 持ち運び ipa…,Ewin 折りたたみキーボード bluetoothと有線接続 ヒンジロック&表示スクリーン搭載 日本語配列 テンキー付き 持ち運び ipadなど用,折りたたみ,パンタグラフ,ABS,"Bluetooth, / 有線",充電式,"￥5,980",未記載,未記載,未記載,JIS日本語配列,未記載
k-nr2-071,EWIN,EWIN エルゴノミクス ワイヤレスキーボード,EWIN エルゴノミクスワイヤレスキーボード Bluetooth iPad/iPhone/Android/Mac/Windows対応 日本語配列,JIS日本語配列（テンキー付き）,メカニカル（メンブレン）,未記載,Bluetooth,充電式,"￥19,800",未記載,未記載,未記載,未記載,未記載
k-gnr-p1-008,e元素,e元素 Z-104,銀軸・2.4G/BT/有線・フルサイズUS・ガスケット（別SKU）,フルサイズ,メカニカル（ガスケット,PC（ポリカーボネート / 半透明）,2.4GHz / Bluetooth / 有線 USB,充電式,"￥8,980",ゲーミングキーボード,1000Hz,未記載,US英語配列,未記載
k-gmg-p2-067,e元素,e元素 Z-11 ゲーミングキーボード 赤軸を採用 テンキーレス US英語配列 有線61キー メカニカルキースイッチ 60％小型コンパクト設計,e元素 Z-11 ゲーミングキーボード 赤軸を採用 テンキーレス US英語配列 有線61キー メカニカルキースイッチ 60％小型コンパクト設計,60%,メカニカル（赤軸）,ABS,有線 USB,有線給電,"￥4,388",ゲーミングキーボード,1000Hz,未記載,US英語配列,未記載
k-gbs-p2-067,e元素,e元素 Z-11 ワイヤレスゲーミングキーボード 63キー メカニカル 赤軸 Bluetoothと2.4G無線と有線 60％小型 コンパクト設計,"e元素 Z-11 ワイヤレスゲーミングキーボード 63キー メカニカル 赤軸 Bluetoothと2.4G無線と有線 60％小型 コンパクト設計 | 3つモード接続,充電式, RGB発光LEDバックライト, Windows/Macに対応のゲーム/オフィス用キーボード (グレ…",60%,メカニカル（赤軸）,ABS,有線 USB / 2.4GHz (USBレシーバー) / Bluetooth,充電式,"￥5,588",ゲーミングキーボード,1000Hz,未記載,US英語配列,未記載
k-gmg-p2-066,e元素,e元素 Z-11 ワイヤレスゲーミングキーボード 63キー 青軸 無線メカニカルキーボード BTと2.4GとUSB有線 60％小型コンパクト設計,e元素 Z-11 ワイヤレスゲーミングキーボード 63キー 青軸 無線メカニカルキーボード BTと2.4GとUSB有線 60％小型コンパクト設計,60%,メカニカル（青軸）,ABS,有線 USB / 2.4GHz (USBレシーバー) / Bluetooth,充電式,"￥5,588",ゲーミングキーボード,1000Hz,未記載,US英語配列,未記載
k-gmg-027,e元素,e元素 Z-68 ワイヤレス メカニカルキーボード 銀軸 BT/2.4GHz無線 / 有線 60% コンパクトキーボード US配列 ホット…,e元素 Z-68 ワイヤレス メカニカルキーボード 銀軸 BT/2.4GHz無線 / 有線 60% コンパクトキーボード US配列 ホットスワップ,60%,メカニカル（ガスケット）,PBT,有線 USB / 2.4GHz (USBレシーバー) / Bluetooth,充電式,"￥6,999",ゲーミングキーボード,1000Hz,未記載,US英語配列,未記載
k-gmg-004,e元素,e元素 z-88,e元素 z-88 ゲーミングキーボード 赤軸 75%コンパクト 81キー テンキーレス RGBメカニカルキーボード 有線 ホットスワップ対応,75%,メカニカル,ABS,有線 USB,有線給電,"￥5,299",ゲーミングキーボード,未記載,未記載,US英語配列,未記載
k-gbs-012,e元素,e元素 Z-88 ゲーミングキーボード フルサイズ メカニカル 赤軸 USB有線 テンキー付き109キー RGBバックライト,e元素 Z-88 ゲーミングキーボード フルサイズ メカニカル 赤軸 USB有線 テンキー付き109キー RGBバックライト,フルサイズ,メカニカル（赤軸）,ABS,有線 USB,有線給電,"￥6,399",ゲーミングキーボード,1000Hz,未記載,JIS日本語配列,未記載
k-gbs-p2-065,e元素,e元素Z-99 ワイヤレス ゲーミングキーボード 銀軸 Bluetooth/有線/2.4G 無線メカニカルキーボード テンキー付き ホット…,e元素Z-99 ワイヤレス ゲーミングキーボード 銀軸 Bluetooth/有線/2.4G 無線メカニカルキーボード テンキー付き ホットスワップ,96％,メカニカル（ガスケット）,PBT,有線 USB / 2.4GHz (USBレシーバー) / Bluetooth,充電式,"￥7,999",ゲーミングキーボード,1000Hz,未記載,US英語配列,未記載
k-gnr-p1-003,GravaStar,GravaStar Mercury K1 Lite,JIS 75% 無線・オーロラRGB・透明キーキャップ・ガスケット構造,75%,メカニカル（ガスケット,PBT,2.4GHz / Bluetooth / 有線 USB,充電式,"￥23,980",ゲーミングキーボード,1000Hz,未記載,JIS日本語配列,未記載
k-gnr-p2-059,GravaStar,GravaStar Mercury V75,0.005mmラピッドトリガー・8000Hz 75%磁気スイッチ有線（クリアブラック）,75%,メカニカル（磁気スイッチ）,PC（ポリカーボネート / 半透明）,有線 USB,有線給電,"￥26,980",ゲーミングキーボード,8000Hz,ラピッドトリガー,US英語配列,未記載
k-tbl-039,HOU,HOU iPad mini 第7/6世代対応 着脱式キーボード付きケース ブラック,HOU iPad mini 第7/6世代対応 着脱式キーボードケース ブラック,ipad用,パンタグラフ,ABS,Bluetooth,充電式,"￥8,999",未記載,未記載,未記載,US英語配列,未記載
k-gmg-hyperx-alloy-core,HyperX,HyperX Alloy Core RGB,"HyperX Alloy Core RGB ゲーミングキーボード 日本語配列 LEDバックライト 日本正規代理店品 4P4F5AJ#ABJ | アンチゴースト機能,防滴,専用メディアコントロール,キーボードロックモード,バックライト付き,耐水性,タクタイル,QWERTY",フルサイズ,メカニカル（メンブレン）,一体成型（非推薦/着脱非対応）,有線 USB,有線給電,"￥4,991",ゲーミングキーボード,未記載,未記載,JIS日本語配列,耐水性（防滴） / バックライト付き / 専用メディアコントロール
k-tbl-014,iClever,iClever キーボード Bluetooth 折りたたみ式 ワイヤレス エルゴノミクス 日本語配列 マルチペアリング 薄型 軽量 iph…,iClever キーボード Bluetooth 折りたたみ式 ワイヤレス エルゴノミクス 日本語配列 マルチペアリング 薄型 軽量 iphone ipad キーボード Type-C充電 静音 V字型 iOS/Windows/Android/Mac対応 コンパクト パソコン …,ipad用,パンタグラフ,ABS,Bluetooth,充電式,"￥2,666",未記載,未記載,未記載,JIS日本語配列,未記載
k-nr-004,iClever,iClever キーボード ワイヤレス Bluetooth 2.4GHz JIS日本語配列 デュアルモード マルチペアリング テンキー付き…,iClever キーボード ワイヤレス Bluetooth 2.4GHz JIS日本語配列 デュアルモード マルチペアリング テンキー付き コンパクト 3台同時接続 充電式 Type-C 静音 薄型 軽量 無線 パンタグラフ式 PC iPad Windows/Mac/iOS…,90％,パンタグラフ,ABS,2.4GHz (USBレシーバー) / Bluetooth,充電式,"￥4,599",未記載,未記載,未記載,JIS日本語配列,未記載
k-gbs-p2-073,iClever,iClever ゲーミングキーボード 75%サイズ 赤軸 メカニカル キーボード 日本語配列 マクロ対応 G05 ブラック,iClever ゲーミングキーボード 75%サイズ 赤軸 メカニカル キーボード 日本語配列 マクロ対応 G05 ブラック,75%,メカニカル,ABS,有線 USB,有線給電,"￥5,420",ゲーミングキーボード,未記載,未記載,JIS日本語配列,未記載
k-gbs-007,iClever,iClever ゲーミングキーボード テンキーレス 赤軸 メカニカル キーボード 日本語配列 マクロ対応 G06 ブラック,iClever ゲーミングキーボード テンキーレス 赤軸 メカニカル キーボード 日本語配列 マクロ対応 G06 ブラック | 有線 91キー 80%サイズ カスタマイズ 24種類 バックライト ゲーム/オフィス用 パソコンキーボード Windows対応,80％,メカニカル,ABS,有線 USB,有線給電,"￥3,990",ゲーミングキーボード,未記載,未記載,JIS日本語配列,未記載
k-nr-003,iClever,iClever ワイヤレスキーボード Bluetooth テンキー付き JIS日本語配列 2.4GHz 静音 DK20,iClever ワイヤレスキーボード Bluetooth テンキー付き JIS日本語配列 2.4GHz 静音 DK20,95％,パンタグラフ,ABS,2.4GHz (USBレシーバー) / Bluetooth,充電式,"￥4,699",未記載,未記載,未記載,JIS日本語配列,未記載
k-bs-018,iClever,iClever ワイヤレスキーボード Bluetooth・2.4GHz JIS日本語配列 コンパクト パンタグラフ Type-C充電 DK02,iClever ワイヤレスキーボード Bluetooth・2.4GHz JIS日本語配列 コンパクト パンタグラフ Type-C充電 DK02 | デュアルモード接続 最大3台マルチペアリング 静音パンタグラフ Windows・Mac・iPad・iPhone・Android対応,75%,パンタグラフ,ABS,2.4GHz (USBレシーバー) / Bluetooth,充電式,"￥3,799",未記載,未記載,未記載,JIS日本語配列,未記載
k-bs-p2-060,iClever,iClever ワイヤレスキーボード テンキー付き フルサイズ Bluetooth・2.4GHz JIS配列 Type-C充電 DK03 白,iClever ワイヤレスキーボード テンキー付き フルサイズ Bluetooth・2.4GHz JIS配列 Type-C充電 DK03 白 | 薄型・軽量設計 静音 ノートPCのような快適な打鍵感 最大3台マルチペアリング,フルサイズ（JIS日本語配列）,パンタグラフ,ABS,2.4GHz / Bluetooth,充電式,"￥4,799",未記載,未記載,未記載,JIS日本語配列,未記載
k-bs-010,Keychron,Keychron B1 Pro ウルトラスリム ワイヤレスキーボード、ZMKカスタマイズ、シザースイッチ、2.4 GHz/Bluetoot…,"【国内正規品】Keychron B1 Pro ウルトラスリム ワイヤレスキーボード、ZMKカスタマイズ、シザースイッチ、2.4 GHz/Bluetooth 5.2/有線接続、ロングバッテリーライフ、Mac Windows Linux対応 (スペースグレー（かな印字あり）, …",75%,パンタグラフ,ABS,2.4GHz / Bluetooth,充電式,"￥6,930",未記載,1000Hz,未記載,US英語配列,未記載
k-gbs-016,Keychron,Keychron C3 Pro カスタムゲーミングキーボード、コンパクトテンキーレスレイアウト/JISレイアウト/RGBバックライト/有線…,【Amazon.co.jp限定】Keychron C3 Pro カスタムゲーミングキーボード、コンパクトテンキーレスレイアウト/JISレイアウト/RGBバックライト/有線接続メカニカルキーボード/ホットスワップ対応/ガスケットマウント/ダブルショットPBTキーキャップ/Ma…,80％,メカニカル（ガスケット,PBT,有線 USB,有線給電,"￥8,910",ゲーミングキーボード,1000Hz,未記載,JIS日本語配列,未記載
k-gbs-p2-070,Keychron,Keychron C3 Pro カスタムゲーミングキーボード、コンパクトテンキーレスレイアウト/USレイアウト/赤色LEDバックライト/有…,Keychron C3 Pro カスタムゲーミングキーボード、コンパクトテンキーレスレイアウト/USレイアウト/赤色LEDバックライト/有線接続メカニカルキーボード/ガスケットマウント/Mac Windows Linux対応 (Keychron K Pro茶軸),80％,メカニカル（ガスケット,ABS,有線 USB,有線給電,"￥28,550",ゲーミングキーボード,1000Hz,未記載,US英語配列,未記載
k-gbs-p2-059,Keychron,Keychron K2 Max スペシャルエディション,「国内正規品」Keychron K2 Max スペシャルエディション メカニカルキーボード 2.4G/Bluetooth/有線 日本語配列 茶軸,75%,メカニカル,PBT,Bluetooth / 2.4GHz / 有線 USB,充電式,"￥22,550",ゲーミングキーボード,1000Hz,未記載,JIS日本語配列,未記載
k-keychron-q1-pro,Keychron,Keychron Q1 Pro,【国内正規品】Keychron Q1 Pro カスタムメカニカルキーボード カーボンブラック US配列 有線/Bluetooth無線 茶軸,75% (81キー US ANSI),ダブルガスケット,PBT,有線 USB,充電式,"￥39,930",未記載,1000Hz,未記載,未記載,未記載
k-gnr-p2-053,KizunaAI,KizunaAI（キズナアイ） 限定コラボデザイン ゲーミングキーボード 日本語配列 有線接続 FUN60 KizunaAI Specia…,KizunaAI（キズナアイ） 限定コラボデザイン ゲーミングキーボード 日本語配列 有線接続 FUN60 KizunaAI Special Edition 描き下ろしデザイン 限定キーキャップ 専用箱 かわいいピンク 最大0.005mm ラピッドトリガー テンキーレス,75%,メカニカル（ガスケット,PBT,有線 USB / Bluetooth,充電式,"￥9,980",ゲーミングキーボード,1000Hz,ラピッドトリガー,US英語配列,未記載
k-tbl-011,Logicool,KEYS TO GO 2 for iPad,ロジクール KEYS TO GO 2 for iPad ワイヤレス キーボード iK1043GRA 薄型 軽量 222g Bluetooth ワイヤレスキーボード 無線 Easy-Switch 日本語配列 電池寿命36ケ月 Mac iPad iOS iK1043 グラファイト,ipad用,パンタグラフ,ABS,Bluetooth,電池式,"￥10,900",未記載,未記載,未記載,JIS日本語配列,未記載
k-mx-keys-mini,Logicool,MX Keys Mini,ロジクール MX KEYS mini KX700GR ミニマリスト ワイヤレス イルミネイテッド キーボード グラファイト 充電式 bluetooth Logi Bolt Unifying非対応 USB-C-A 日本語配列 windows mac chrome ios Android 無線 KX700 国内正規品,75%,パンタグラフ,ABS,2.4GHz (Logi Bolt) / Bluetooth,未記載,"￥17,152",未記載,未記載,未記載,JIS日本語配列,未記載
k-bs-p2-064,Logicool,ロジクール KX850CT MX MECHANICAL MINI ミニマリスト ワイヤレス メカニカル パフォーマンス キーボード 茶軸 …,ロジクール KX850CT MX MECHANICAL MINI ミニマリスト ワイヤレス メカニカル パフォーマンス キーボード 茶軸 タクタイル テンキーレス 静かな打鍵感 特に静か Logi Bolt bluetooth Unifying非対応 薄型 無線 メカニカル…,75%,メカニカル,ABS,2.4GHz (Logi Bolt) / Bluetooth,充電式,"￥13,109",未記載,未記載,未記載,JIS日本語配列,未記載
k-bs-p2-068,Logicool,ロジクール KX850MSG MX MECHANICAL MINI for Mac ミニマリスト ワイヤレス メカニカル パフォーマンス …,ロジクール KX850MSG MX MECHANICAL MINI for Mac ミニマリスト ワイヤレス メカニカル パフォーマンス キーボード US配列 茶軸 タクタイル テンキーレス 静かな打鍵感 Logi Bolt bluetooth USB-C-C 充電式 薄型…,75%,メカニカル,ABS,2.4GHz (Logi Bolt) / Bluetooth,充電式,"￥13,109",未記載,未記載,未記載,US英語配列,未記載
k-bs-p2-072,Logicool,ロジクール SIGNATURE K650GR ワイヤレス キーボード パームレスト 薄型 疲れにくい bluetooth Logi Bol…,ロジクール SIGNATURE K650GR ワイヤレス キーボード パームレスト 薄型 疲れにくい bluetooth Logi Bolt Unifying非対応 日本語配列 windows mac chrome Android 無線 ワイヤレスキーボード K650 グラ…,フルサイズ,メカニカル（メンブレン）,ABS,2.4GHz (Logi Bolt) / Bluetooth,単3形乾電池×2本,"￥5,781",未記載,未記載,未記載,JIS日本語配列,未記載
k-bs-022,Logicool,ロジクール SIGNATURE SLIM ワイヤレス キーボード K950GR 薄型 静かなタイピング Bluetooth Logi Bo…,ロジクール SIGNATURE SLIM ワイヤレス キーボード K950GR 薄型 静かなタイピング Bluetooth Logi Bolt ワイヤレスキーボード テンキー 無線 Easy-Switch 日本語配列 電池寿命36ケ月 Windows Mac Chrome …,フルサイズ,パンタグラフ,ABS,2.4GHz (Logi Bolt) / Bluetooth,単4形乾電池×2本,"￥9,282",未記載,未記載,未記載,JIS日本語配列,未記載
k-bs-p2-053,Logicool,ロジクール WAVE KEYS K820 疲れにくい エルゴノミックキーボード Bluetooth Logi Bolt 日本語配列 ワイヤ…,ロジクール WAVE KEYS K820 疲れにくい エルゴノミックキーボード Bluetooth Logi Bolt 日本語配列 ワイヤレスキーボード ワイヤレス 無線 テンキー パームレスト Windows Mac Chrome Android グラファイト 国内正規品,フルサイズ,メカニカル（メンブレン）,ABS,2.4GHz (Logi Bolt) / Bluetooth,単4形乾電池×2本,"￥10,300",未記載,未記載,未記載,JIS日本語配列,未記載
k-bs-013,Logicool,ロジクール ワイヤレス キーボード MX KEYS S KX800sGR 無線 薄型 パーフェクト・ストロークキー スマートバックライト,ロジクール ワイヤレス キーボード MX KEYS S KX800sGR 無線 薄型 パーフェクト・ストロークキー スマートバックライト 国内正規品 | USB-C充電式、急速充電、FLOW、Easy-Switch、Smart Actions対応、Bluetooth、Log…,フルサイズ,パンタグラフ,ABS,2.4GHz (Logi Bolt) / Bluetooth,充電式,"￥18,664",未記載,未記載,未記載,US英語配列,未記載
k-bs-012,Logicool,ロジクール ワイヤレスキーボード K275 ワイヤレス キーボード 無線 薄型 テンキー USB接続 Unifying windows,ロジクール ワイヤレスキーボード K275 ワイヤレス キーボード 無線 薄型 テンキー USB接続 Unifying windows 国内正規品,フルサイズ,メカニカル（メンブレン）,ABS,2.4GHz,単4形乾電池×2本,"￥2,360",未記載,未記載,未記載,JIS日本語配列,未記載
k-bs-001,Logicool,ロジクール ワイヤレスキーボード K295GP 静音 耐水 キーボード 無線 Unifying K295 グラファイト,ロジクール ワイヤレスキーボード K295GP 静音 耐水 キーボード 無線 Unifying K295 グラファイト 国内正規品,フルサイズ,メカニカル（メンブレン）,ABS,2.4GHz,単4形乾電池×2本,"￥2,727",未記載,未記載,未記載,JIS日本語配列,未記載
k-bs-p2-078,Logicool,ロジクール ワイヤレスキーボード K780 Bluetooth Unifying ワイヤレス 無線 キーボード windows mac C…,ロジクール ワイヤレスキーボード K780 Bluetooth Unifying ワイヤレス 無線 キーボード windows mac Chrome iOS Android 国内正規品,フルサイズ,パンタグラフ,ABS,2.4GHz,単4形乾電池×2本,"￥8,273",未記載,未記載,未記載,JIS日本語配列,未記載
k-tbl-001,Logicool,ロジクール ワイヤレスキーボード PEBBLE KEYS 2 K380sGR 薄型 軽量 415g 小型 Bluetooth Logi B…,ロジクール ワイヤレスキーボード PEBBLE KEYS 2 K380sGR 薄型 軽量 415g 小型 Bluetooth Logi Bolt ワイヤレス 無線 キーボード Easy-Switch 日本語配列 電池寿命36ケ月 Windows Mac iPad iOS A…,60%,パンタグラフ,ABS,2.4GHz (Logi Bolt) / Bluetooth,単4形乾電池×2本,"￥4,381",未記載,未記載,未記載,JIS日本語配列,未記載
k-bs-p2-071,Logicool,ロジクール ワイヤレスキーボード タッチ キーボード K400pBK,ロジクール ワイヤレスキーボード タッチ キーボード K400pBK 国内正規品,75％,メカニカル（メンブレン）,ABS,2.4GHz,単3形乾電池×2本,"￥5,100",未記載,未記載,未記載,JIS日本語配列,タッチパッド
k-bs-004,Logicool,ロジクール ワイヤレスキーボード 無線 MX KEYS mini KX700GRd 日本語配列,【Amazon.co.jp限定】 ロジクール ワイヤレスキーボード 無線 MX KEYS mini KX700GRd 日本語配列 国内正規品 | テンキーレス、コンパクト、薄型、USB-C充電式、Bluetooth、Logi Bolt、イルミネイテッド、グラファイト色、ミニ…,70％,パンタグラフ,ABS,2.4GHz (Logi Bolt) / Bluetooth,充電式,"￥17,152",未記載,未記載,未記載,JIS日本語配列,未記載
k-tbl-007,Logicool,ロジクール 静音 Bluetooth ワイヤレスキーボード K580GR グラファイト 超薄型 小型 Unifying ワイヤレス キーボ…,ロジクール 静音 Bluetooth ワイヤレスキーボード K580GR グラファイト 超薄型 小型 Unifying ワイヤレス キーボード 薄型 テンキー 無線 Windows Mac iPad iOS Android Chrome Surface K580,75％,パンタグラフ,ABS,2.4GHz (Logi Bolt) / Bluetooth,単4形乾電池×2本,"￥7,445",未記載,未記載,未記載,JIS日本語配列,未記載
k-bs-016,Logicool,ロジクール 有線 キーボード 耐水 K120 USB接続 日本語配列 テンキー 薄型 有線キーボード,ロジクール 有線 キーボード 耐水 K120 USB接続 日本語配列 テンキー 薄型 有線キーボード 国内正規品,フルサイズ,メカニカル（メンブレン）,ABS,有線 USB,有線給電,"￥2,200",未記載,未記載,未記載,JIS日本語配列,未記載
k-gp3-005,Logicool G,G PRO G-PKB-002LNd,"Logicool G PRO Gaming Keyboard, G-PKB-002LNd, Numeric Keyless, Linear Red Axis, Quiet Typing, GX Switch, Wired Gaming, Mechanical Keyboar…",80％,メカニカル（赤軸）,ABS,有線 USB,有線給電,"￥17,179",ゲーミングキーボード,1000Hz,未記載,JIS日本語配列,未記載
k-gp3-002,Logicool G,G PRO K/DA TKL,"Logicool G Logicool G PRO LoL K/DA Tenkeyless Gaming Keyboard, Wired, GX Tactile Mechanical Switch, Japanese Layout, LIGHTSYNC RGB, Leagu…",80％,メカニカル (GX Tactile),ABS,有線 USB,有線給電,"￥13,900",ゲーミングキーボード,1000Hz,未記載,JIS日本語配列,未記載
k-gp3-003,Logicool G,G PRO X 60,Logicool G PRO X 60 LIGHTSPEED Wireless Mini Gaming Keyboard G-PKB-60-001LNBK Linear Optical GX Switch Bluetooth Japanese Layout LIGHTSYN…,60％,オプティカル,PBT,2.4GHz (LIGHTSPEED) / Bluetooth / 有線,充電式,"￥16,418",ゲーミングキーボード,1000Hz,未記載,JIS日本語配列,未記載
k-gp3-008,Logicool G,G512 X 75,Logicool G 8000Hz Rapid Trigger Hot Swap G512 X 75 Gaming Keyboard Tactile Gasket Mount Japanese G512X-75-TCBK Action Point Adjustable Wi…,75％,メカニカル（磁気スイッチ / ガスケット）,PBT,有線 USB,有線給電,"￥28,145",ゲーミングキーボード,8000Hz,ラピッドトリガー,JIS日本語配列,未記載
k-gp3-009,Logicool G,G512 X 98,Logicool G 8000Hz Rapid Trigger Hot Swap G512 X 98 Gaming Keyboard Tactile Gasket Mount Japanese G512X-98-TCBK Action Point Adjustable Wi…,98％,メカニカル（磁気スイッチ）,PBT,有線 USB,有線給電,"￥30,982",ゲーミングキーボード,8000Hz,ラピッドトリガー,JIS日本語配列,未記載
k-gp3-006,Logicool G,G515 LIGHTSPEED TKL,Logicool G Gaming Keyboard G515 LIGHTSPEED TKL Thin Wireless Tenkeyless Keyboard G515-WL-TCWH Tactile Brown Switches Sure Typing Experien…,80％,メカニカル（ロープロファイル）,PBT,2.4GHz (LIGHTSPEED) / Bluetooth / 有線,充電式,"￥18,664",ゲーミングキーボード,1000Hz,未記載,JIS日本語配列,未記載
k-gnr-p1-016,Logicool G,Logicool G 8000Hz ラピッドトリガー ホットスワップ G512 X 75 ゲーミングキーボード リニア ガスケットマウント…,Logicool G 8000Hz ラピッドトリガー ホットスワップ G512 X 75 ゲーミングキーボード リニア ガスケットマウント 日本語配列 G512X-75-LNBK アクチュエーションポイント 調整可能 有線 テンキーレス 磁気式アナログスイッチ メカニカル …,75％,メカニカル（磁気スイッチ / ガスケット）,PBT,有線 USB,有線給電,"￥28,145",ゲーミングキーボード,8000Hz,ラピッドトリガー,JIS日本語配列,未記載
k-gnr-p2-061,Logicool G,Logicool G 8000Hz ラピッドトリガー ホットスワップ G512 X 98 ゲーミングキーボード リニア ガスケットマウント…,【Amazon.co.jp限定】 Logicool G 8000Hz ラピッドトリガー ホットスワップ G512 X 98 ゲーミングキーボード リニア ガスケットマウント 日本語配列 G512X-98-LNWHd アクチュエーションポイント 調整可能 有線 磁気式アナログ…,98％,メカニカル（磁気スイッチ / ガスケット）,PBT,有線 USB,有線給電,"￥32,800",ゲーミングキーボード,8000Hz,ラピッドトリガー,JIS日本語配列,未記載
k-gnr-p1-015,Logicool G,Logicool G G512 X 75,8000Hz RT・ホットスワップ・磁気式アナログ 75%テンキーレス（JIS）,75%（JIS日本語配列）,メカニカル（磁気式アナログ / ラピッドトリガー・ホットスワップ）,未記載,有線 USB (8000Hz),有線給電,"￥1,699",未記載,8000Hz,未記載,未記載,未記載
k-gnr-p2-060,Logicool G,Logicool G G512 X 98,8000Hzラピッドトリガー・ホットスワップ 98キー磁気式（G512X-98-LNWHd）,75％,メカニカル（磁気スイッチ / ウルトラファストライム）,PBT,有線 USB,有線給電,"￥13,970",ゲーミングキーボード,8000Hz,ラピッドトリガー,JIS日本語配列,未記載
k-gbs-017,Logicool G,Logicool G PRO X TKL RAPID ゲーミングキーボード,【Amazon.co.jp限定】 Logicool G PRO X TKL RAPID ゲーミングキーボード | ラピッドトリガー アクチュエーションポイント 調整可能 押下圧 35g 日本語配列 有線 テンキーレス 磁気式アナログスイッチ,80％,メカニカル（磁気スイッチ）,PBT,有線 USB,有線給電,"￥25,980",ゲーミングキーボード,1000Hz,ラピッドトリガー,JIS日本語配列,未記載
k-gbs-003,Logicool G,Logicool G PRO ゲーミングキーボード G-PKB-002LNd テンキーレス リニア 赤軸 日本語配列,【Amazon.co.jp限定】 Logicool G PRO ゲーミングキーボード G-PKB-002LNd テンキーレス リニア 赤軸 日本語配列 | 静かなタイピング GXスイッチ 有線 メカニカルキーボード LIGHTSYNC RGB 充電 着脱式ケーブル ブラック…,80％,メカニカル（赤軸）,ABS,有線 USB,有線給電,"￥13,900",ゲーミングキーボード,1000Hz,未記載,JIS日本語配列,未記載
k-gbs-020,Logicool G,Logicool G ゲーミングキーボード G413SE 有線 タクタイル 確かな打鍵感 日本語配列 高耐久性 PTB キーキャップ ゲー…,Logicool G ゲーミングキーボード G413SE 有線 タクタイル 確かな打鍵感 日本語配列 高耐久性 PTB キーキャップ ゲーミング キーボード メカニカルキーボード G413 PC window mac Chrome 国内正規品 【 ファイナルファンタジー X…,フルサイズ,メカニカル,PBT,有線 USB,有線給電,"￥9,327",ゲーミングキーボード,1000Hz,未記載,JIS日本語配列,未記載
k-gbs-030,Logicool G,Logicool G ゲーミングキーボード G512r-TC 有線 タクタイル 茶軸 確かな打鍵感 GXスイッチ 日本語配列 LIGHTS…,Logicool G ゲーミングキーボード G512r-TC 有線 タクタイル 茶軸 確かな打鍵感 GXスイッチ 日本語配列 LIGHTSYNC RGB USB パススルー ゲーミング キーボード メカニカルキーボード G512 PC window mac Chrome ブ…,フルサイズ,メカニカル,ABS,有線 USB,有線給電,"￥11,955",ゲーミングキーボード,1000Hz,未記載,JIS日本語配列,未記載
k-gbs-021,Logicool G,Logicool G ゲーミングキーボード G515 LIGHTSPEED TKL 薄型 ワイヤレス テンキーレス キーボード G515-…,Logicool G ゲーミングキーボード G515 LIGHTSPEED TKL 薄型 ワイヤレス テンキーレス キーボード G515-WL-LNWH リニア 赤軸 静かなタイピング 日本語配列 LIGHTSPEED Bluetooth 接続対応 LIGHTSYNC RG…,80％,メカニカル（赤軸）,PBT,2.4GHz (LIGHTSPEED) / Bluetooth / 有線,充電式,"￥18,664",ゲーミングキーボード,1000Hz,未記載,JIS日本語配列,未記載
k-gbs-006,Logicool G,Logicool G ロジクール G ゲーミングキーボード 有線 G213r パームレスト 日本語配列 独自のMech-domeスイッチ …,Logicool G ロジクール G ゲーミングキーボード 有線 G213r パームレスト 日本語配列 独自のMech-domeスイッチ キーボード 静音 LIGHTSYNC RGB 国内正規品 【 ファイナルファンタジーXIV 推奨周辺機器 】,フルサイズ,メカニカル（メンブレン）,ABS,有線 USB,有線給電,"￥6,535",ゲーミングキーボード,1000Hz,未記載,JIS日本語配列,未記載
k-gbs-023,Logicool G,Logicool G316 X 98 ゲーミングキーボード（G316X-98-LNWHd）,【Amazon.co.jp限定】 Logicool G 8000Hz ホットスワップ G316 X 98 ゲーミングキーボード リニア 静音 ガスケットマウント 日本語配列 G316X-98-LNWHd メカニカル LIGHTSYNC RGB 有線,98％,メカニカル（ガスケット,PBT,有線 USB,有線給電,"￥17,800",ゲーミングキーボード,8000Hz,未記載,JIS日本語配列,未記載
k-gmg-p2-058,MAMBASNAKE,MAMBASNAKE K75,MAMBASNAKE K75メカニカルキーボードガラス軸ホットスワップメBluetooth /2.4G/USB-C接続3モード GSKET構造スペースバー バックライト付き 防塵性 キーキャップ 完全透明チェリーRGB MX全キーコンフリクトフリー,75%,メカニカル（ガスケット,PC（ポリカーボネート / 半透明）,有線 USB,有線給電,"￥4,999",ゲーミングキーボード,1000Hz,未記載,US英語配列,未記載
k-gbs-p2-072,Merdia,Merdia メカニカル式ゲーミングキーボード 全104キーボード USB 有線キーボード LEDバックライト付き (茶軸-ブルーとホワイト),Merdia メカニカル式ゲーミングキーボード 全104キーボード USB 有線キーボード LEDバックライト付き (茶軸-ブルーとホワイト),フルサイズ,メカニカル,ABS,有線 USB,有線給電,"￥4,090",ゲーミングキーボード,1000Hz,未記載,US英語配列,未記載
k-tbl-023,Microsoft,"Arteck マイクロソフト Surface Go タイプ カバー, Bluetooth キーボード薄型 タッチパット搭載 ワイヤレスキー…","Arteck マイクロソフト Surface Go タイプ カバー, Bluetooth キーボード薄型 タッチパット搭載 ワイヤレスキーボードSurface Go 4、Surface Go3（2021）、Surface Go2（2020）、Surface Go対応 内蔵バ…",75%,パンタグラフ,ABS,Bluetooth,充電式,"￥4,499",未記載,未記載,未記載,US英語配列,未記載
k-tbl-022,Microsoft,Surface Pro キーボード,マイクロソフト Surface Pro キーボード（ペン収納付き/スリム ペン別売り）/ ブラック / 8XA-00186,75%,パンタグラフ,ABS,Surface Connect,本体給電 (Surface Connect),"￥18,759",未記載,未記載,未記載,JIS日本語配列,未記載
k-gmg-002,MonsGeek,MonsGeek FUN60 Pro SP 英語配列 有線モデル 0.01mm ラピッドトリガー対応 高コスパ ゲーミングキーボード ブラック,MonsGeek FUN60 Pro SP 英語配列 有線モデル 0.01mm ラピッドトリガー対応 高コスパ ゲーミングキーボード ブラック | 磁気スイッチ Akko Glare Magnetic Switch HEセンサー テンキーレス サイドプリント 有線8K ホッ…,60%（US配列）,メカニカル（磁気スイッチ）,PBT,有線 USB,有線給電,"￥5,980",未記載,未記載,未記載,未記載,未記載
k-tbl-008,Nillkin,Nillkin 【正規販売店】 キーボード Bluetooth 折りたたみ式 ワイヤレス iPad用 無線 【タッチパッド＆テンキー2 i…,Nillkin 【正規販売店】 キーボード Bluetooth 折りたたみ式 ワイヤレス iPad用 無線 【タッチパッド＆テンキー2 in 1】 三台同時接続 iOS/Android/Mac/Windows対応 Type-C充電式 アンドロイド スマホ用 ipad min…,折りたたみ,メカニカル（ガスケット,PBT,Bluetooth,充電式,"￥9,499",未記載,未記載,未記載,US英語配列,未記載
k-gnr-p1-013,NuPhy,NuPhy Air75 V3,JIS 88キー75%・ロープロファイル・ノブ付き・3モード接続・ホットスワップ,75%,メカニカル（ロープロファイル・ガスケット・ホットスワップ）,PBT,2.4GHz (LIGHTSPEED) / Bluetooth / 有線,充電式,"￥28,620",ゲーミングキーボード,1000Hz,未記載,JIS日本語配列,未記載
k-gbs-p2-057,NuPhy,NuPhy Node75 JIS,NuPhy Node75 JIS ワイヤレス メカニカルキーボード 75% 82キー ホットスワップ対応 Bluetooth/2.4GHz/USB-C 有線接続 RGBバックライト PBTキーキャップ タッチジェスチャー対応 ゲーミングキーボード 日本語配列 (Gray L…,75%,メカニカル（ガスケット,PBT,2.4GHz (LIGHTSPEED) / Bluetooth / 有線,充電式,"￥17,365",ゲーミングキーボード,1000Hz,未記載,JIS日本語配列,未記載
k-tbl-002,Omikamo,Omikamo キーボード bluetooth 折り畳み式 ワイヤレス JIS標準日本語配列 ipad キーボード スマホ マルチペアリング,Omikamo キーボード bluetooth 折り畳み式 ワイヤレス JIS標準日本語配列 ipad キーボード スマホ マルチペアリング,折りたたみ,パンタグラフ,ABS,Bluetooth,充電式,"￥6,980",未記載,未記載,未記載,JIS日本語配列,未記載
k-bs-p2-074,Omikamo,Omikamo キーボード bluetooth 折り畳み式 ワイヤレス JIS標準日本語配列 ipad用キーボード スマホ マルチペアリング,【最新型】Omikamo キーボード bluetooth 折り畳み式 ワイヤレス JIS標準日本語配列 ipad用キーボード スマホ マルチペアリング | ipad mini キーボード タッチパッド付き ipad/iphone キーボードiOS/Windows/Andro…,折りたたみ（JIS日本語配列）,メカニカル（パンタグラフ / シザースイッチ）,未記載,Bluetooth,充電式,"￥6,980",未記載,未記載,未記載,未記載,未記載
k-bs-014,Omikamo,Omikamo キーボード ワイヤレス 折りたたみ式 JIS標準日本語配列 ipad/iphone キーボード,Omikamo ワイヤレス折りたたみ式キーボード JIS日本語配列 黒 Bluetooth,折りたたみ,パンタグラフ,ABS,Bluetooth,充電式,"￥5,980",未記載,未記載,未記載,JIS日本語配列,未記載
k-bs-019,Omikamo,Omikamo キーボード ワイヤレス 折り畳み式 ipadキーボード Bluetooth タッチパッド付き 日本語配列 有線＆無線両用,【最新型】Omikamo キーボード ワイヤレス 折り畳み式 ipadキーボード Bluetooth タッチパッド付き 日本語配列 有線＆無線両用 | 左右Shiftキー/L型Enterキー搭載 フルサイズ 4台デバイス切替 Android/Win/Mac/iOS/Goog…,折りたたみ,パンタグラフ,ABS,Bluetooth / 有線,充電式,"￥7,579",未記載,未記載,未記載,JIS日本語配列,未記載
k-tbl-019,Omikamo,Omikamo サーフェス プロ キーボード ワイヤレス Surface Pro 3/4/5/6/7/7+対応 JIS標準日本語配列 ブラック,Omikamo サーフェス プロ キーボード ワイヤレス Surface Pro 3/4/5/6/7/7+対応 JIS標準日本語配列 ブラック,surface用,パンタグラフ,ABS,Bluetooth,充電式,"￥1,570",未記載,未記載,未記載,JIS日本語配列,未記載
k-bs-p2-051,PFU,PFU キーボード HHKB Professional HYBRID Type-S 日本語配列／墨,PFU キーボード HHKB Professional HYBRID Type-S 日本語配列／墨,60%,静電容量無接点方式（Type-S 静音）,PBT,Bluetooth / 有線 USB,単3形乾電池×2本,"￥36,850",未記載,未記載,未記載,JIS日本語配列,未記載
k-tbl-018,ProtoArc,ProtoArc XK01 TP 折りたたみキーボード Bluetooth 薄型 軽量 大型タッチパッド搭載 3台同時接続,ProtoArc XK01 TP 折りたたみキーボード Bluetooth 薄型 軽量 大型タッチパッド搭載 3台同時接続,折りたたみ,パンタグラフ,ABS,Bluetooth,充電式,"￥5,380",未記載,未記載,未記載,JIS日本語配列,未記載
k-tbl-006,ProtoArc,ProtoArc XK01 折りたたみキーボード Bluetooth 薄型 軽量 持ち運び 3台同時接続 ipad用キーボード,ProtoArc XK01 折りたたみキーボード Bluetooth 薄型 軽量 持ち運び 3台同時接続 ipad用キーボード,折りたたみ,パンタグラフ,ABS,Bluetooth,充電式,"￥5,280",未記載,未記載,未記載,JIS日本語配列,未記載
k-gp3-010,Pulsar,eS HE 70,Pulsar Gaming Gears eS HE 70 Hall Effect Magnetic Gaming Keyboard ANSI English Layout 79 Keys Magnetic Switch 8K Polling Rate [Domestic G…,70%,メカニカル（磁気スイッチ）,PBT,有線 USB,有線給電,"￥27,529",ゲーミングキーボード,8000Hz,ラピッドトリガー,US英語配列,未記載
k-gp3-007,Pulsar,PCMK 2HE TKL,Pulsar Gaming Gears PCMK 2HE TKL Gaming Keyboard JIS Japanese Layout 91 Keys Magnetic Switch 8K Polling Rate [Domestic Genuine Product],80%,メカニカル（磁気スイッチ / ガスケット）,PBT,有線 USB,有線給電,"￥20,980",ゲーミングキーボード,8000Hz,ラピッドトリガー,JIS日本語配列,未記載
k-gmg-026,Pulsar,Pulsar PCMK 3HE TKL Something Edition,Pulsar Gaming Gears [Pro Series] PCMK 3HE TKL Something Edition ゲーミング キーボード JIS 日本語配列 91キー 磁気スイッチ 8K Polling Rate【国内正規品】,80%,メカニカル（磁気スイッチ / ガスケット）,PBT,有線 USB,有線給電,"￥27,980",ゲーミングキーボード,8000Hz,ラピッドトリガー,JIS日本語配列,未記載
k-tbl-029,Quark,Quark Surface Pro キーボード Surface Pro 7+/7/6/5/4/3 対応 日本語印字 Bluetooth 無…,Quark Surface Pro キーボード Surface Pro 7+/7/6/5/4/3 対応 日本語印字 Bluetooth 無線接続 7色バックライト トラックパッド付き サーフェスプロ キーボード 超薄スリム 軽量Typ-C充電式 磁気吸着 カバー兼用 ブルー,surface用,パンタグラフ,ABS,Bluetooth,充電式,"￥7,999",未記載,未記載,未記載,JIS日本語配列,未記載
k-gmg-p2-080,Razer,Razer BlackWidow V3 JP,Razer BlackWidow V3 JP Yellow Switch ゲーミングキーボード メカニカル イエロー軸 Chroma RGB 日本語配列 【日本正規代理店保証品】 RZ03-03542300-R3J1,フルサイズ,メカニカル（黄軸）,ABS,有線 USB,有線給電,未記載,ゲーミングキーボード,1000Hz,未記載,JIS日本語配列,未記載
k-gbs-024,Razer,Razer BlackWidow V3 Mini HyperSpeed Phantom Pudding Edition,Razer BlackWidow V3 Mini HyperSpeed Phantom Pudding Edition Yellow Switch ゲーミングキーボード ワイヤレス 2.4GHz Bluetooth 65% メカニカル イエロー軸 Chroma RGB,65%,メカニカル（黄軸）,ABS,Bluetooth / 2.4GHz / 有線 USB,充電式,"￥12,882",ゲーミングキーボード,1000Hz,未記載,US英語配列,未記載
k-gbs-090,Razer,Razer BlackWidow V4 Pro メカニカル ホワイト,Razer BlackWidow V4 Pro メカニカルゲーミングキーボード グリーンスイッチ ホワイト コマンドダイヤル 8つの専用マクロキー Chroma RGB 英語配列,フルサイズ,メカニカル（Green Switch ）,ABS,有線 USB,有線給電,"￥38,971",ゲーミングキーボード,8000Hz,未記載,US英語配列,未記載
k-gbs-084,Razer,Razer BlackWidow V4 X Fortnite Edition,FORTNITE ゲーミングキーボード Razer BlackWidow V4 X Fortnite Edition カスタマイズ可能な6個の専用マクロキー イエローメカニカルスイッチ 有線 Chroma RGB 英語配列,フルサイズ,メカニカル（黄軸）,ABS,有線 USB,有線給電,"￥25,051",ゲーミングキーボード,1000Hz,未記載,US英語配列,未記載
k-gbs-082,Razer,Razer BlackWidow V4 X Minecraft Edition,Minecraft ゲーミングキーボード Razer BlackWidow V4 X Minecraft Edition カスタマイズ可能な6個の専用マクロキー グリーンメカニカルスイッチ 有線 Chroma RGB 英語配列,フルサイズ,メカニカル（Green Switch ）,ABS,有線 USB,有線給電,"￥15,800",ゲーミングキーボード,1000Hz,未記載,US英語配列,未記載
k-gbs-089,Razer,Razer DeathStalker V2 Clicky Optical Switch ゲーミングキーボード US配列,Razer DeathStalker V2 Clicky Optical Switch 有線ゲーミングキーボード 薄型オプティカル クリッキー触感 Type-C 多機能ローラー Chroma RGB 英語配列,フルサイズ,オプティカル,ABS,有線 USB,有線給電,"￥22,800",ゲーミングキーボード,1000Hz,未記載,US英語配列,未記載
k-gbs-085,Razer,Razer DeathStalker V2 Pro Tenkeyless JP White Edition,Razer DeathStalker V2 Pro Tenkeyless JP White Edition Linear Optical Switch 薄型オプティカルスイッチ ワイヤレス 2.4GHz Bluetooth 日本語配列 Chroma RGB,80%,オプティカル,ABS,2.4GHz (USBレシーバー) / Bluetooth / 有線,充電式,"￥31,980",ゲーミングキーボード,1000Hz,未記載,JIS日本語配列,未記載
k-gbs-088,Razer,Razer DeathStalker V2 Pro Tenkeyless White Edition,Razer DeathStalker V2 Pro Tenkeyless White Edition Linear Optical Switch 薄型オプティカルスイッチ ワイヤレス 2.4GHz Bluetooth Type-C Chroma 英語配列,80%,オプティカル,ABS,2.4GHz (USBレシーバー) / Bluetooth / 有線,充電式,"￥31,000",ゲーミングキーボード,1000Hz,未記載,US英語配列,未記載
k-gbs-086,Razer,Razer Huntsman Mini 60% ゲーミングキーボード ホワイト,Razer Huntsman Mini 60% ゲーミングキーボード リニアオプティカルスイッチ ラピッドトリガーモード PBTキーキャップ Snap Tap Chroma RGB ホワイト,60%,オプティカル,PBT,有線 USB,有線給電,"￥12,638",ゲーミングキーボード,1000Hz,ラピッドトリガー,US英語配列,未記載
k-gmg-023,Razer,Razer Huntsman Mini 小型 ゲーミングキーボード - Clicky Optical Switch 英語US配列 60%レ…,Razer Huntsman Mini 小型 ゲーミングキーボード - Clicky Optical Switch 英語US配列 60%レイアウト 光学スイッチ 超高速1.5mm作動 クリッキー触感 Chroma RGB 【日本正規代理店保証品】 RZ03-03390100…,60%,オプティカル,PBT,有線 USB,有線給電,"￥18,981",ゲーミングキーボード,1000Hz,ラピッドトリガー,US英語配列,未記載
k-gmg-p2-075,Razer,Razer Huntsman V2,Razer Huntsman V2 Linear Optical Switch ゲーミングキーボード 英語 US配列 オプティカルスイッチ リニア触感 静音 ダブルショット PBT キーキャップ リストレスト デジタルダイヤル & 4メディアキー Chroma RGB 【日…,フルサイズ,オプティカル（リニア）,PBT,有線 USB,有線給電,"￥31,980",ゲーミングキーボード,8000Hz,ラピッドトリガー,US英語配列,未記載
k-gbs-083,Razer,Razer Huntsman V2 Clicky Optical Switch ゲーミングキーボード US配列,Razer Huntsman V2 Clicky Optical Switch ゲーミングキーボード 英語 US配列 オプティカルスイッチ クリッキー触感 ダブルショット PBT キーキャップ リストレスト Chroma RGB,フルサイズ,オプティカル（クリッキー）,PBT,有線 USB,有線給電,"￥29,676",ゲーミングキーボード,8000Hz,ラピッドトリガー,US英語配列,未記載
k-gbs-p2-053,Razer,Razer Huntsman V3 HE Magnetic Mini,Razer Huntsman V3 HE Magnetic Mini 65% 8KHz ゲーミングキーボード US配列 ラピッドトリガー,80%,メカニカル（磁気スイッチ）,PBT,有線 USB,有線給電,"￥17,980",ゲーミングキーボード,8000Hz,ラピッドトリガー,US英語配列,未記載
k-gbs-081,Razer,Razer Huntsman V3 HE マグネット式 TKL 8KHz ゲーミングキーボード US配列,Razer Huntsman V3 HE Magnetic Tenkeyless 8KHz ゲーミングキーボード US配列 ラピッドトリガー | Synapse Web対応 ホールエフェクト磁気スイッチ 8000Hz HyperPolling 調整可能アクチュエーション,80%,メカニカル（磁気スイッチ）,PBT,"有線 USB Type-C (着脱式, 8000Hz)",有線給電,"￥20,980",ゲーミングキーボード,8000Hz,ラピッドトリガー,US英語配列,未記載
k-gnr-p2-062,Razer,Razer Huntsman V3 Pro JP,調整可能アクチュエーション搭載アナログ ラピッドトリガー フルサイズ（JIS）,80%,メカニカル（磁気スイッチ）,PBT,有線 USB,有線給電,"￥30,218",ゲーミングキーボード,1000Hz,ラピッドトリガー,JIS日本語配列,未記載
k-gbs-087,Razer,Razer Huntsman V3 Pro Mini JP,Razer ラピッドトリガー 搭載 Huntsman V3 Pro Mini JP アナログオプティカルスイッチ 調整可能なアクチュエーション 60%コンパクト 日本語配列,60%,オプティカル,PBT,有線 USB,有線給電,"￥25,880",ゲーミングキーボード,1000Hz,ラピッドトリガー,JIS日本語配列,未記載
k-gnr-p2-063,Razer,Razer(レイザー) ラピッドトリガー 搭載 Huntsman V3 Pro JP 調整可能なアクチュエーション搭載のアナログ ゲーミン…,Razer(レイザー) ラピッドトリガー 搭載 Huntsman V3 Pro JP 調整可能なアクチュエーション搭載のアナログ ゲーミングキーボード オプティカルスイッチ 押下圧 40G リストレスト付属 日本語配列 ハンツマンブイスリープロ ジェイピー【日本正規代理店保証品】,フルサイズ,オプティカル,PBT,有線 USB,有線給電,"￥36,980",ゲーミングキーボード,1000Hz,ラピッドトリガー,JIS日本語配列,未記載
k-gnr-p1-010,REALFORCE,東プレ REALFORCE GX1 Plus サザビー 日本語配列 ゲーミングキーボード X1PCS1 KB0939,東プレ REALFORCE GX1 Plus サザビー 日本語配列 ゲーミングキーボード X1PCS1 KB0939,80％,静電容量無接点方式,PBT,有線 USB,有線給電,"￥44,373",ゲーミングキーボード,1000Hz,ラピッドトリガー,JIS日本語配列,未記載
realforce-gx1plus-x1pc11,REALFORCE (リアルフォース),REALFORCE GX1Plus,選べる配列 ブラック ダークグレー | 静電容量無接点方式 | ラピッドトリガー | 8000Hz | 最速0.1mm作動 | PBT | リアルフォース | 日本製 | かな無し | X1PC11,日本語配列,静電容量無接点方式,PBT,有線 (USB 着脱式),有線給電,"￥35,200",ゲーミングキーボード,8000Hz,ラピッドトリガー,JIS日本語配列,未記載
k-gnr-p2-071,REALFORSE,REALFORCE × 猫麦とろろ GX1 Plus Keyboard 45g 日本語配列 ブラック 2色成形 昇華印刷 静電容量無接点方…,REALFORCE × 猫麦とろろ GX1 Plus Keyboard 45g 日本語配列 ブラック 2色成形 昇華印刷 静電容量無接点方式 ラピッドトリガー 8000Hz 最速0.1mm作動 PBT リアルフォース 日本製 かな無し アクリルスタンド同梱 X1PCT1,80％,静電容量無接点方式,PBT,有線 USB,有線給電,"￥47,800",ゲーミングキーボード,8000Hz,ラピッドトリガー,JIS日本語配列,未記載
k-bs-p2-065,REALFORSE,REALFORCE R3S キーボード 有線 フル 45g 日本語配列 ブラック R3SA11,REALFORCE R3S キーボード 有線 フル 45g 日本語配列 ブラック R3SA11,フルサイズ,静電容量無接点方式,PBT,有線 USB,有線給電,"￥26,620",未記載,未記載,未記載,JIS日本語配列,未記載
k-bs-p2-069,REALFORSE,REALFORCE R4 キーボード ハイブリッド フル 45g 日本語配列 ブラック R4HA11,REALFORCE R4 キーボード ハイブリッド フル 45g 日本語配列 ブラック R4HA11,フルサイズ,静電容量無接点方式,PBT,有線 USB / Bluetooth,単3形乾電池×2本/有線給電,"￥39,820",未記載,未記載,未記載,JIS日本語配列,未記載
k-tbl-048,REDMI,REDMI Pad 2 Pro キーボード 純正 人間工学 PCライクな体験 複数のショートカットキー 220mAh(標準値)大容量バッテ…,REDMI Pad 2 Pro キーボード 純正 人間工学 PCライクな体験 複数のショートカットキー 220mAh(標準値)大容量バッテリー 65時間連続使用時間,75％,パンタグラフ,ABS,未記載,充電式,"￥7,161",未記載,未記載,未記載,US英語配列,未記載
k-gmg-p2-078,RK ROYAL KLUDGE,RK ROYAL KLUDGE L75,RK ROYAL KLUDGE L75 ワイヤレスガスケットRGBメカニカルゲーミングキーボード ノブ付き、US QWERTY レイアウト,75％,メカニカル（ガスケット）,PBT,Bluetooth / 2.4GHz / 有線,充電式,"￥9,999",ゲーミングキーボード,1000Hz,未記載,US英語配列,未記載
k-gnr-p1-020,RK ROYAL KLUDGE,RK ROYAL KLUDGE RK61JP,60% JIS・61キー・3モード・PBT・ホットスワップ,80％,オプティカル,PBT,有線 USB,有線給電,"￥28,550",ゲーミングキーボード,1000Hz,ラピッドトリガー,JIS日本語配列,未記載
k-gnr-p2-052,RK ROYAL KLUDGE,RK ROYAL KLUDGE RK84,75%ホットスワップ対応RGB有線メカニカルゲーミングキーボード（US QWERTY）,75％,メカニカル,PBT,有線 USB,有線給電,"￥7,499",ゲーミングキーボード,1000Hz,未記載,US英語配列,未記載
k-gnr-p2-055,RK ROYAL KLUDGE,RK ROYAL KLUDGE RK920,104キーフルサイズホットスワップRGB有線メカニカル（US QWERTY・PBT）,フルサイズ,メカニカル,PBT,有線 USB,有線給電,"￥11,999",ゲーミングキーボード,1000Hz,ラピッドトリガー,US英語配列,未記載
k-gnr-p1-014,RK ROYAL KLUDGE,RK ROYAL KLUDGE S98,96%・スマートディスプレイ＆ノブ・3モード接続・US QWERTY,96%,メカニカル,PBT,Bluetooth / 2.4GHz / 有線,充電式,"￥10,649",ゲーミングキーボード,1000Hz,未記載,US英語配列,未記載
k-gmg-p2-072,ROCCAT,ROCCAT Vulcan II Max JP,ROCCAT ゲーミングキーボード Vulcan II Max JP 日本語配列 有線 ホワイト/白 オプティカル リニア 静音 フルサイズ カスタマイズ可能 RGB 半透明アームレスト ボリュームダイヤル 【日本正規代理店品】,フルサイズ,オプティカル,ABS,有線 USB,有線給電,"￥24,347",ゲーミングキーボード,1000Hz,未記載,JIS日本語配列,未記載
k-gmg-016,SmackApe,SmackApe Impact 80 メカニカルキーボード 3WAY接続 無線 ワイヤレス 低遅延 テンキーレス TKL JIS 日本語配…,SmackApe Impact 80 メカニカルキーボード 3WAY接続 無線 ワイヤレス 低遅延 テンキーレス TKL JIS 日本語配列 US 英字配列 ガスケットマウント ARGB ホットスワップ VIA,80％,メカニカル（ガスケット）,PBT,Bluetooth / 2.4GHz / 有線,充電式,"￥13,900",ゲーミングキーボード,1000Hz,未記載,JIS日本語配列,未記載
k-nr2-068,Snsowed,Snsowed 超薄型 USB 有線キーボード（ピンク）,Snsowed かわいい漫画超薄型 USB 有線キーボードサイレントコンピュータホームオフィスラップトップ用ユニバーサル (ピンク),フルサイズ,メカニカル（メンブレン）,ABS,有線 USB,有線給電,"￥2,409",未記載,未記載,未記載,US英語配列,未記載
k-tbl-041,SOPPY,SOPPY iPad キーボード付きケース 10.2/10.5インチ 9世代 8世代 7世代 iPad Air3 第3世代 マウス付き 多角度…,SOPPY iPad キーボードケース 10.2/10.5インチ 9世代 8世代 7世代 iPad Air3 第3世代 マウス付き 多角度調整 ペンシルホルダー付き type-c 充電式 マグネット脱着式 ブルー,ipad用,パンタグラフ,ABS,Bluetooth,充電式,"￥3,399",未記載,未記載,未記載,US英語配列,未記載
k-gnr-p2-064,Turtle Beach,TURTLE BEACH Command Series KB7,Command Series 有線TKLゲーミングキーボード（US英語配列）,80％,メカニカル（磁気スイッチ）,ABS,有線 USB,有線給電,"￥29,800",ゲーミングキーボード,8000Hz,ラピッドトリガー,US英語配列,未記載
k-tbl-043,Winmaxle,Winmaxle Mobdel B1 ミニ Bluetooth + 2.4G デュアルモード ワイヤレス キーボード、3軸ジャイロスコープ…,Winmaxle Mobdel B1 ミニ Bluetooth + 2.4G デュアルモード ワイヤレス キーボード、3軸ジャイロスコープ内蔵、64キー、7種類のRGBバックライトオプション、QWERTYレイアウト、充電式バッテリー、Type-Cポート、Windows/Ma…,60％,メカニカル（メンブレン）,ABS,"2.4G, Bluetooth",充電式,"￥5,222",未記載,未記載,未記載,US英語配列,未記載
k-gmg-001,WOBKEY,WOBKEY Rainy75 Pro,雨音のような打鍵音 メカニカルキーボード 3WAY接続 OS互換性 ホットスワップとVIAの対応 カスタマイズ性 ガスケットデザイン アルミニウム素材使用 RGBバックライト(Pro(Luna 日本語配列)),75％,メカニカル（ガスケット）,PBT,Bluetooth / 2.4GHz / 有線 USB,充電式,"￥27,720",ゲーミングキーボード,1000Hz,未記載,JIS日本語配列,未記載
k-gbs-008,WOBKEY,雨音のような打鍵音 メカニカルキーボード 3WAY接続 OS互換性 ホットスワップとVIAの対応 カスタマイズ性 ガスケットデザイン アル…,【WOBKEY Rainy 75キーボード】雨音のような打鍵音 メカニカルキーボード 3WAY接続 OS互換性 ホットスワップとVIAの対応 カスタマイズ性 ガスケットデザイン アルミニウム素材使用 RGBバックライト(Pro静音版(黑 日本語配列)）,75％,メカニカル（ガスケット）,PBT,Bluetooth / 2.4GHz / 有線 USB,充電式,"￥27,720",ゲーミングキーボード,1000Hz,未記載,US英語配列,未記載
k-gnr-p2-077,Womier,Womier M98,96%ワイヤレス ガスケット 画面+ノブ付き テンキー付き,96%,メカニカル（ガスケット）,PBT,2.4GHz / Bluetooth / 有線 USB,充電式,"￥12,599",ゲーミングキーボード,1000Hz,未記載,US英語配列,未記載
k-gnr-p2-079,XEANIXIE,XEANIXIE OU108,108キー JIS青軸 フルサイズ 有線 LEDバックライト ホットスワップ,フルサイズ,メカニカル（青軸）,ABS,有線 USB,有線給電,"￥6,999",ゲーミングキーボード,1000Hz,未記載,JIS日本語配列,未記載
k-gnr-p2-051,XZILEX,XZILEX X68E,0.005mmラピッドトリガー・8000Hz・68キー磁気スイッチ有線ゲーミングキーボード,65％,メカニカル（磁気スイッチ）,PC（ポリカーボネート / 半透明）,有線 USB,有線給電,"￥12,980",ゲーミングキーボード,8000Hz,ラピッドトリガー,US英語配列,未記載
k-gmg-021,YUNZII,YUNZII AL71 メカニカルキーボード 68% コンパクト フルアルミCNC加工 ガスケット構造 [Bluetooth/2.4G/U…,YUNZII AL71 メカニカルキーボード 68% コンパクト フルアルミCNC加工 ガスケット構造 [Bluetooth/2.4G/USB-C 三モード接続] ホットスワップ対応 NKRO RGBバックライト Win/Mac両対応 技適認証済み プレゼント対応（シルバー…,68％,メカニカル,PBT,2.4GHz / Bluetooth / 有線 USB,充電式,"￥9,240",ゲーミングキーボード,1000Hz,未記載,US英語配列,未記載
k-gbs-p2-052,YUNZII,YUNZII B75 PRO,"YUNZII B75 PRO 75% ガスケットゲーミングキーボード 無線メカニカルキーボード BT/2.4G/有線 ワイヤレス ホットスワップ 搭載 RGB ノブ付きカスタムキーボード Mac/Win用 技適認証取得 (ピンク, ココアクリームV2スイッチ)",75%,メカニカル（ガスケット）,PBT,2.4GHz / Bluetooth / 有線 USB,充電式,"￥11,199",ゲーミングキーボード,1000Hz,未記載,US英語配列,未記載
k-gmg-005,YUNZII,YUNZII B75 PRO 75% ガスケットゲーミングキーボード 無線メカニカルキーボード BT/2.4G/有線 ワイヤレス ホットス…,"YUNZII B75 PRO 75% ガスケットゲーミングキーボード 無線メカニカルキーボード BT/2.4G/有線 ワイヤレス ホットスワップ 搭載 RGB ノブ付きカスタムキーボード Mac/Win用 技適認証取得 (グリーン, ココアクリームV2スイッチ)",75%,メカニカル（ガスケット）,PBT,2.4GHz / Bluetooth / 有線 USB,充電式,"￥11,199",ゲーミングキーボード,未記載,未記載,US英語配列,未記載
k-gmg-015,YUNZII,YUNZII B87,"YUNZII B87 ワイヤレスメカニカルキーボード ゲーミングキーボード BT5.0/2.4G/USB-C NKRO QMK/VIAソフトウェアカスタム MOAキーキャップ ガスケット RGB リストレスト Win/Mac用 (ブラウン, ハートココアクリームV2スイッチ)",80％,メカニカル（ガスケット）,PBT,2.4GHz / Bluetooth / 有線 USB,充電式,"￥12,608",ゲーミングキーボード,1000Hz,未記載,US英語配列,未記載
k-gmg-028,YUNZII,YUNZII C75 ワイヤレス メカニカルキーボード 75%レイアウト ホットスワップ対応 クリーミーキーボード NKRO PBT MO…,YUNZII C75 ワイヤレス メカニカルキーボード 75%レイアウト ホットスワップ対応 クリーミーキーボード NKRO PBT MOA キーキャップ RGBバックライト ガスケットマウント 可愛いケーキデザイン BT5.0/2.4G/USB-C Win/Mac/ゲーミ…,75%,メカニカル（ガスケット）,PBT,2.4GHz / Bluetooth / 有線 USB,充電式,"￥10,908",ゲーミングキーボード,未記載,未記載,US英語配列,未記載
k-gnr-p2-076,YUNZII,YUNZII C98,98キー 透明Maoキャップ BT5.0/2.4G/USB-C ホットスワップ,96%,メカニカル（ガスケット）,PBT,2.4GHz / Bluetooth / 有線 USB,充電式,"￥16,342",ゲーミングキーボード,1000Hz,未記載,US英語配列,未記載
k-gbs-015,YUNZII,YUNZII QL75 タイプライターキーボード ワイヤレス レトロメカニカルキーボード ホットスワップ対応 パンクスタイルの丸型キーキャ…,YUNZII QL75 タイプライターキーボード ワイヤレス レトロメカニカルキーボード ホットスワップ対応 パンクスタイルの丸型キーキャップ RGBバックライト QMK/VIAプログラマブル 2.4GHz/Type-C/BT5.0マルチデバイス接続 技適認証取得 (ウッド…,75%,メカニカル（ガスケット）,PBT,2.4GHz / Bluetooth / 有線 USB,充電式,"￥14,820",ゲーミングキーボード,1000Hz,未記載,US英語配列,未記載
k-gnr-p2-074,YUNZII,YUNZII WOOD84,"NuPhy Node100 ワイヤレス メカニカルキーボード ロープロファイル 日本語配列 (JIS) フルサイズ 114キー Bluetooth/2.4GHz/USB-C トライモード接続 ホットスワップ対応 RGBバックライト PBTキーキャップ タッチジェスチャー ゲーミング (Ink Gray, Blush Nano)",フルサイズ,メカニカル,PBT,2.4GHz / Bluetooth / 有線 USB,充電式,"￥24,420",ゲーミングキーボード,1000Hz,未記載,JIS日本語配列,未記載
k-gnr-p2-075,YUNZII,YUNZII WOOD84 ワイヤレスメカニカルキーボード 75%レイアウト 木製 ゲーミングキーボード BT/2.4G/USB-C 3モ…,YUNZII WOOD84 ワイヤレスメカニカルキーボード 75%レイアウト 木製 ゲーミングキーボード BT/2.4G/USB-C 3モード RGBバックライト トレイマウント構造 ホットスワップ対応 カスタムキーボード PBT昇華印刷キーキャップ Mac/Windows…,75%,メカニカル,PBT,2.4GHz / Bluetooth / 有線 USB,充電式,"￥15,553",ゲーミングキーボード,1000Hz,未記載,US英語配列,未記載
k-gbs-029,YUNZII,YUNZII X71 メカニカルゲーミングキーボード 透明キーキャップ 71キー 68%配列 ワイヤレス ホットスワップ対応 BT5.0/…,YUNZII X71 メカニカルゲーミングキーボード 透明キーキャップ 71キー 68%配列 ワイヤレス ホットスワップ対応 BT5.0/2.4G/USB-C ガスケット搭載 RGB 無線 Windows/Mac用 技適認証取得（クリスタルアイス軸、ホワイト）,68％,メカニカル（ガスケット）,PC（ポリカーボネート / 半透明）,2.4GHz / Bluetooth / 有線 USB,充電式,"￥13,199",ゲーミングキーボード,1000Hz,未記載,US英語配列,未記載
k-gbs-022,YUNZII,YUNZII X75 PRO 82キーワイヤレス ホットスワップ対応 英語配列 メカニカルゲーミングキーボード 透明キーキャップ BT5.…,YUNZII X75 PRO 82キーワイヤレス ホットスワップ対応 英語配列 メカニカルゲーミングキーボード 透明キーキャップ BT5.0/2.4G/USB-C ガスケット装着キーボード Windows/Mac用 技適認証取得(Kailh ジェリーフィッシュ軸、無線ホワイト）,75%,メカニカル（ガスケット）,PC（ポリカーボネート / 半透明）,2.4GHz / Bluetooth / 有線 USB,充電式,"￥10,959",ゲーミングキーボード,1000Hz,未記載,US英語配列,未記載
k-gmg-019,YUNZII,YUNZII X75 有線 ホットスワップメカニカルキーボード 透明なキーキャップ ガスケット装着75キーボード RGBバックライト付き …,YUNZII X75 有線 ホットスワップメカニカルキーボード 透明なキーキャップ ガスケット装着75キーボード RGBバックライト付き ゲーミングキーボード Windows/Mac対応(クリスタルアイス軸、有線ホワイト）,75%,メカニカル（ガスケット）,PC（ポリカーボネート / 半透明）,有線 USB,有線給電,"￥8,549",ゲーミングキーボード,1000Hz,未記載,US英語配列,未記載
k-gmg-p2-051,YUNZII,YUNZII X98 QMK/VIA対応 ワイヤレス メカニカルゲーミングキーボード 透明キーキャップ 3モード接続 BT5.0/2.4G…,YUNZII X98 QMK/VIA対応 ワイヤレス メカニカルゲーミングキーボード 透明キーキャップ 3モード接続 BT5.0/2.4GHz/USB-C ホットスワップ可能 潤滑済みスイッチ ガスケット構造 RGBバックライト ノブ付き Win/Mac対応 技適認証取得 …,96%,メカニカル（ガスケット）,PC（ポリカーボネート / 半透明）,2.4GHz / Bluetooth / 有線 USB,充電式,"￥15,280",ゲーミングキーボード,1000Hz,未記載,US英語配列,未記載
k-gmg-p2-071,YUNZII,YUNZII YZ75,"YUNZII YZ75 75% ホットスワップ対応ワイヤレスゲーミングキーボード RGBバックライト BT5.0/2.4G/USB-C、Dye Sub PBTキーキャップ Linux/Win/Mac用 技適認証取得（Gateron G Pro 赤軸,ホワイト)",75%,メカニカル,PBT,2.4GHz / Bluetooth / 有線 USB,充電式,"￥9,045",ゲーミングキーボード,1000Hz,未記載,US英語配列,未記載
k-gmg-p2-056,エレコム,Apex Pro Mini,SteelSeries Steelseries ラピッドトリガー 搭載 ゲーミングキーボード ミニサイズ Apex Pro Mini Wireless JP 無線 ワイヤレス 日本語配列 Quantum 2.0ワイヤレス接続 OmniPointスイッチ 2ーinー1アクションキー 搭載 64829 ブラック,60％,メカニカル（磁気スイッチ）,PBT,2.4GHz / Bluetooth / 有線 USB,充電式,"￥18,600",ゲーミングキーボード,1000Hz,ラピッドトリガー,JIS日本語配列,未記載
k-gmg-007,エレコム,V-custom VK310S RGB,エレコム ゲーミングキーボード 有線 V-custom VK310S RGB テンキーレス メカニカル ネオクラッチキーキャップ 銀軸 スピードリニア USBポート搭載 TK-VK310SBK,80％,メカニカル（銀軸）,ABS,有線 USB,有線給電,"￥7,973",ゲーミングキーボード,1000Hz,未記載,JIS日本語配列,未記載
vk720a,エレコム (ELECOM),ゲーミングキーボード V custom VK720A,エレコム ゲーミングキーボード V custom VK720A ラピッドトリガー 磁気スイッチ 75%サイズ 日本語配列 着脱式有線 USB Type-C TK-VK720ABK ブラック,75％,メカニカル（磁気スイッチ）,PBT（ダブルショット）,有線 (着脱式),有線給電,"￥29,979",ゲーミングキーボード,1000Hz,ラピッドトリガー,JIS日本語配列,未記載
k-nr-014,サンワサプライ,ワイヤレスキーボード（テンキーレス）,サンワサプライ ワイヤレスキーボード Bluetooth・2.4GHz両対応 テンキーレス コンパクト パンタグラフ 日本語配列 85キー 充電式 3台切替対応 Windows Mac iPad iPhone Android ChromeOS対応 グ,75%,パンタグラフ,ABS,2.4GHz (USBレシーバー) / Bluetooth,充電式,"￥7,980",未記載,未記載,未記載,JIS日本語配列,未記載
g515-rapid,ロジクール G (Logicool G),Logicool G G515 RAPID TKL,Logicool G ラピッドトリガー G515 RAPID ゲーミングキーボード G515-TKL-RTBKd 磁気式アナログスイッチ 薄型22mmロープロファイル 日本語配列 テンキーレス KEY PRIORITY SOCD,テンキーレス (TKL),メカニカル（磁気式アナログ  / ロープロ）,PBT,有線 (USB),有線給電,"￥28,800",ゲーミングキーボード,1000Hz,ラピッドトリガー,JIS日本語配列,未記載
