商品名,商品説明,価格,対応サイズ,耐荷重,VESA,取付方式,駆動方式
モニターアーム シングル,15〜32インチ対応・耐荷重2.0〜7.0kg・ガススプリング式,2919,15〜32インチ,2.0〜7.0kg,75×75 / 100×100,クランプ式,ガススプリング式
PS1S Wave,17〜32インチ対応・耐荷重9.0kg・ガススプリング式,8980,17〜32インチ,9.0kg,75×75 / 100×100,クランプ式,ガススプリング式
HNSS6,13〜32インチ対応・耐荷重2.0〜9.0kg・ガススプリング式,3699,13〜32インチ,2.0〜9.0kg,75×75 / 100×100,クランプ式 & グロメット式,ガススプリング式
LX (45-241-224),〜34インチ対応・耐荷重3.2〜11.3kg・メカニカルスプリング式,18200,〜34インチ,3.2〜11.3kg,75×75 / 100×100,クランプ式 & グロメット式,メカニカルスプリング式
A5,17〜32インチ対応・耐荷重9.0kg・ガススプリング式,3280,17〜32インチ,9.0kg,75×75 / 100×100,クランプ式 & グロメット式,ガススプリング式
DPA-SS02BK,17〜32インチ対応・耐荷重9.0kg・ガススプリング式,4490,17〜32インチ,9.0kg,75×75 / 100×100,クランプ式 & グロメット式,ガススプリング式
NB ERGONOMIC モニターアーム シングル 場所をとらないポール型 最大32インチ / 耐荷重9kg クランプ式・グロメット式対応…,"NB ERGONOMIC モニターアーム シングル 場所をとらないポール型 最大32インチ / 耐荷重9kg クランプ式・グロメット式対応 H100-G ディープグレー | VESA規格適合,ゲーミング,テレワーク",2480,〜32インチ,9.0kg,75×75 / 100×100,クランプ式 & グロメット式,ポール式/固定式
デュアルモニターアーム,13〜27インチ対応・耐荷重10.0kg・ガススプリング式,2960,13〜27インチ,10.0kg,75×75 / 100×100,クランプ式 & グロメット式,ガススプリング式
デュアルモニターアーム,13〜27インチ対応・耐荷重10.0kg・ガススプリング式,1999,13〜27インチ,10.0kg,75×75 / 100×100,クランプ式 & グロメット式,ガススプリング式
MS011,17〜32インチ対応・耐荷重9.0kg・ガススプリング式,2899,17〜32インチ,9.0kg,75×75 / 100×100,クランプ式 & グロメット式,ガススプリング式
MS011,17〜32インチ対応・耐荷重9.0kg・ガススプリング式,3280,17〜32インチ,9.0kg,75×75 / 100×100,クランプ式 & グロメット式,ガススプリング式
HNSS6 ロング,13〜35インチ対応・耐荷重10.0kg・ガススプリング式,3999,13〜35インチ,10.0kg,75×75 / 100×100,クランプ式 & グロメット式,ガススプリング式
モニターアーム シングル,17〜32インチ対応・耐荷重9.0kg・ガススプリング式,2999,17〜32インチ,9.0kg,75×75 / 100×100,クランプ式 & グロメット式,ガススプリング式
HNCM12,10〜32インチ対応・耐荷重1.0〜8.0kg・ガススプリング式,2079,10〜32インチ,1.0〜8.0kg,75×75 / 100×100,クランプ式 & グロメット式,ガススプリング式
MD6DB,13〜27インチ対応・耐荷重9.0kg・ポール式/固定式,2000,13〜27インチ,9.0kg,75×75 / 100×100,ポール取付,ポール式/固定式
MD7421,13〜32インチ対応・耐荷重10.0kg・ガススプリング式,2600,13〜32インチ,10.0kg,75×75 / 100×100,クランプ式 & グロメット式,ガススプリング式
BONTEC デュアルモニターアーム 13～32インチ対応 各アーム耐荷重10kg VESA75×75・100×100mm クランプ・グロ…,BONTEC デュアルモニターアーム 13～32インチ対応 各アーム耐荷重10kg VESA75×75・100×100mm クランプ・グロメット式 | 高さ調整・スイベル・チルト・360°回転に対応、ケーブル管理付き、デスク周りをすっきり整理、ブラック,2849,17〜40インチ,2.5〜14.0kg,75×75 / 100×100,クランプ式 & グロメット式,メカニカルスプリング式
CR-LAC215BK,17〜32インチ対応・ガススプリング式,6989,17〜32インチ,-,75×75 / 100×100,クランプ式,ガススプリング式
モニターアーム,17〜32インチ対応・耐荷重9.0kg・ガススプリング式,3998,17〜32インチ,9.0kg,75×75 / 100×100,クランプ式 & グロメット式,ガススプリング式
モニターアーム,17〜32インチ対応・耐荷重2.0〜11.0kg・ガススプリング式,3399,17〜32インチ,2.0〜11.0kg,75×75 / 100×100,クランプ式 & グロメット式,ガススプリング式
BMA-1MS-BK,〜34インチ対応・耐荷重2.0〜10.0kg・メカニカルスプリング式,12800,〜34インチ,2.0〜10.0kg,75×75 / 100×100,クランプ式,メカニカルスプリング式
モニターアーム（支柱取付）,17〜32インチ対応・耐荷重8.0kg・ガススプリング式,1899,17〜32インチ,8.0kg,75×75 / 100×100,ポール取付,ガススプリング式
Pholiten 支柱取付け シングルモニターアーム ガス式ディスプレイアーム 3関節型 長いアーム 35ＭＭポール取り付け 13-34イ…,Pholiten 支柱取付け シングルモニターアーム ガス式ディスプレイアーム 3関節型 長いアーム 35ＭＭポール取り付け 13-34インチ対応 耐荷重11kg 75/100mmVESA対応 MDX003DB,3149,13〜34インチ,11.0kg,75×75 / 100×100,ポール取付,ガススプリング式
モニターアーム（USBハブ付）,17〜32インチ対応・耐荷重2.0〜10.0kg・ガススプリング式,2799,17〜32インチ,2.0〜10.0kg,75×75 / 100×100,クランプ式 & グロメット式,ガススプリング式
DPA-DS07BK,17〜32インチ対応・耐荷重9.0kg・ガススプリング式,6980,17〜32インチ,9.0kg,75×75 / 100×100,クランプ式 & グロメット式,ガススプリング式
モニターアーム シングル,17〜32インチ対応・耐荷重9.0kg・ガススプリング式,3419,17〜32インチ,9.0kg,75×75 / 100×100,クランプ式 & グロメット式,ガススプリング式
GH-AMDN2V-BK,17〜32インチ対応・耐荷重9.0kg・ガススプリング式,3799,17〜32インチ,9.0kg,75×75 / 100×100,クランプ式 & グロメット式,ガススプリング式
A1-W,17〜32インチ対応・耐荷重9.0kg・ガススプリング式,4084,17〜32インチ,9.0kg,75×75 / 100×100,クランプ式 & グロメット式,ガススプリング式
DPAWSN01BK,17〜32インチ対応・耐荷重9.0kg・ガススプリング式,2989,17〜32インチ,9.0kg,75×75 / 100×100,クランプ式 & グロメット式,ガススプリング式
モニターアーム シングル,13〜34インチ対応・耐荷重9.0kg・ガススプリング式,3399,13〜34インチ,9.0kg,75×75 / 100×100,クランプ式 & グロメット式,ガススプリング式
ML7802,13〜32インチ対応・耐荷重10.0kg・ガススプリング式,3850,13〜32インチ,10.0kg,75×75 / 100×100,据え置き,ガススプリング式
100-LAC003,〜32インチ対応・耐荷重12.0kg・ガススプリング式,2099,〜32インチ,12.0kg,75×75 / 100×100,クランプ式 & グロメット式,ガススプリング式
100-LAC003,〜32インチ対応・耐荷重12.0kg・ガススプリング式,4980,〜32インチ,12.0kg,75×75 / 100×100,クランプ式 & グロメット式,ガススプリング式
モニターアーム デュアル,24〜38インチ対応・耐荷重9.0kg・ガススプリング式,5499,24〜38インチ,9.0kg,75×75 / 100×100,クランプ式 & グロメット式,ガススプリング式
MOUNTUP モニターアーム 上下2画面 PCモニタースタンド 置き型 デュアルディスプレイ 32インチまで 縦並び 耐荷重各15kg …,MOUNTUP モニターアーム 上下2画面 PCモニタースタンド 置き型 デュアルディスプレイ 32インチまで 縦並び 耐荷重各15kg 自立式 アーム抜き 高さ調整 VESA75mm 100mm 上下左右可動 回転可能 MU1006-07,3699,〜32インチ,15.0kg,75×75 / 100×100,据え置き,ガススプリング式
DPA-SS11BK,17〜49インチ対応・耐荷重2.0〜20.0kg・ガススプリング式,9680,17〜49インチ,2.0〜20.0kg,75×75 / 100×100,クランプ式 & グロメット式,ガススプリング式
エレコム モニターアーム ブラケット式で取り付けしやすい 支柱式 17インチ~35インチ対応 耐荷重:15kg ガス式 VESA規格対応 …,エレコム モニターアーム ブラケット式で取り付けしやすい 支柱式 17インチ~35インチ対応 耐荷重:15kg ガス式 VESA規格対応 ブラック DPA-SS10BK,8980,17〜35インチ,1.0〜15.0kg,75×75 / 100×100,クランプ式 & グロメット式,ガススプリング式
PS1S Wave Black,17〜32インチ対応・耐荷重9.0kg・ガススプリング式,-,17〜32インチ,9.0kg,75×75 / 100×100,クランプ式 & グロメット式,ガススプリング式
モニターアーム シングル,〜32インチ対応・耐荷重10.0kg・メカニカルスプリング式,2977,〜32インチ,10.0kg,75×75 / 100×100,クランプ式 & グロメット式,メカニカルスプリング式
PS2S,17〜49インチ対応・耐荷重2.0〜18.0kg・ガススプリング式,11980,17〜49インチ,2.0〜18.0kg,75×75 / 100×100,クランプ式 & グロメット式,ガススプリング式
LX デュアル (45-509-224),〜40インチ対応・耐荷重3.2〜10.0kg・メカニカルスプリング式,48590,〜40インチ,3.2〜10.0kg,75×75 / 100×100,クランプ式 & グロメット式,メカニカルスプリング式
モニターアーム シングル（ホワイト）,13〜32インチ対応・耐荷重2.0〜10.0kg・ガススプリング式,2960,13〜32インチ,2.0〜10.0kg,75×75 / 100×100,クランプ式 & グロメット式,ガススプリング式
MS012,17〜32インチ対応・耐荷重9.0kg・ガススプリング式,6980,17〜32インチ,9.0kg,75×75 / 100×100,クランプ式 & グロメット式,ガススプリング式
モニターアーム デュアル（縦2画面）,13〜32インチ対応・耐荷重9.0kg・ガススプリング式,4999,13〜32インチ,9.0kg,75×75 / 100×100,クランプ式 & グロメット式,ガススプリング式
HT05B-003,27〜43インチ対応・耐荷重34.0kg,3399,27〜43インチ,34.0kg,75×75 / 100×100,自立型（ガラスベース）,-
HNDS6,13〜32インチ対応・耐荷重2.0〜9.0kg・ガススプリング式,-,13〜32インチ,2.0〜9.0kg,75×75 / 100×100,クランプ式 & グロメット式,ガススプリング式
HUANUO (ファーノー) モニターアーム ディスプレイアーム 17～32インチ対応 耐荷重2～9kg,HUANUO (ファーノー) モニターアーム ディスプレイアーム 17～32インチ対応 耐荷重2～9kg,-,17〜32インチ,2.0〜9.0kg,75×75 / 100×100,クランプ式 & グロメット式,ガススプリング式
ポール取り付け,13〜32インチ対応・耐荷重8.0kg・ガススプリング式,2899,13〜32インチ,8.0kg,75×75 / 100×100,ポール取付,ガススプリング式
AX05TB01,13〜32インチ対応・耐荷重9.0kg・ガススプリング式,2355,13〜32インチ,9.0kg,75×75 / 100×100,クランプ式 & グロメット式,ガススプリング式
LS112,13〜32インチ対応・耐荷重2.0〜9.0kg・ガススプリング式,16335,13〜32インチ,2.0〜9.0kg,75×75 / 100×100,クランプ式 & グロメット式,ガススプリング式
LX デスクマウント (45-475-224),〜34インチ対応・耐荷重3.2〜11.3kg・メカニカルスプリング式,46970,〜34インチ,3.2〜11.3kg,75×75 / 100×100,クランプ式 & グロメット式,メカニカルスプリング式
MD81SE,17〜34インチ対応・耐荷重11.0kg・ガススプリング式,2980,17〜34インチ,11.0kg,75×75 / 100×100,クランプ式 & グロメット式,ガススプリング式
100-LA031,17〜32インチ対応・ガススプリング式,5480,17〜32インチ,-,75×75 / 100×100,クランプ式,ガススプリング式
EEX-LAP07,〜32インチ対応・耐荷重8.0kg・ガススプリング式,3280,〜32インチ,8.0kg,75×75 / 100×100,ポール取付,ガススプリング式
GH-AMDX1-BK,17〜32インチ対応・耐荷重2.0〜9.0kg・メカニカルスプリング式,4998,17〜32インチ,2.0〜9.0kg,75×75 / 100×100,据え置き,メカニカルスプリング式
MD01A,13〜32インチ対応・耐荷重2.0〜9.0kg・ガススプリング式,2449,13〜32インチ,2.0〜9.0kg,75×75 / 100×100,クランプ式 & グロメット式,ガススプリング式
HNDS8,13〜32インチ対応・耐荷重2.0〜9.0kg・ガススプリング式,7999,13〜32インチ,2.0〜9.0kg,75×75 / 100×100,クランプ式 & グロメット式,ガススプリング式
GH-AMDP1-BK,17〜32インチ対応・耐荷重1.0〜9.0kg・ガススプリング式,6998,17〜32インチ,1.0〜9.0kg,75×75 / 100×100,クランプ式 & グロメット式,ガススプリング式
デュアルモニターアーム,13〜32インチ対応・耐荷重9.0kg・ガススプリング式,5414,13〜32インチ,9.0kg,75×75 / 100×100,クランプ式 & グロメット式,ガススプリング式
モニターアーム シングル,13〜34インチ対応・耐荷重9.0kg・ガススプリング式,2899,13〜34インチ,9.0kg,75×75 / 100×100,クランプ式 & グロメット式,ガススプリング式
8関節ロングモニターアーム,17〜32インチ対応・耐荷重2.0〜8.0kg・ガススプリング式,8999,17〜32インチ,2.0〜8.0kg,75×75 / 100×100,クランプ式 & グロメット式,ガススプリング式
モニターアーム（USBハブ付・ブラック）,17〜32インチ対応・耐荷重2.0〜10.0kg・ガススプリング式,3980,17〜32インチ,2.0〜10.0kg,75×75 / 100×100,クランプ式 & グロメット式,ガススプリング式
Pivotix シングル,17〜32インチ対応・耐荷重2.0〜9.0kg・メカニカルスプリング式,4980,17〜32インチ,2.0〜9.0kg,75×75 / 100×100,クランプ式 & グロメット式,メカニカルスプリング式
グリーンハウス ウルトラワイドモニター対応モニターアーム 17-49インチ対応 耐荷重2-20kg ガス圧 4軸 ブラック GH-AMDU…,グリーンハウス ウルトラワイドモニター対応モニターアーム 17-49インチ対応 耐荷重2-20kg ガス圧 4軸 ブラック GH-AMDU1-BK,9998,17〜49インチ,2.0〜20.0kg,75×75 / 100×100,クランプ式 & グロメット式,ガススプリング式
DPAWSSA01BK,13〜32インチ対応・耐荷重2.0〜10.0kg・ガススプリング式,3480,13〜32インチ,2.0〜10.0kg,75×75 / 100×100,クランプ式 & グロメット式,ガススプリング式
壁掛けモニターアーム デュアル,13〜27インチ対応・耐荷重10.0kg,9980,13〜27インチ,10.0kg,75×75 / 100×100,壁面取付,-
KR20Y,17〜32インチ対応・耐荷重9.0kg・ガススプリング式,4280,17〜32インチ,9.0kg,75×75 / 100×100,クランプ式 & グロメット式,ガススプリング式
トリプルモニターアーム,20〜32インチ対応・耐荷重10.0kg・ガススプリング式,8499,20〜32インチ,10.0kg,75×75 / 100×100,クランプ式 & グロメット式,ガススプリング式
デュアルモニターアーム,13〜32インチ対応・耐荷重2.0〜9.0kg・ガススプリング式,5999,13〜32インチ,2.0〜9.0kg,75×75 / 100×100,クランプ式 & グロメット式,ガススプリング式
PS3S Wave,17〜32インチ対応・耐荷重9.0kg・ガススプリング式,14980,17〜32インチ,9.0kg,75×75 / 100×100,クランプ式,ガススプリング式
HUANUO(ファーノー) モニターアーム 置き型 モニタースタンド 自立型 13~34インチ対応 耐荷重20kg 5段階高さ調整可能 卓上,HUANUO(ファーノー) モニターアーム 置き型 モニタースタンド 自立型 13~34インチ対応 耐荷重20kg 5段階高さ調整可能 卓上,2699,13〜34インチ,20.0kg,75×75 / 100×100,据え置き,-
MA6S,17〜35インチ対応・ガススプリング式,8100,17〜35インチ,-,75×75 / 100×100,クランプ式 & グロメット式,ガススプリング式
MA6S,17〜35インチ対応・ガススプリング式,6280,17〜35インチ,-,75×75 / 100×100,クランプ式 & グロメット式,ガススプリング式
MA6,〜35インチ対応・耐荷重3.0〜12.0kg・ガススプリング式,11080,〜35インチ,3.0〜12.0kg,75×75 / 100×100,クランプ式 & グロメット式,ガススプリング式
モニターアーム シングル（ホワイト）,17〜49インチ対応・耐荷重2.0〜20.0kg・ガススプリング式,8990,17〜49インチ,2.0〜20.0kg,75×75 / 100×100,クランプ式 & グロメット式,ガススプリング式
Pro 無重力 シングル,17〜57インチ対応・耐荷重2.0〜27.0kg・ガススプリング式,2999,17〜57インチ,2.0〜27.0kg,75×75 / 100×100,クランプ式 & グロメット式,ガススプリング式
無重力 Pro デュアル,17〜40インチ対応・耐荷重2.5〜14.0kg・メカニカルスプリング式,32980,17〜40インチ,2.5〜14.0kg,75×75 / 100×100,クランプ式 & グロメット式,メカニカルスプリング式
デュアルモニターアーム（縦2画面）,17〜32インチ対応・耐荷重10.0kg・ガススプリング式,4999,17〜32インチ,10.0kg,75×75 / 100×100,クランプ式 & グロメット式,ガススプリング式
CR-LAW119BK,CR-LAW119BK,6570,-,-,75×75 / 100×100,壁面取付,-
AS-MABG05,〜49インチ対応・耐荷重2.0〜20.0kg・ガススプリング式,8980,〜49インチ,2.0〜20.0kg,75×75 / 100×100,クランプ式 & グロメット式,ガススプリング式
高耐荷重デュアルモニターアーム,17〜35インチ対応・耐荷重16.0kg・ガススプリング式,6399,17〜35インチ,16.0kg,75×75 / 100×100,クランプ式 & グロメット式,ガススプリング式
シングルモニターアーム,13〜32インチ対応・耐荷重2.0〜9.0kg・ガススプリング式,3599,13〜32インチ,2.0〜9.0kg,75×75 / 100×100,クランプ式 & グロメット式,ガススプリング式
デュアルモニターアーム,17〜32インチ対応・耐荷重2.0〜10.0kg・ガススプリング式,-,17〜32インチ,2.0〜10.0kg,75×75 / 100×100,クランプ式 & グロメット式,ガススプリング式
AS-MABE01,〜32インチ対応・耐荷重2.0〜8.0kg・ガススプリング式,2499,〜32インチ,2.0〜8.0kg,75×75 / 100×100,クランプ式 & グロメット式,ガススプリング式
AS-MABE01,〜32インチ対応・耐荷重2.0〜8.0kg・ガススプリング式,3580,〜32インチ,2.0〜8.0kg,75×75 / 100×100,クランプ式 & グロメット式,ガススプリング式
高耐荷重シングルモニターアーム,17〜49インチ対応・耐荷重16.0kg・ガススプリング式,3180,17〜49インチ,16.0kg,75×75 / 100×100,クランプ式 & グロメット式,ガススプリング式
壁掛けモニターアーム,17〜32インチ対応・耐荷重2.0〜10.0kg,3799,17〜32インチ,2.0〜10.0kg,75×75 / 100×100,壁面取付,-
デュアルモニターアーム,17〜49インチ対応・耐荷重16.0kg・ガススプリング式,4180,17〜49インチ,16.0kg,75×75 / 100×100,クランプ式 & グロメット式,ガススプリング式
デュアルモニターアーム,17〜49インチ対応・耐荷重16.0kg・ガススプリング式,9980,17〜49インチ,16.0kg,75×75 / 100×100,クランプ式 & グロメット式,ガススプリング式
デュアルモニターアーム,13〜34インチ対応・耐荷重2.0〜10.0kg・ガススプリング式,8999,13〜34インチ,2.0〜10.0kg,75×75 / 100×100,クランプ式 & グロメット式,ガススプリング式
デュアルモニターアーム,13〜34インチ対応・耐荷重2.0〜10.0kg・ガススプリング式,8999,13〜34インチ,2.0〜10.0kg,75×75 / 100×100,クランプ式 & グロメット式,ガススプリング式
ポール式シングルモニターアーム,17〜49インチ対応・耐荷重2.0〜20.0kg・ガススプリング式,9990,17〜49インチ,2.0〜20.0kg,75×75 / 100×100,クランプ式 & グロメット式,ガススプリング式
PCモニターアーム シングル,17〜32インチ対応・耐荷重2.0〜9.0kg・ガススプリング式,6999,17〜32インチ,2.0〜9.0kg,75×75 / 100×100,クランプ式 & グロメット式,ガススプリング式
MDX003DB,13〜32インチ対応・耐荷重10.0kg,-,13〜32インチ,10.0kg,75×75 / 100×100,ポール取付,-
