id,brand,name,fullTitle,重量,電源,読み取り方式,ボタン数,接続方式
m-nr2-005,—,【驚きのスリム＆Type-C 充電式 】マウス 無線 Bluetooth 5.4 静音 小型 ワイヤレスマウス 2.4GHz 3段階DPI…,【驚きのスリム＆Type-C 充電式 】マウス 無線 Bluetooth 5.4 静音 小型 ワイヤレスマウス 2.4GHz 3段階DPI切替 省エネ 瞬時接続 7色ライト付き 小型 光学式 高耐久性 Mac/Windows/Surface/パソコン/Mac 対応,60 g,充電式,—,3ボタン,2.4GHz (USBレシーバー) / Bluetooth
m-bs-008,—,【極薄型モデル＆Type-C充電式】マウス 無線 Bluetooth 5.2 ワイヤレスマウス 静音 瞬時接続 小型 高感度 ブルートゥー…,【極薄型モデル＆Type-C充電式】マウス 無線 Bluetooth 5.2 ワイヤレスマウス 静音 瞬時接続 小型 高感度 ブルートゥー…,100 g,充電式,—,3ボタン,2.4GHz (USBレシーバー) / Bluetooth
m-nr2-014,—,AJL ワイヤレスマウス,マウス 無線 bluetooth 5.2 + 2.4GHz ワイヤレスマウス Type-C充電式 戻る/進むボタン搭載 3段階DPI切替 ゲーミングマウス 瞬時接続 光学式 高感度 高耐久性 握りの極み デュアルモード オフィス ゲーミング,120 g,単4形 乾電池（付属）,—,5ボタン,2.4GHz (USBレシーバー) / Bluetooth
m-bs-072,—,Amazonベーシック USB 有線マウス 3ボタン 標準 ブラック,Amazonベーシック USB 有線マウス 3ボタン 標準 ブラック,80 g,有線給電,—,3ボタン,有線 USB
m-bs-014,—,Amazonベーシック マウス USB有線 ブラック,Amazonベーシック マウス USB有線 ブラック,77 g,有線給電,—,3ボタン,有線 USB
m-bs-027,—,AmeToNana 雨七 ワイヤレスマウス Bluetooth Mouse 静音マウス 薄型2.3cm 指紋防止 ミニマリズム 充電式 省…,AmeToNana 雨七 ワイヤレスマウス Bluetooth Mouse 静音マウス 薄型2.3cm 指紋防止 ミニマリズム 充電式 省…,74 g,充電式,—,3ボタン,2.4GHz (USBレシーバー) / Bluetooth / 有線 USB
m-pb-237,—,atechi Slim EX,atechi Slim EX ワイヤレスマウス Bluetooth・2.4GHz 静音クリック インディゴ静音クリック、アルマイト加工アルミニウムシェル、USB-C充電式バッテリー搭載,90 g,充電式,—,2ボタン,2.4GHz (USBレシーバー) / Bluetooth
m-nr2-008,—,Bisoom ワイヤレスマウス,ワイヤレスマウス 無線マウス 静音クリック 超薄型 軽量モデル 2.4GHz安定接続 高精度センサー 800/1200/1600DPI 3段階調整 7色LEDライト USBレシーバー付,100 g,充電式,—,3ボタン,2.4GHz (USBレシーバー)
m-bs-084,—,Bisoom ワイヤレスマウス（静音・超薄型）,マウス 無線 ワイヤレスマウス 【静音・超薄型】 2.4GHz 3段階DPI 800/1200/1600DPI 7色LED Mac・Windows対応,90 g,充電式,—,3ボタン,2.4GHz (USBレシーバー)
m-pb-216,—,Burst Core PMW3330,"ROCCAT Burst Core 超軽量光学コアゲーミングマウス (軽量68g, Titanスイッチオプティカル, 光学式PixArt PMW3330 8500dpi, 内部ハニカム構造, サイドボタン) ブラック 国内正規品 ドイツデザイン",68 g,有線給電,—,5ボタン,有線 USB
m-pb-158,—,Code Mouse M500/Black & Grey Parallel Import Product,コード・マウス M500/ブラック＆グレイ 並行輸入品 [並行輸入品],144 g,有線給電,—,6ボタン,有線 USB
m-pb-068,—,Cooler Master MM710 53G Gaming Mouse,"Cooler Master MM710 53G Gaming Mouse with Lightweight Honeycomb Shell, Ultralight Ultraweave Cable, Pixart 3389 16000 DPI Optical Sensor 141［並行輸入］",53 g,有線給電,—,2ボタン,有線 USB
m-pb-033,—,Cooler Master MM712,"ワイヤレスゲーミングマウス ブラック 調節可能な19,000 DPI、2.4GHz、Bluetooth、ウルトラウィーブケーブル、PTFEフィート、RGBライティング、MasterPlus+ソフトウェア。",63 g,充電式,—,5ボタン,2.4GHz (USBレシーバー) / Bluetooth / 有線 USB
m-pb-080,—,Corsair M75 AIR　CH-931D100-AP,CORSAIR M75 AIR WIRELESS 超軽量ワイヤレスゲーミングマウス 自社史上最軽量60g ワイヤレス/USB/Bluetooth接続可能 iCUEカスタム可能 26000DPI ブラック CH-931D100-AP,60 g,充電式,—,5ボタン,2.4GHz (USBレシーバー) / Bluetooth / 有線 USB
m-pb-049,—,"Corsair M75 AIR Wireless Ultralight FPS Gaming Mouse - 26,000 DPI - U…","Corsair M75 AIR ワイヤレス 超軽量 FPS ゲーミングマウス – 26,000DPI – 超高速入力 – 対称形状 – iCUE対応 – PC Mac – ホワイト",60 g,充電式,—,5ボタン,2.4GHz (USBレシーバー) / Bluetooth
m-pb-240,—,Digio2 MUS-TBIF182W,ナカバヤシ Digio2トラックボールマウス 角度可変 Bluetooth5.0 5ボタン 光学式 ホワイト MUS-TBIF182W,147 g,電池式,—,2ボタン,Bluetooth
m-pb-249,—,Digio2 MUS-TRIF180BK,ナカバヤシ Digio2トラックボールマウス 角度可変 ワイヤレス 5ボタン 光学式 ブラック MUS-TRIF180BK,146 g,電池式,—,2ボタン,2.4GHz (USBレシーバー)
m-nr-021,—,ECHTPower エルゴノミクスマウス,ECHTPower エルゴノミクスマウス ワイヤレス 縦型 無線2.4GHz 静音 腱鞘炎防止,100 g,充電式,—,3ボタン,2.4GHz (USBレシーバー)
m-pb-027,—,elSeries ゲーミングマウス　Aerox 9,SteelSeries ゲーミングマウス 無線 ワイヤレス Aerox 9 Wireless 超軽量 18ボタン 高速反応 防滴防塵 IP54規格 急速充電 長時間使用可能 TRUEMOVE AIRセンサー搭載,89 g,充電式,—,18ボタン,2.4GHz (USBレシーバー) / Bluetooth / 有線 USB
m-pb-079,—,Ergomice EM011-S,Ergomice EM011-S USB Comfi エルゴノミックマウス ホワイト,159 g,有線給電,—,5ボタン,有線 USB
m-gbs-036,—,e元素 X-53,"ワイヤレスゲーミングマウス Bluetooth/2.4G無線/有線 6 プログラマブルボタン 充電式 RGBバックライト ホワイト軽量67グラム,トリプルモード, ソフトウェアで最大10000DPIまで調整可能,6ボタンカスタマイズ可能",76 g,充電式,—,6ボタン,2.4GHz (USBレシーバー) / Bluetooth / USB-C
m-nr2-011,—,FADZECO ワイヤレスマウス,ワイヤレスマウス 縦型 エルゴノミック 6ボタン DPI切替 サイドボタン搭載 手首負担軽減 ブラック,87 g,電池式（単4形乾電池 1本）,—,6ボタン,2.4GHz (USBレシーバー)
m-pb-111,—,Genuine Lenovo Thinkpad Laser Wireless Mouse Wireless USB Tilt Wheel …,Genuine Lenovo Thinkpad Laser Wireless Mouse Wireless USB Tilt Wheel MORFFHL 0A36193,59 g,電池式（単3形乾電池 2本）,—,3ボタン,2.4GHz (USBレシーバー)
m-bs-026,—,GLAMERGY マウス,マウス Bluetooth Type-C充電式 ワイヤレスマウス 2.4GHz光学式 3dpi切替 静音 薄型 小型 無線マウス 高精度 左右対称 持ち運び便利 TELEC認証取得済み 「レシーバー内蔵」,90 g,充電式,—,4ボタン,2.4GHz (USBレシーバー) / Bluetooth
m-pb-051,—,GLO-MS-P1W-GE-FORGE MS626,Glorious Series One PRO Wireless - Genos (Grey/Gold) - 超軽量・高耐久・高性能 ゲーミングマウス,50 g,充電式,—,6ボタン,2.4GHz (USBレシーバー) / 有線 USB
m-gbs-028,—,Glorious グロリアス モデルo ゲーミングマウス 白 有線 マウス 軽量 ゲーム用 RGB 6個プログラムボタン USB 白 マウ…,Glorious グロリアス モデルo ゲーミングマウス 白 有線 マウス 軽量 ゲーム用 RGB 6個プログラムボタン USB 白 マウス 国内正規品,58 g,有線給電,—,6ボタン,有線 USB
m-bs-047,—,INPHIC ワイヤレスマウス,INPHIC ワイヤレスマウス、無線 マウス 充電式 、6ボタンマウス静音 【戻る/進むボタン搭載】、ブラック,85 g,充電式,—,6ボタン,2.4GHz (USBレシーバー)
m-bs-073,—,KKNHS ワイヤレス静音マウス,Bluetooth 5.2 2.4GHz Type-C 充電 パソコンマウス 無線マウス 3段階DPI切替 800/1200/1600 ワイヤレス ブルートゥース 光学式 高精度 高感度 滑らかな動作 握りやす 携帯便利,80 g,充電式,—,3ボタン,2.4GHz (USBレシーバー) / Bluetooth
m-pb-224,—,"M170 Wireless Mouse, 2.4 GHz with USB Mini Receiver, Optical ng, 12-M…","M170 Wireless Mouse, 2.4 GHz with USB Mini Receiver, Optical ng, 12-Months Battery Life, Ambidetrous PC/Mac/Laptop - Rose",80 g,単3形 乾電池（付属）,—,3ボタン,2.4GHz (USBレシーバー)
m-pb-142,—,"M190 Mouse Wireless, Design | フルサイズ両手利きカーブマウス、18ヶ月バッテリー、USBレシーバー、正確なコ…","M190 Mouse Wireless, Design | フルサイズ両手利きカーブマウス、18ヶ月バッテリー、USBレシーバー、正確なコントロール、ワイドホイール、スクープボタン - レッド",70 g,電池式（単3形乾電池 1本）,—,3ボタン,2.4GHz (USBレシーバー)
m-pb-180,—,"M220 Mouse Wireless, 2,4 GHz","M220 Mouse Wireless, 2,4 GHz",75 g,単3形 乾電池（付属）,—,3ボタン,2.4GHz (USBレシーバー)
m-pb-019,—,m325 wireless mouse,m325 wireless mouse,93 g,充電式,—,5ボタン,2.4GHz (USBレシーバー)
m-nr2-009,—,MAKOTOYAワイヤレス静音超薄型マウス,マウス 無線 超薄型 高精度 高感度 ワイヤレスマウス 静音 3段階DPI切替 Type-C 充電式 省エネ 2.4GHz Bluetooth 5.0 節電モデル 瞬時接続 7色ライト付き 小型 光学式 高精度 左右対称 SEIYES,70 g,充電式,—,3ボタン,2.4GHz (USBレシーバー) / Bluetooth
m-pb-077,—,Mouse M100 / black USB,Mouse M100 / black USB,100 g,有線給電,—,3ボタン,有線 USB
m-pb-208,—,Mouse sem fio compacto Lenovo 300 cinza GY51L15678,Mouse sem fio compacto Lenovo 300 cinza GY51L15678,52 g,単3形 乾電池（付属）,—,3ボタン,2.4GHz (USBレシーバー)
m-nr-002,—,Mucuru ワイヤレス静音マウス,マウス 無線 静音 ワイヤレスマウス Bluetooth 5.4 2.4GHz Type-C 充電式 無線マウス 薄型 3段階DPI切替,70 g,充電式,—,3ボタン,2.4GHz (USBレシーバー) / Bluetooth
m-pb-062,—,MX Master 3S,"MX Master 3S - Wireless Performance Mouse with Ultra-Fast Scrolling, Ergo, 8K DPI, Track on Glass, Quiet Clicks, USB-C, Bluetooth, Windows, Linux, Chrome",141 g,充電式,—,5ボタン,2.4GHz (USBレシーバー) / Bluetooth
m-pb-003,—,MX Master Wrls DT Mouse,MX Master Wrls DT Mouse,145 g,充電式,—,8ボタン,2.4GHz (USBレシーバー) / Bluetooth
m-pb-015,—,Mysz Corded Mouse M500,Mysz Corded Mouse M500,150 g,有線給電,—,6ボタン,有線 USB
m-pb-004,—,Mysz Mouse/Marble,Mysz Mouse/Marble,200 g,有線給電,—,4ボタン,有線 USB
m-gbs-046,—,PAW3950,"GravaStar MERCURY X PRO ワイヤレス ゲーミングマウス マグネシウム合金 無線 49g超軽量 8Kポーリングレート | 8000Hzドングル同梱 PAW3950搭載 32,000DPI 高速無線 Webブラウザ設定 プログラム対応 2.4GHz/Blu…",49 g,電池式,—,5ボタン,2.4GHz (USBレシーバー) / Bluetooth / 有線 USB
m-nr-016,—,PDFASTW ワイヤレスマウス,静音 Mouse Bluetooth 5.2 2.4GHz Type-C 充電式 無線マウス 高感度 3段階DPI切替 シルバー,—,充電式,—,3ボタン,2.4GHz (USBレシーバー) / Bluetooth
m-pb-140,—,"Pebble Mouse 2 M350s Slim Bluetooth Wireless Mouse, Portable, Lightwe…","Pebble Mouse 2 M350s Slim Bluetooth Wireless Mouse, Portable, Lightweight, Customisable Button, Quiet..",76 g,単4形 乾電池（付属）,—,3ボタン,Bluetooth
m-pb-153,—,"Pebble Wireless Mouse with Bluetooth or 2.4 GHz Receiver, Silent, Sli…","Pebble Wireless Mouse with Bluetooth or 2.4 GHz Receiver, Silent, Slim Computer Mouse with Quiet Clicks For Laptop, Notebook, iPad, PC an…",100 g,単4形 乾電池（付属）,—,3ボタン,2.4GHz (USBレシーバー) / Bluetooth
m-pb-036,—,PHILIPS 9718 ワイヤレスゲーミングマウス,フィリップス 9718 ワイヤレスゲーミングマウス 30000 DPI Bluetoothマウス トライモード 2.4GHz/有線/BT、超軽量人間工学デザインで手や手首の疲労を軽減、長時間プレイできる500mAhバッテリー、充電式。,45 g,充電式,—,7ボタン,2.4GHz (USBレシーバー) / Bluetooth / 有線 USB
m-nr-025,—,Pulsar Gaming Gears [Pro Series] Susanto-X Medium ワイヤレス ゲーミングマウス 50グラ…,"Pulsar Gaming Gears [Pro Series] Susanto-X Medium ワイヤレス ゲーミングマウス 50グラム 1ms 32000 DPI Optical swhich XS-1 Flagship Sensor 国内正規品(Susanto-X,…",50 g,充電式,—,7ボタン,2.4GHz (USBレシーバー)
m-nr-014,—,QEIKI ワイヤレスマウス,マウス 無線 ワイャレスマウス【超薄型&Type-C充電式] 静音3DPIモ-ド 2.4GHz 7色ライト 光学式節電モデル 持ち運び便利 簡単接続 小型 高耐久性 八ソコン,75 g,充電式,—,3ボタン,2.4GHz (USBレシーバー)
m-pb-056,—,RAPOO 1680,2.4Gワイヤレスミュート光学式マウス携帯型USB受信機と電池を含み1000DPI 左右手の対称的な人間工学的設計 適用win10 win8 win7 win Vista winXPシステムコンピューター デスクトップ ノートパソコン 適用オフィス事務用 仕事用学習用【 ブランド直営,60 g,単3形 乾電池（付属）,—,6ボタン,2.4GHz (USBレシーバー) / Bluetooth
m-pb-084,—,RAPOO MT760,RAPOO MT760 マルチデバイス ワイヤレス マウス 無線 Bluetooth 5.0/2.4GHz 3つモード接続 11個のプログラム可能なボタン 4台のデバイスに同時接続 M+クロステクノロジー 90日間のバッテリー寿命,110 g,充電式,—,9ボタン,2.4GHz (USBレシーバー) / Bluetooth
m-pb-225,—,SABRENT  MS-WRLS,SABRENT 3ボタン 2.4GHz ワイヤレスマウス ナノレシーバー付き (MS-WRLS),72 g,電池式（単4形乾電池 1本）,—,3ボタン,2.4GHz (USBレシーバー)
m-pb-172,—,Satechi Slim LX 有線マウス アルミニウム USB-C デザイン スペースブラック | 静かなクリック性能、MacとPCのセ…,Satechi Slim LX 有線マウス アルミニウム USB-C デザイン スペースブラック | 静かなクリック性能、MacとPCのセットアップ用。,85 g,有線給電,—,2ボタン,有線 USB
m-pb-155,—,Satechi Wireless Mouse,Satechi MacBook Pro用ワイヤレスマウス - 充電式USB-Cポート搭載 - Mac & iPad用Bluetoothマウス (ゴールド),87 g,充電式,—,2ボタン,Bluetooth
m-bs-091,—,Scheki ワイヤレスマウス（静音・超薄型・Type-C充電式,マウス Bluetooth Type-C充電式 ワイヤレスマウス 静音 充電式 薄型 小型 無線マウス 2.4GHz 3DPIモード 高精度 持ち運び便利,60 g,充電式,—,3ボタン,2.4GHz (USBレシーバー) / Bluetooth / 有線 USB
m-pb-028,—,Sony INZONE Mouse,Sony INZONEマウス - 超軽量48gワイヤレスeスポーツゲーミングマウス。,48 g,充電式,—,3ボタン,2.4GHz (USBレシーバー) / 有線 USB
m-nr-011,—,SPK7538B,フィリップス ワイヤレスマウス SPK7538B 静音 Bluetooth/USB接続 2台同時接続 DPI切替可 レギュラー 軽量 電池式 ブラック | 無線 800/1200/1600DPI切替 Windows/mac/Chromebook/iPad OS/iOSなど対…,62 g,電池式（単3形乾電池 1本）,—,5ボタン,2.4GHz (USBレシーバー) / Bluetooth
m-pb-023,—,Surface Arc Wireless Mouse,Surface Arc Wireless Mouse,82 g,電池式（単3形乾電池 1本）,—,2ボタン,Bluetooth
m-bs-067,—,Uineer ワイヤレスマウス,ワイヤレスマウス Bluetooth 3モード対応 充電式マウス（黒い）,140 g,充電式,—,3ボタン,2.4GHz (USBレシーバー) / Bluetooth
m-pb-087,—,Verbatim USB-C Mini Optical Travel Mouse - Blue (70237),Verbatim USB-C Mini Optical Travel Mouse - Blue (70237),45 g,有線給電,—,3ボタン,有線 USB
m-pb-148,—,Verbatim Wireless Tablet Multi-Trac Blue LED - Mouse - optical - 3 bu…,Verbatim Wireless Tablet Multi-Trac Blue LED - Mouse - optical - 3 buttons - wireless - Bluetooth,50 g,単4形 乾電池（付属）,—,3ボタン,Bluetooth
m-pb-177,—,Verbatim ワイヤレス ミニ トラベル オプティカル マウス - VER97470 - グラファイト,Verbatim ワイヤレス ミニ トラベル オプティカル マウス - VER97470 - グラファイト,26 g,—,—,3ボタン,2.4GHz (USBレシーバー)
m-pb-064,—,VGP-BMS20/L,SONY Bluetooth レーザーマウス ブルー VGP-BMS20/L,104 g,電池式（単3形乾電池 1本）,—,3ボタン,Bluetooth
m-pb-136,—,VGP-BMS77,SONY(VAIO) Bluetooth レーザーマウス VGP-BMS77,599 g,充電式,—,4ボタン,Bluetooth
m-pb-185,—,VGP-UMS55/B,SONY USB レーザーマウス ブラック VGP-UMS55/B,159 g,有線給電,—,3ボタン,有線 USB
m-nr2-015,—,Vootic ワイヤレスマウス,マウス 無線 【極薄型・静音・Type-C充電式】 ワイヤレスマウス Bluetooth5.3 2.4GHz Windows/Mace/PC対応,100 g,充電式,—,3ボタン,2.4GHz (USBレシーバー) / Bluetooth
m-pb-207,—,Wireless Mini Mouse M187 Black,Wireless Mini Mouse M187 Black,51 g,電池式（単4形乾電池 1本）,—,3ボタン,2.4GHz (USBレシーバー)
m-pb-204,—,"Wireless Mouse - M185 Wireless Mouse, Black","Wireless Mouse - M185 Wireless Mouse, Black",90 g,単3形 乾電池（付属）,—,3ボタン,2.4GHz (USBレシーバー)
m-pb-246,—,WIRELESS MOUSE M317 BLACK,WIRELESS MOUSE M317 BLACK,90 g,単5形 電池,—,2ボタン,2.4GHz (USBレシーバー)
m-pb-039,—,Wireless Trackball M570,Wireless Trackball M570,226 g,単5形 電池,—,5ボタン,2.4GHz (USBレシーバー)
m-pb-038,—,WRLS 8BUTN DLX MOUSE RED,WRLS 8BUTN DLX MOUSE RED,82 g,単3形 乾電池（付属）,—,8ボタン,2.4GHz (USBレシーバー)
m-pb-211,—,WRLSS NTBK OPT MOUSE BLK,WRLSS NTBK OPT MOUSE BLK,45 g,単4形 乾電池（付属）,—,3ボタン,2.4GHz (USBレシーバー)
m-pb-010,—,x4500 Wireless Mouse,x4500 Wireless Mouse,70 g,電池式（単3形乾電池 4500本）,—,3ボタン,2.4GHz (USBレシーバー)
m-pb-110,—,Z3700 Wireless Mouse Black Onyx Glossy,Z3700 Wireless Mouse Black Onyx Glossy,50 g,充電式,—,3ボタン,Bluetooth
m-gbs-047,—,ゲーミングマウス Kone XP Air,タートルビーチ(Turtle Beach) ワイヤレス 2.4GHz/Bluetooth ブラック/黒 光学式 19K オプティカル 多ボタン 99g 充電ドック Reflex RGB 国内正規品,99 g,充電式,—,10ボタン,2.4GHz (USBレシーバー) / Bluetooth
m-pb-052,—,スキャンマウス LSM-100,LG Electronics Japan LG電子 スキャンマウス LSM-100,136 g,有線給電,—,3ボタン,有線 USB
m-pb-195,—,ソニー(VAIO)  VGP-BMS33/RJ,ソニー(VAIO) Bluetooth レーザーマウス ガーネットレッド VGP-BMS33/RJ,181 g,充電式,—,3ボタン,Bluetooth
m-pb-165,—,バーベイタム Optical Mini Travel Mouse,バーベイタム Optical Mini Travel Mouse,44 g,有線給電,—,2ボタン,有線 USB
m-pb-082,—,ヒューレット・パッカード Mouse Laser 3-Button USB,ヒューレット・パッカード Mouse Laser 3-Button USB,102 g,有線給電,—,3ボタン,有線 USB
m-pb-108,—,ロジテック  M705 並行輸入品 [並行輸入品],ロジテック ワイヤレス・マラソン・マウス M705 並行輸入品 [並行輸入品],135 g,単3形 乾電池（付属）,—,3ボタン,2.4GHz (USBレシーバー)
m-pb-086,—,"ロジテック Wireless Mouse M705 Silver, WE","ロジテック Wireless Mouse M705 Silver, WE",136 g,単4形 乾電池（付属）,—,7ボタン,2.4GHz (USBレシーバー)
m-nr2-018,—,ワイヤレスマウス,ワイヤレスマウス Bluetooth 2.4GHz両対応 高精度センサー 静音クリック 3段階DPI 軽量 コンパクト RGB呼吸ライト USBレシーバー収納 長時間使用 Type-C充電 日本語取扱説明書,94 g,充電式,—,3ボタン,2.4GHz (USBレシーバー) / Bluetooth
m-nr-020,—,ワイヤレスマウス超薄型＆Type-C充電式,マウス 無線 ワイヤレスマウス超薄型＆Type-C充電式bluetooth 高精度 高感度 静音 3段階DPI切替 2.4GHz 小型 光学式 左右対称 ブルートゥース コンパクト 軽量 握りやすい 簡単接続 持ち運び便利,63 g,充電式,—,3ボタン,2.4GHz (USBレシーバー) / Bluetooth
m-nr-004,—,縦型ワイヤレスマウス 充電式 【2026 強化版 】Bluetoothマウス エルゴノミクスマウス 6 ボタン搭載 高精度 800/120…,縦型ワイヤレスマウス 充電式 【2026 強化版 】Bluetoothマウス エルゴノミクスマウス 6 ボタン搭載 高精度 800/1200/1600DPI 切替 2.4G 無線光学式 手首・肩の疲れ緩和 省電力スリープ機能付き USB 充電ケーブル付属 Windows、M…,140 g,充電式,—,6ボタン,2.4GHz (USBレシーバー)
m-bs-061,—,静音ワイヤレスマウス Bluetooth 5.2/2.4GHz 3台切替 Type-C充電式 6ボタン 5DPI 4000DPI 小型 軽…,静音ワイヤレスマウス Bluetooth 5.2/2.4GHz 3台切替 Type-C充電式 6ボタン 5DPI 4000DPI 小型 軽…,65 g,充電式,—,6ボタン,2.4GHz (USBレシーバー) / Bluetooth
m-bs-054,AIM1,AIM1 時雨 ゲーミングマウス,"AIM1 時雨 ゲーミングマウス ポーリングレート 8,000Hz 45g 超軽量 ワイヤレス 無線 有線 80時間駆動 SHIGURE ブラック",45 g,単4形乾電池×1本,—,2ボタン,2.4GHz (USBレシーバー)
m-gp3-006,AIM1,AIM1 時雨 ゲーミングマウス,"AIM1 時雨 ゲーミングマウス ポーリングレート 8,000Hz 45g 超軽量 ワイヤレス 無線 有線 80時間駆動 SHIGURE ホワイト",45 g,単4形乾電池×1本,—,2ボタン,2.4GHz (USBレシーバー)
m-gnr-023,Ajazz,AJ139 V2 MC,AJAZZ AJ139 V2 MC ワイヤレスゲーミングマウス 軽量 66g 3モード接続 2.4GHz/Bluetooth/有線 国内正規品 PAW3311センサー 最大24000DPI 1000Hzポーリングレート マグネット式充電ドック付き RGBライト 500mAh…,54 g,充電式,—,6ボタン,2.4GHz (USBレシーバー) / Bluetooth / 有線 USB
m-gnr2-001,Ajazz,AJ159PMCPRO,A.JAZZ AJ159PMCPRO ゲーミングマウス57±3g超軽量 ワイヤレス2.4G/USB コスパマウス PAW3311センサー | 24000DPI DIY LCDディスプレイ左右対称人間工学 PC/Mac対応 マグネット式充電ドックRGB ゲーミング用 Wind…,57 g,充電式,—,5ボタン,2.4GHz (USBレシーバー) / Bluetooth / 有線 USB
m-gnr2-021,Ajazz,AJ200NLAIMC,AJAZZ AJ200NLAIMC ワイヤレス ゲーミングマウス 超軽量61g PAW3311高精度センサー搭載 24000DPI 低遅延 ブラック | NearLink星閃対応 PAW3311高精度センサー 低遅延＆高い通信安定性 500mAh大容量バッテリー AI分析＆…,61 g,充電式,—,5ボタン,2.4GHz (USBレシーバー) / 有線 USB / NearLink
m-pb-114,ASUS,Acer Predator Cestus 300 RGB Gaming Mouse - Dual Omron Switches 70M c…,"Acer Predator Cestus 300 RGB Gaming Mouse - Dual Omron Switches 70M click lifetime, On board memory and programmable buttons",159 g,有線給電,—,4ボタン,有線 USB
m-asus-tuf-m3-gen2,ASUS,ASUS TUF Gaming M3 Gen II,ASUS ゲーミングマウス TUF Gaming M3 Gen II (59g / P56防塵・防水/ASUS抗菌ガード / 8000dpi / 有線 / 6000万回クリック / PTFEマウスソール / 6つのプログラム可能ボタン / 国内正規品),59 g,有線給電,—,6ボタン,有線 USB
m-pb-059,ASUS,GLO-MS-OWV2-MB MS667,グロリアス(Glorious) MODEL O 2 Wireless 超軽量68g 大容量バッテリー搭載 RGB 2.4Gワイヤレス・Bluetooth接続対応 ゲーミングマウス マットブラック GLO-MS-OWV2-MB MS667,68 g,充電式,—,6ボタン,2.4GHz (USBレシーバー)
m-pb-063,ASUS,Glorious Model D Wireless,Glorious Model D Wireless - Matte White ハニカムデザイン 軽量ワイヤレスゲーミングマウス GLO-MS-DW-MW MS590,69 g,充電式,—,6ボタン,2.4GHz (USBレシーバー)
m-pb-107,ASUS,Glorious MODEL O 2,グロリアス(Glorious) MODEL O 2 Wireless 超軽量68g 大容量バッテリー搭載 RGB 2.4Gワイヤレス・Bluetooth接続対応 ゲーミングマウス マットホワイト GLO-MS-OWV2-MW MS668,68 g,充電式,—,6ボタン,2.4GHz (USBレシーバー) / Bluetooth / 有線 USB
m-pb-081,ASUS,Glorious PC Gaming Race,Glorious PC Gaming Race グロリアス モデルd ワイヤレス ゲーミングマウス 無線 エルゴノミクス RGB 6個プログラムボタンDPI 12000 ブラック スーパーライト 静音 gaming mouse 国内正規品 (69g),69 g,充電式,—,6ボタン,2.4GHz (USBレシーバー)
m-pb-071,ASUS,Glorious グロリアス モデルO,Glorious グロリアス モデルo ワイヤレス ゲーミングマウス 無線 RGB 軽量マウス mouse gaming 静音 6個プログラムボタン 国内正規品 (69g),69 g,充電式,—,6ボタン,2.4GHz (USBレシーバー)
m-pb-125,ASUS,Lenovo Yoga Pro Mouse Bluetooth USB-C Rechargeable Dual Mode Bluetoot…,"Lenovo Yoga Pro Mouse Bluetooth USB-C Rechargeable Dual Mode Bluetooth 6 Buttons, Right Handed Design, Ergonomic Design, Programmable But…",100 g,充電式,—,6ボタン,Bluetooth
m-pb-229,ASUS,"RAPOO MT750 Wireless Bluetooth Mouse, 5.0/2.4 GHz, Rechargeable, 4 DP…","RAPOO MT750 Wireless Bluetooth Mouse, 5.0/2.4 GHz, Rechargeable, 4 DPI Settings, Supports Connections Up to 4 Devices, Ergonomic Design, …",116 g,充電式,—,8ボタン,2.4GHz (USBレシーバー) / Bluetooth / 有線 USB
m-pb-106,ASUS,Redragon M998,Redragon M998 ワイヤレス光学ゲーミングマウス 24000 DPI リマッピングキー,61 g,充電式,—,3ボタン,2.4GHz (USBレシーバー) / Bluetooth / 有線 USB
m-pb-241,ASUS,Womier G706 有線ゲーミングマウス,Womier 有線ゲーミングマウス 12800 DPI RGB コンピューターマウス,260 g,有線給電,—,3ボタン,有線 USB
m-gbs-018,ATK,PAW3395,ATK ワイヤレス ゲーミングマウス VXE Dragonfly R1 SE+ Black 軽量55グラム Pixart PAW3395 SE搭載 最大70時間 無線有線両対応 国内正規品,55 g,充電式,—,5ボタン,2.4GHz (USBレシーバー)
m-gnr-010,ATK,PAW3955,"【国内正規品】ATK ワイヤレス ゲーミングマウス A9 MINI+ PAW3955 Master センサー 50,000 DPI 軽量 39g 200時間連続使用可能 最新ナノコーティング採用 5個プログラムボタン Windows Mac 対応 ブルー",39 g,充電式,—,6ボタン,2.4GHz (USBレシーバー) / 有線 USB
m-gbs-045,ATTACK SHARK,ATTACK SHARK X3　PAW3395,ATTACK SHARK X3 超軽量化マウス49g ゲーミングマウス ワイヤレス2.4G/Bluetooth/有線 PAW3395 26000DPI,49 g,充電式,—,3ボタン,2.4GHz (USBレシーバー) / Bluetooth / 有線 USB
m-gnr2-002,ATTACK SHARK,RS3 ULTRA,ATTACK SHARK RS3ULTRA ゲーミングマウス ワイヤレス 8000Hz PAW3955MAX 52000DPI 1DPI刻み 約66g | デュアル8K 0.168ms 20000FPS 軽量カーボン複合素材 アイスコーティング 3モード 有線/2.4G/B…,66 g,充電式,—,5ボタン,2.4GHz (USBレシーバー) / Bluetooth / 有線 USB
m-gnr2-009,ATTACK SHARK,RS3 ULTRA,ATTACK SHARK RS3 ULTRA ゲーミングマウス、8KHz、52KDPI、カーボン、1DPI刻み、LOD5段階、Nordic54L15 | 0.168ms低遅延 、20000FPSトラッキング、軽量63g±3g、PAW3955MAXセンサー、3モード(ワイヤレ…,63 g,充電式,—,5ボタン,2.4GHz (USBレシーバー) / Bluetooth / 有線 USB
m-gbs-030,ATTACK SHARK,V3　PAW3311,"ATTACK SHARK V3 マウス 軽量 無線 中大手 ワイヤレスゲーミングマウス ゲーム・オフィス兼用 仕事 500mAh大容量バッテリー | 62g PAW3311光学センサー 25,000dpi 右手エルゴノミクスデザイン 3モード接続(2.4G/BT/USB-C…",62 g,充電式,—,7ボタン,2.4GHz (USBレシーバー) / Bluetooth / 有線 USB
m-gbs-029,ATTACK SHARK,V3PRO PAW3311,ATTACK SHARK V3PRO ゲーミングマウス 3モードワイヤレス/ 有線/2.4G接続 65g軽量マウス PAW3311センサー | アタックシャークマウス BK52820 MCU 右利き用カーブド RGBマグネット充電スタンド エルゴノミクス設計DPI25000…,66 g,充電式,—,5ボタン,2.4GHz (USBレシーバー) / Bluetooth / 有線 USB
m-gbs-027,ATTACK SHARK,X11 ゲーミングマウス ワイヤレス 無線 2.4g/Bluetooth/USB-C 超軽量63g 22000DPI（ホワイト）,ATTACK SHARK X11 ゲーミングマウス ワイヤレス 無線 2.4g/Bluetooth/USB-C 超軽量63g 22000DPI（ホワイト）,62 g,充電式,—,5ボタン,2.4GHz (USBレシーバー) / Bluetooth / 有線 USB
m-gbs-041,ATTACK SHARK,X11SE,ATTACK SHARK X11SE ゲーミングマウス スーパーライト 3モード接続 ワイヤレス 無線2.4g/Bluetooth/USB-C | 超軽量 59gPAW3311センサー 22000DPI 6レベルDPI切替 1000Hz ポーリングレート、300mAh、（ベ…,59 g,充電式,—,5ボタン,2.4GHz (USBレシーバー) / Bluetooth / 有線 USB
m-bengoo-wired-gaming,BENGOO,BENGOO ゲーミングマウス (有線),138g・有線USB・光学式（1200〜3600 DPI 4段階）・6ボタン・RGBライト,120 g,有線給電,—,6ボタン,有線 USB
m-pb-008,BenQ,BenQ Zowie 4K ZA13-DW,4K ワイヤレスマウス eスポーツ科学 4Kエンハンスドレシーバー 65g 左右対称 ドライバーレス 3950センサー 4Kポーリングレート,65 g,充電式,—,5ボタン,2.4GHz (USBレシーバー)
m-gp3-016,BenQ ZOWIE ZA13-DW,ZA13-DW,BenQ ZOWIE ZA13-DW ワイヤレスゲーミングマウス 高プロファイル/左右対称/65g/3950センサー/4000Hz/右利き用,65 g,充電式,—,3ボタン,2.4GHz (USBレシーバー)
m-nr-017,Buffalo,BSMBB115RD,バッファロー マウス Bluetooth 5.1 ワイヤレス 静音 3ボタン BlueLED 左右対称 カーソル速度切り替え BSMBB115RD,60 g,単3形乾電池×1本,—,3ボタン,Bluetooth
m-bs-030,Buffalo,BSMBB305BK,バッファロー マウス Bluetooth 5.0 5ボタン LED ブラック 戻る/進むボタン搭載 省電力 BSMBB305BK,75 g,単3形 乾電池（付属）,—,5ボタン,Bluetooth
m-bs-077,Buffalo,BSMBB335GBK,バッファロー マウス Bluetooth ワイヤレス FLEXUS 薄型 3ボタン 静音 BlueLED MIL規格準拠,60 g,単3形 乾電池（付属）,—,3ボタン,Bluetooth
m-bs-023,Buffalo,BSMBU19BK,バッファロー マウス 有線 USB 5ボタン 静音 BlueLED BSMBU19BK,70 g,有線給電,—,5ボタン,有線 USB
m-bs-007,Buffalo,BSMBW315BK,バッファロー マウス ワイヤレス 5ボタン 最大584日使用可能 BlueLED ブラック BSMBW315BK,60 g,単3形 乾電池（付属）,—,5ボタン,2.4GHz (USBレシーバー)
m-bs-048,Buffalo,BSMBW315RD,バッファロー マウス 無線 ワイヤレス 5ボタン 【戻る/進むボタン搭載】 小型 軽量 節電モデル 最大584日使用可能 BlueLED レッド,120 g,単3形乾電池×1本,—,5ボタン,2.4GHz (USBレシーバー)
m-bs-078,Buffalo,BSMBW315SV,バッファロー マウス ワイヤレス 5ボタン 最大584日使用可能 BlueLED シルバー,60 g,単3形 乾電池（付属）,—,5ボタン,2.4GHz (USBレシーバー)
m-bs-002,Buffalo,BSMBW325BK,バッファロー マウス ワイヤレス 静音 5ボタン dpi切替 BlueLED ブラック BSMBW325BK,60 g,単3形 乾電池（付属）,—,5ボタン,2.4GHz (USBレシーバー)
m-bs-059,Buffalo,BSMBW505MBK,バッファロー マウス 2.4GHz USBレシーバー BlueLED 静音 5ボタン Mサイズ ブラック,80 g,単3形 乾電池（付属）,—,5ボタン,2.4GHz (USBレシーバー)
m-bs-094,Buffalo,BSMBW515MBK,バッファロー マウス ワイヤレス BlueLED 5ボタン Mサイズ ブラック,74 g,単3形乾電池×1本,—,5ボタン,2.4GHz (USBレシーバー)
m-pb-102,Buffalo,BSMOU06MSV,iBUFFALO 光学式有線マウス USB Mサイズ 5ボタン 延長ケーブル付 シルバー,71 g,有線給電,—,5ボタン,有線 USB
m-bs-029,Buffalo,BSMOU27SMWH,バッファロー マウス 有線 静音/3ボタン/Mサイズ ホワイト BSMOU27SMWH,77 g,有線給電,—,3ボタン,有線 USB
m-bs-031,Buffalo,バッファロー BSMBU108BK,バッファロー マウス 有線 BlueLED 静音 USB ブラック,63 g,有線給電,—,3ボタン,有線 USB
m-gnr2-019,Century,CRC-GMRGB03_FP,センチュリー 「RACEN」 12ボタン搭載 RGBゲーミングマウス CRC-GMRGB03_FP 12ボタン搭載 本体重量100ｇ～118g(ウェイト付属),100 g,有線給電,—,12ボタン,有線 USB
m-gnr-020,CORSAIR,IRONCLAW WIRELESS SE,"CORSAIR IRONCLAW ワイヤレス SE ゲーミングマウス – 黒 CH-9317110-WW | 26,000 DPI、人間工学に基づいた非対称形状、10 個のプログラム可能のボタン、MOBA、FPS、MMO",54 g,充電式,—,6ボタン,2.4GHz (USBレシーバー)
m-gbs-020,CORSAIR,SCIMITAR ELITE WIRELESS CH-9314011-AP,CORSAIR SCIMITAR ELITE WIRELESS SE MMO向け ワイヤレスゲーミングマウス 16ボタン プログラム可能 ホワイト,114 g,充電式,—,16ボタン,2.4GHz (USBレシーバー) / Bluetooth
m-gnr2-017,CRDRAKO,KO-ONE BLACK,"CRDRAKO KO-ONE BLACK ゲーミングマウス 超軽量35g 液晶ドングル付き ポーリングレート 8,000Hz ワイヤレス 無線 有線(ブラック) 【国内正規品】",55 g,充電式,—,6ボタン,2.4GHz (USBレシーバー) / Bluetooth / 有線 USB
m-gnr2-014,CRDRAKO,KO-ONE WHITE,"CRDRAKO KO-ONE WHITE ゲーミングマウス 超軽量35g 液晶ドングル付き ポーリングレート 8,000Hz ワイヤレス 無線 有線(ホワイト) 【国内正規品】",35 g,有線給電,—,3ボタン,有線 USB
m-gnr2-023,DAREU,AE7 PRO,DAREU AE7PRO 無線8K ゲーミングマウス 準分子コーティング 62g軽量 右手用 人間工学 エルゴノミックス 30000DPI 進化したPAW3950センサー搭載 ワイヤレス 充電スタンド付き 黒/ブラック 技適認証取得【1年間メーカー保証】,62 g,充電式,—,6ボタン,2.4GHz (USBレシーバー) / Bluetooth / 有線 USB
m-pb-130,Dell,DELL MS111 USB Optical 3 Button Optical Mouse (Tea Box Simple Packaging),DELL MS111 USB Optical 3 Button Optical Mouse (Tea Box Simple Packaging),9 g,有線給電,—,3ボタン,有線 USB
m-pb-152,Dell,Dell MS3220-GY,レーザー有線マウス タイタングレー,98 g,有線給電,—,5ボタン,有線 USB
m-pb-161,Dell,MS7421W,Dell Premier 充電式ワイヤレスマウス,80 g,充電式,—,7ボタン,2.4GHz (USBレシーバー) / Bluetooth
m-pb-171,ELECOM,Elecom M-BT21BBBU,エレコム マウス Bluetooth (iOS対応) Sサイズ 小型 6ボタン 省電力 読み取り精度の高いUltimate Blueセンサー採用 ブルー iPad Pro 2020,56 g,単4形 乾電池（付属）,—,6ボタン,Bluetooth
m-bs-086,ELECOM,Elecom M-DT2DRBK,エレコム マウス ワイヤレス (レシーバー付属) トラックボール 人差し指用 8ボタン ブラック,112 g,電池式（単3形乾電池 1本）,—,8ボタン,2.4GHz (USBレシーバー)
m-bs-035,ELECOM,Elecom M-FIR08DRBK,エレコム マウス ワイヤレス (レシーバー付属) Mサイズ 3ボタン 約2.5年電池交換不要 省電力 ブラック,52 g,単3形 乾電池（付属）,—,3ボタン,2.4GHz (USBレシーバー)
m-pb-210,ELECOM,Elecom M-HT1URBK,エレコム トラックボールマウス 有線 大玉 8ボタン チルト機能 ブラック,268 g,有線給電,—,8ボタン,有線 USB
m-bs-039,ELECOM,Elecom M-K6URBK/RS,エレコム マウス 有線 Mサイズ 3ボタン USB 光学式 ブラック ROHS指令準拠,77 g,有線給電,—,3ボタン,有線 USB
m-pb-199,ELECOM,Elecom M-K6URBK/RS,"Elecom M-K6URBK/RS USB Optical Mouse, 3 Buttons, RoHS Compliant, Medium, Black, 1 Set (5 Pieces)",77 g,有線給電,—,3ボタン,有線 USB
m-pb-116,ELECOM,Elecom M-SH10DBSKPN,エレコム マウス ワイヤレスマウス SHELLPHA 無線2.4GHz 静音 抗菌 3ボタン ピンク,74 g,単3形 乾電池（付属）,—,3ボタン,2.4GHz (USBレシーバー)
m-pb-118,ELECOM,Elecom M-XGL15BBSBU,エレコム ワイヤレスマウス Bluetooth EX-G 握りの極み 静音設計 5ボタン マルチペアリング Lサイズ ブルー,95 g,電池式（単3形乾電池 7本）,—,5ボタン,Bluetooth
m-bs-034,ELECOM,Elecom M-XGM10UBBK/EC,エレコム USB有線マウス M-XGM10UBBK/EC Mサイズ ガンメタリック5ボタン| 戻る・進むボタン搭載| BlueLED,92 g,有線給電,—,5ボタン,有線 USB
m-pb-144,ELECOM,Elecom M-XGS10DBRD,エレコム マウス ワイヤレス (レシーバー付属) Sサイズ 小型 5ボタン (戻る・進むボタン搭載) BlueLED 握りの極み,56 g,単4形 乾電池（付属）,—,5ボタン,2.4GHz (USBレシーバー)
m-pb-112,ELECOM,ELECOM M-XGS20DLBK,エレコム マウス ワイヤレス (レシーバー付属) Sサイズ 小型 8ボタン レーザー 握りの極み ブラック,59 g,単4形 乾電池（付属）,—,8ボタン,2.4GHz (USBレシーバー)
m-bs-085,ELECOM,Elecom M-XGXL30DBSKBK,エレコム マウス ワイヤレスマウス EX-G 無線2.4GHz 静音 XLサイズ 5ボタン 「AskDoctors評価サービス」認証 抗菌 ブラック,110 g,単3形 乾電池（付属）,—,5ボタン,2.4GHz (USBレシーバー)
m-bs-045,ELECOM,Elecom Slint M-TM10DBBK/EC,エレコム ワイヤレスマウス 無線2.4GHz Slint M-TM10DBBK/EC 薄型 静音 4ボタン プレゼンモード機能付,66 g,単3形 乾電池（付属）,—,4ボタン,2.4GHz (USBレシーバー)
m-bs-044,ELECOM,Elecom Slint M-TM10UBBK,エレコム(ELECOM) 有線 マウス Slint 静音 薄型モバイル 3ボタン ケーブル巻取式 ブラック,53 g,有線給電,—,3ボタン,有線 USB
m-pb-011,ELECOM,Elecom Wireless 32 Mouse,Elecom Wireless 32 Mouse,150 g,充電式,—,12ボタン,2.4GHz (USBレシーバー) / 有線 USB
m-nr2-019,ELECOM,EZ4-MAWS223BK,イーサプライ 小型ワイヤレスマウス 2.4GHzレシーバー USB-C充電式 戻る/進む 5ボタン 静音 無線 ラバーコーティング ブラック EZ4-MAWS223BK,39 g,充電式,—,5ボタン,2.4GHz (USBレシーバー)
m-pb-217,ELECOM,M-BT12BRPN,エレコム マウス Bluetooth (iOS対応) Sサイズ 小型 3ボタン IRセンサー 省電力 ピンク,50 g,単4形 乾電池（付属）,—,3ボタン,Bluetooth
m-pb-179,ELECOM,M-CC2BRSYL,エレコム(ELECOM) マウス Bluetooth (iOS対応) Sサイズ 小型 3ボタン 静音 クリック音95%軽減 モバイル 充電式リチウムイオン電池 CAPCLIP イエロー iPad Pro 2020,40 g,充電式,—,3ボタン,Bluetooth
m-pb-042,ELECOM,M-DWM01DBBK,エレコム マウス ワイヤレス (レシーバー付属) Mサイズ 6ボタン DUALシリーズ ハードウェアマクロ搭載 サイドホイール 高速スクロール Ultimate Blueセンサー ブラック,76 g,単4形 乾電池（付属）,—,6ボタン,2.4GHz (USBレシーバー)
m-bs-024,ELECOM,M-DY10DRSKWH,エレコム ワイヤレスマウス M-DY10DRSKWH 静音 抗菌 3ボタン Sサイズ ホワイト,48 g,単4形 乾電池（付属）,—,3ボタン,2.4GHz (USBレシーバー)
m-bs-070,ELECOM,M-LE10URCBK,エレコム 有線マウス Type-C接続 Lサイズ 3ボタン ブラック M-LE10URCBK,72 g,有線給電,—,3ボタン,有線 USB
m-bs-016,ELECOM,M-MY35MBSABK,【リニューアル】 エレコム ワイヤレスマウス 静音 充電式 OSMOD Six Bluetooth 無線2.4GHz両対応 2台まで接続 マルチペアリング 6ボタン ブラック,89 g,充電式,—,6ボタン,2.4GHz (USBレシーバー) / Bluetooth
m-bs-087,ELECOM,M-MY35MBSAWH,【リニューアル】 エレコム ワイヤレスマウス 静音 充電式 OSMOD Six Bluetooth 無線2.4GHz両対応 2台まで接続 マルチペアリング 6ボタン ホワイト M-MY35MBSAWH,89 g,充電式,—,6ボタン,2.4GHz (USBレシーバー) / Bluetooth
m-bs-009,ELECOM,M-TM10BBBK/EC,エレコム ワイヤレスマウス Bluetooth Slint 薄型 静音 4ボタン プレゼンモード機能付 Windows Mac Android iOS iPadOS FireOS対応 ブラック,66 g,単3形 乾電池（付属）,—,4ボタン,Bluetooth
m-bs-010,ELECOM,M-XGL10DBSBK,エレコム マウス ワイヤレス (レシーバー付属) Lサイズ 5ボタン (戻る・進むボタン搭載) 静音 BlueLED 握りの極み ブラック,87 g,単3形 乾電池（付属）,—,5ボタン,2.4GHz (USBレシーバー)
m-bs-022,ELECOM,M-XGL10UBSBK,エレコム マウス 有線 Lサイズ 5ボタン (戻る・進むボタン搭載) 静音 BlueLED 握りの極み ブラック M-XGL10UBSBK,107 g,有線給電,—,5ボタン,有線 USB
m-bs-060,ELECOM,M-XGL50MBSKBK,エレコム ワイヤレスマウス 静音 EX-G PRO Lサイズ Bluetooth 無線2.4GHz 両対応 充電式 8ボタン 高速スクロール チルトホイール 抗菌 ブラック,125 g,充電式,—,8ボタン,2.4GHz (USBレシーバー) / Bluetooth
m-bs-019,ELECOM,M-XGM15BBSGM/EC,エレコム ワイヤレスマウス Bluetooth EX-G 握りの極み 静音設計 5ボタン マルチペアリング Mサイズ ガンメタリック,81 g,単3形 乾電池（付属）,—,5ボタン,Bluetooth
m-bs-012,ELECOM,M-XGM30DBSKABK,エレコム マウス ワイヤレスマウス EX-G 無線2.4GHz 静音 Mサイズ 5ボタン 「AskDoctors評価サービス」認証 抗菌 ブラック,91 g,単3形 乾電池（付属）,—,5ボタン,2.4GHz (USBレシーバー)
m-bs-075,ELECOM,M-XGM31DBSKBK,エレコム マウス ワイヤレスマウス 静音 EX-G 2023年モデル 左手用 Mサイズ 5ボタン 「AskDoctors評価サービス」認証 抗菌 ブラック M-XGM31DBSKBK,91 g,単3形 乾電池（付属）,—,5ボタン,2.4GHz (USBレシーバー)
m-nr-005,ELECOM,OSMOD8 M-MY50MBSBK-G,エレコム ワイヤレスマウス OSMOD8 静音 Bluetooth 無線2.4GHz 3台マルチペアリング 高速スクロール＋チルトホイール搭載 Mサイズ ブラック M-MY50MBSBK-G,89 g,単3形乾電池×1本,—,8ボタン,2.4GHz (USBレシーバー) / Bluetooth
m-nr-001,ELECOM,Slint M-TM25MBMSABK,エレコム ワイヤレスマウス 静音 Slint Bluetooth 無線2.4GHz 3台マルチペアリング 薄型 軽量 充電式 Mサイズ ブラック M-TM25MBMSABK,64 g,充電式,—,4ボタン,2.4GHz (USBレシーバー) / Bluetooth
m-bs-069,ELECOM,エレコム M-BY10BRSKBK,エレコム マウス ワイヤレスマウス Bluetooth 静音 3ボタン Sサイズ 抗菌 ブラック M-BY10BRSKBK,59 g,単4形 乾電池（付属）,—,3ボタン,Bluetooth
m-bs-017,ELECOM,エレコム M-FBL01DBXSBK,エレコム ワイヤレスマウス 静音 5ボタン Mサイズ ブラック M-FBL01DBXSBK,62 g,単3形 乾電池（付属）,—,5ボタン,2.4GHz (USBレシーバー)
m-bs-018,ELECOM,エレコム M-IR07DRBK,エレコム マウス ワイヤレス (レシーバー付属) Mサイズ 3ボタン IRセンサー 省電力 ブラック,100 g,単4形 乾電池（付属）,—,3ボタン,2.4GHz (USBレシーバー)
m-bs-057,ELECOM,エレコム M-SH30BBSKBK,エレコム(ELECOM) マウス ワイヤレスマウス SHELLPHA Bluetooth 静音 抗菌 5ボタン+チルトホイール ブラック M-SH30BBSKBK,81 g,単3形 乾電池（付属）,—,7ボタン,Bluetooth
m-bs-052,ELECOM,エレコム M-XGL15BBSBK,エレコム ワイヤレスマウス Bluetooth EX-G 握りの極み 静音設計 5ボタン Lサイズ ブラック M-XGL15BBSBK,95 g,単3形 乾電池（付属）,—,5ボタン,Bluetooth
m-bs-005,ELECOM,エレコム M-XGM10DBBK/EC,75g・単3形乾電池・BlueLED・5ボタン（戻る・進む）・2.4GHz・EX-G 握りの極み,75 g,単3形乾電池×1本,—,5ボタン,2.4GHz (USBレシーバー)
m-elecom-vm500,ELECOM,エレコム ゲーミングマウス V custom VM500 (M-VM500BK),"75g・充電式（USB Type-C）・光学式（PAW3311 / 12,000DPI）・8ボタン・2.4GHz / 有線USB",75 g,充電式,—,8ボタン,2.4GHz (USBレシーバー) / 有線 USB
m-bs-068,ELECOM,エレコム ワイヤレスマウス M-LE10BRABK,エレコム ワイヤレスマウス Bluetooth 3ボタン 左右対称 Lサイズ ブラック M-LE10BRABK,58 g,単3形 乾電池（付属）,—,3ボタン,Bluetooth
m-bs-099,ELECOM,エレコム ワイヤレスマウス Precisionist (M-PN10MBMSABK),84g・充電式・光学式（IR LED）・8ボタン（チルトホイール）・Bluetooth / 2.4GHz・マルチペアリング3台,84 g,充電式,—,8ボタン,2.4GHz (USBレシーバー) / Bluetooth
m-bs-064,ELECOM,エレコム 有線 M-BL27UBKBK,エレコム マウス 有線 M-BL27UBKBK 3ボタン ラバーグリップ 抗菌 ブラック,68 g,有線給電,—,3ボタン,有線 USB
m-bs-055,ELECOM,エレコムM-XGS30BBSKBK,エレコム(ELECOM) マウス ワイヤレスマウス EX-G Bluetooth 静音 Sサイズ 5ボタン マルチペアリング 「AskDoctors評価サービス」認証 抗菌 ブラック M-XGS30BBSKBK,82 g,単3形 乾電池（付属）,—,5ボタン,Bluetooth
m-bs-074,ESR,ESR MagMouse,ESR MagMouse マウス 無線 静音 持ち運び ノートパソコン用 Bluetooth 5.0&2.4 GHz接続対応 ワイヤレスマウス 充電式,113 g,充電式,—,3ボタン,2.4GHz (USBレシーバー) / Bluetooth
m-bs-100,Ewin,Ewin トラックボールマウス,Ewin トラックボールマウス Bluetooth/USBレシーバー対応 最大3台接続・ワンタッチ切替 無線マウス ワイヤレス 親指操作 静音 エルゴノミクスマウス 腱鞘炎対策 手首が疲れにくい 長時間作業 5段階DPI調整 7ボタン 戻る・進むボタン,126 g,単3形乾電池×1本,—,7ボタン,2.4GHz (USBレシーバー) / Bluetooth
m-gnr2-015,Finalmouse,UltralightX Frostlord,"Finalmouse UltralightX Frostlord ワイヤレスゲーミングマウス, ハニカムデザイン, 軽量, ホワイト(Medium)",36 g,充電式,—,6ボタン,2.4GHz (USBレシーバー)
m-nr2-002,Futuristec,Ring Mouse RMWTB200,Futuristec リングマウス Ring Mouse / スマートフォン・タブレット用ワイヤレスページ送り / SNS動画、小説、ウェブトゥーン閲覧用 / 最大10m長距離操作、会議およびプレゼンテーション活用可能 / セルカ用リモートシャッター / 指の動きでマウスカ…,9 g,充電式,—,5ボタン,Bluetooth
m-bs-051,GREENHOUSE,グリーンハウス 有線マウス 静音 USB接続するだけ 簡単接続 電池/充電不要 小型 GH-MUDQOB-BK,グリーンハウス 有線マウス 静音 USB接続するだけ 簡単接続 電池/充電不要 小型 GH-MUDQOB-BK,80 g,有線給電,—,3ボタン,有線 USB
m-pb-134,HP,"HP 150 Wired Mouse Euro, W126262610","HP 150 Wired Mouse Euro, W126262610",60 g,有線給電,—,3ボタン,有線 USB
m-pb-095,HP,"HP 150 Wireless Mouse, 3-Button 1600 DPI Optical Sensor with Dual Con…","HP 150 Wireless Mouse, 3-Button 1600 DPI Optical Sensor with Dual Control Scroll Wheel Ergonomic Design for All Day Comfort for Left or R…",90 g,単4形 乾電池（付属）,—,3ボタン,2.4GHz (USBレシーバー)
m-pb-221,HP,HP 3NZ70AA,電式 USB-C充電 最大3台接続切替 ワイヤレス 4wayスクロールホイール【7プログラム対応ボタン】HP 930 シルバー ブルートゥース(‎型番:3NZ70AA#UUF) Mac Windows PC MacBook対応【国内正規品】,130 g,充電式,—,3ボタン,2.4GHz (USBレシーバー) / Bluetooth
m-pb-090,HP,HP 510 Ultra Fast Rechargeable Wireless Mouse with 2D Scroll Wheel Ba…,HP 510 Ultra Fast Rechargeable Wireless Mouse with 2D Scroll Wheel Battery Free 3 Minute Charging Ambidextrous 9C2F6AA,90 g,充電式,—,5ボタン,2.4GHz (USBレシーバー)
m-pb-141,HP,HP G1K28AA USB Travel Mouse,HP G1K28AA USB Travel Mouse,61 g,有線給電,—,2ボタン,有線 USB
m-pb-121,HP,HP Inc. Wireless Mouse X3000,HP Inc. Wireless Mouse X3000,60 g,単3形 乾電池（付属）,—,3ボタン,2.4GHz (USBレシーバー)
m-pb-137,HP,"HP Mouse Inalámbrico 240, Conectividad de 10 mts, 2.4 GHz, Windows/MA…","HP Mouse Inalámbrico 240, Conectividad de 10 mts, 2.4 GHz, Windows/MAC OS, Plata (43N04AA)",54 g,単3形 乾電池（付属）,—,3ボタン,Bluetooth
m-pb-017,HP,HP OMEN Vector Mouse,HP OMEN Vector Mouse,145 g,有線給電,—,6ボタン,有線 USB
m-pb-227,HP,HP USB Travel Mouse mice,HP USB Travel Mouse mice,26 g,有線給電,—,2ボタン,有線 USB
m-pb-178,HP,HP WIRELESS MOUSE Z3700 -MODERN GOLD,HP WIRELESS MOUSE Z3700 -MODERN GOLD,50 g,単3形 乾電池（付属）,—,3ボタン,2.4GHz (USBレシーバー)
m-pb-092,HP,HP エルゴノミクス ワイヤレス マウス HP 920,HP Ergonomic Wireless Mouse HP 920 | バーティカル (縦型) USB Type-C 充電式 最大3台接続 カスタマイズボタン 疲れにくい 人間工学デザイン リストレスト付き 無線 Bluetooth 2.4GHz USBドングル (6H1…,170 g,充電式,—,6ボタン,2.4GHz (USBレシーバー) / Bluetooth
m-bs-043,HP,HP ワイヤレス マウス HP 280,静音 BlueLED 1600dpi マウスパッド不要 乾電池式 最大18ヶ月のロングバッテリー エルゴノミクス 無線 2.4GHz USBドングル (19U64AA#UUF) 国内正規品,70 g,単3形 乾電池（付属）,—,3ボタン,2.4GHz (USBレシーバー)
m-bs-025,HP,HP 有線 マウス HP 100G,HP 有線 マウス HP 100G | 光学式センサー 高精度 1600dpi 3ボタン USB Type-A 接続 左右対称 右利き 左…,90 g,有線給電,—,3ボタン,有線 USB Type-A
hyperx-pulsefire-haste-white,HyperX,HyperX Pulsefire Haste,ハイパーエックス(HyperX) HyperX Pulsefire Hasteゲーミングマウス ゲーマー向け 超軽量六角シェルデザイン 60グラム ホワイト 2年保証 4P5E4AA,60 g,有線給電,—,6ボタン,有線 USB
m-gnr-024,Keychron,M6,Keychron M6 サイレント ワイヤレス ゲーミング マウス、1000Hz、Bluetooth 5.3/2.4GHz/有線、PixArt 3395 センサー（26K DPI）、86g、オンボード メモリ プロファイルでプラグ＆プレイ,86 g,充電式,—,4ボタン,2.4GHz (USBレシーバー) / Bluetooth / 有線 USB
m-gp3-007,LAMZU,MAYA REJECT,LAMZU MAYA REJECTモデル【8Kドングル入り】 ゲーミングマウス リジェクトSPECIAL EDITIONリジェクト×ラムズ 無線 軽量 45g type-C 充電,45 g,充電式,—,6ボタン,2.4GHz (USBレシーバー) / Bluetooth
m-gp3-008,LAMZU,MAYA X REJECT,LAMZU MAYA X REJECTモデル【8Kドングル入り】 ゲーミングマウス リジェクトSPECIAL EDITION無線 軽量 47g type-C 充電 ワイヤレス リジェクト×ラムズ,47 g,充電式,—,6ボタン,Bluetooth
m-pb-222,Lenovo,"Lenovo 300 Wireless Compact Mouse, Black, 1000 dpi, Ultra-portable de…","Lenovo 300 Wireless Compact Mouse, Black, 1000 dpi, Ultra-portable design, Up to 12 months battery life, GX30K79402 141 [Parallel Import]",52 g,単3形 乾電池（付属）,—,3ボタン,2.4GHz (USBレシーバー)
m-nr2-013,Lenovo,Lenovo 350,レノボ Lenovo 350 ワイヤレスマウス Bluetooth 5.3 静音 2台接続 左右対称 3段階DPI調整 最大2400DPI 36ヶ月電池寿命 マルチデバイス対応 ルナグレー 国内正規品,70 g,単3形乾電池×1本,—,3ボタン,2.4GHz (USBレシーバー) / Bluetooth
m-pb-115,Lenovo,"Lenovo 530 Full Size Wireless Computer Mouse for PC, Laptop, Computer…","Lenovo 530 Full Size Wireless Computer Mouse for PC, Laptop, Computer with Windows - 2.4 GHz Nano USB Receiver - Ambidextrous Design - 12…",65 g,単3形 乾電池（付属）,—,3ボタン,2.4GHz (USBレシーバー)
m-pb-164,Lenovo,"Lenovo 540 mouse wireless compatto con ricevitore USB C, grigio, GY51…","Lenovo 540 mouse wireless compatto con ricevitore USB C, grigio, GY51D20869",55 g,単3形 乾電池（付属）,—,4ボタン,2.4GHz (USBレシーバー)
m-pb-160,Lenovo,"Lenovo 540 mouse wireless compatto con ricevitore USB-C | sabbia, beige","Lenovo 540 mouse wireless compatto con ricevitore USB-C | sabbia, beige",55 g,単3形 乾電池（付属）,—,4ボタン,2.4GHz (USBレシーバー)
m-pb-194,Lenovo,Lenovo Go GY51C21211,レノボ Lenovo Go ワイヤレス マルチデバイス マウス Bluetooth5.0 2.4GHz Type-Cレシーバー 3台切替 マルチペアリング 充電式 Qiワイヤレス充電対応 静音 小型 3段階DPI グレー,75 g,充電式,—,5ボタン,2.4GHz (USBレシーバー) / Bluetooth
m-pb-129,Lenovo,Lenovo GY51P83012 Trackball,Lenovo GY51P83012 Trackball,100 g,単4形乾電池,—,6ボタン,Bluetooth
m-pb-174,Lenovo,Lenovo ThinkPad Essential Wireless Mouse - Mouse - laser - 5 buttons …,"Lenovo ThinkPad Essential Wireless Mouse - Mouse - laser - 5 buttons - wireless - 2.4 GHz - USB wireless receiver - for ThinkCentre M71X,…",60 g,単5形 電池(付属),—,3ボタン,2.4GHz (USBレシーバー)
m-pb-170,Logicool,"(Red) - Logitech M171 Wireless Mouse for Windows, Mac and Chrome, 2.4…","(Red) - Logitech M171 Wireless Mouse for Windows, Mac and Chrome, 2.4 GHZ Wireless Connectivity, Plug-and-Play Connexion, 12-Month Batter…",70 g,単3形 乾電池（付属）,—,2ボタン,2.4GHz (USBレシーバー)
m-pb-187,Logicool,Logicool M310 マウス ワイヤレス - ブルー ラジオ周波数 - USB - スクロールホイール 910-001917 [並行…,Logicool M310 マウス ワイヤレス - ブルー ラジオ周波数 - USB - スクロールホイール 910-001917 [並行輸入品],99 g,電池式（単3形乾電池 1本）,—,3ボタン,2.4GHz (USBレシーバー)
m-pb-175,Logicool,"Logicool M370GY Mouse, M370G, Silent, Wireless Bluetooth, Logi Bolt U…","Logicool M370GY Mouse, M370G, Silent, Wireless Bluetooth, Logi Bolt Unifying, Symmetrical, Windows, Mac, iPad, Chrome OS Surface, Scroll …",82 g,単3形 乾電池（付属）,—,4ボタン,2.4GHz (USBレシーバー) / Bluetooth
m-mx-master-3s,Logicool,Logicool MX MASTER 3S,ロジクール MX MASTER3s アドバンスド ワイヤレス マウス 静音 MX2300GR Logi Bolt Bluetooth Unifying非対応 8000dpi 高速スクロールホイール USB-C 充電式 無線 MX2300 グラファイト 国内正規品,141 g,充電式,—,7ボタン,2.4GHz (USBレシーバー) / Bluetooth
mx-master-3s-mac,Logicool,Logicool MX MASTER 3S for Mac,Logicool MX MASTER 3S for Mac パフォーマンス ワイヤレス マウス 静音 MX2300MSG Logi Bolt Bluetooth Unifying非対応 8000dpi 高速スクロールホイール USB-C-C 充電式 mac iPad 無線 ワイヤレスマウス MX2300,141 g,充電式,—,7ボタン,2.4GHz (USBレシーバー) / Bluetooth
m-pb-201,Logicool,"Logitech &quot;M280 Mouse, Wireless&quot;","Logitech &quot;M280 Mouse, Wireless&quot;",91 g,単3形 乾電池（付属）,—,3ボタン,2.4GHz (USBレシーバー)
m-pb-167,Logicool,Logitech Bluetooth Mouse M557 - Mouse - right and left-handed - optic…,Logitech Bluetooth Mouse M557 - Mouse - right and left-handed - optical - wireless - Bluetooth - dark gray,26 g,充電式,—,2ボタン,Bluetooth
m-pb-089,Logicool,Logitech Click! Optical Mouse - Blue/Silver,Logitech Click! Optical Mouse - Blue/Silver,26 g,有線給電,—,3ボタン,有線 USB
m-pb-196,Logicool,Logitech Design Collection Limited Edition Wireless Mouse,Logitech Design Collection Limited Edition Wireless Mouse,26 g,単3形 乾電池（付属）,—,3ボタン,2.4GHz (USBレシーバー)
m-pb-149,Logicool,Logitech Doodle Collection M325c - マウス - 光学式 - 5ボタン - ワイヤレス - 2.4 GHz…,Logitech Doodle Collection M325c - マウス - 光学式 - 5ボタン - ワイヤレス - 2.4 GHz - USBワイヤレスレシーバー - Twinkle Teal,—,電池式（単3形乾電池 1本）,—,5ボタン,2.4GHz (USBレシーバー)
m-pb-098,Logicool,Logitech Ergo M575 Wireless Trackball Mouse for Business - Ergonomic …,Logitech Ergo M575 Wireless Trackball Mouse for Business - Ergonomic Design Secure Logi Bolt Technology Bluetooth Global Certified Window…,—,充電式,—,5ボタン,2.4GHz (USBレシーバー) / Bluetooth
m-pb-193,Logicool,Logitech ERGO M575SP,Logitech 静音 ワイヤレス トラックボール マウス ERGO M575SP Bluetooth Logi Bolt 無線 Windows Mac iPad OS Chrome トラックボールマウス ブラック M575 M575S ロジテック [海外パッケージ品],145 g,単3形 乾電池（付属）,—,5ボタン,2.4GHz (USBレシーバー) / Bluetooth
m-pb-014,Logicool,Logitech LX3 Optical Mouse,Logitech LX3 Optical Mouse,—,有線給電,—,3ボタン,有線 USB
m-pb-203,Logicool,Logitech M100マウス | コンピューティング、ナビゲーション、スプレッドシート用の両手利きデザインのUSB光学式マウス。,Logitech M100マウス | コンピューティング、ナビゲーション、スプレッドシート用の両手利きデザインのUSB光学式マウス。,26 g,有線給電,—,3ボタン,有線 USB
m-pb-166,Logicool,Logitech M110 USB Optical 1000DPI Ambidextrous Red Mouse,Logitech M110 USB Optical 1000DPI Ambidextrous Red Mouse,26 g,有線給電,—,3ボタン,有線 USB
m-pb-078,Logicool,Logitech M125 Corded Mouse (Silver),Logitech M125 Corded Mouse (Silver),—,有線給電,—,3ボタン,有線 USB
m-pb-245,Logicool,Logitech M170 Red Clamshell Mouse | 両手利きマウス、2.4 GHz USB-A ナノレシーバー、光学ト…,Logitech M170 Red Clamshell Mouse | 両手利きマウス、2.4 GHz USB-A ナノレシーバー、光学トラッキング、12ヶ月のバッテリー寿命、PC、Mac、ノートパソコン対応。,80 g,1 単5形 電池(付属),—,1ボタン,2.4GHz (USBレシーバー)
m-pb-226,Logicool,Logitech M187 - Mouse - optical - wireless - 2.4 GHz - USB wireless r…,Logitech M187 - Mouse - optical - wireless - 2.4 GHz - USB wireless receiver - black,26 g,単3形 乾電池（付属）,—,3ボタン,2.4GHz (USBレシーバー)
m-pb-243,Logicool,Logitech M196 Mouse,Logitech M196 Mouse,—,有線給電,—,3ボタン,有線 USB
m-bs-037,Logicool,Logitech M196GR,ロジクール ワイヤレスマウス M196GR Bluetooth マウス 軽量 76g 無線 ワイヤレス 小型 左右対称 windows mac グラファイト M196 国内正規品,76 g,単3形 乾電池（付属）,—,3ボタン,Bluetooth
m-pb-103,Logicool,Logitech M235 Wireless Mouse - Red,Logitech M235 Wireless Mouse - Red,—,単3形 乾電池（付属）,—,3ボタン,2.4GHz (USBレシーバー)
m-pb-022,Logicool,Logitech M305 ゴールドテンドリル ワイヤレスマウス,Logitech M305 ゴールドテンドリル ワイヤレスマウス,—,単3形 乾電池（付属）,—,3ボタン,2.4GHz (USBレシーバー)
m-pb-067,Logicool,Logitech m305ワイヤレスマウスナノレシーバーブラックTaboo,Logitech m305ワイヤレスマウスナノレシーバーブラックTaboo,26 g,単3形 乾電池（付属）,—,2ボタン,2.4GHz (USBレシーバー)
m-pb-202,Logicool,Logitech M310 - Mouse - right and left-handed - laser - 3 buttons - w…,Logitech M310 - Mouse - right and left-handed - laser - 3 buttons - wireless - 2.4 GHz - USB wireless receiver - black,26 g,電池式（単4形乾電池 1本）,—,3ボタン,2.4GHz (USBレシーバー)
m-pb-104,Logicool,Logitech M317 USA Flag Mouse,Logitech M317 USA Flag Mouse,26 g,有線給電,—,5ボタン,有線 USB
m-pb-053,Logicool,Logitech M325 Wireless Mouse with Designed-For-Web Scrolling - Tweet …,Logitech M325 Wireless Mouse with Designed-For-Web Scrolling - Tweet Tweet Parallel Import,159 g,単3形 乾電池（付属）,—,3ボタン,2.4GHz (USBレシーバー)
m-pb-073,Logicool,Logitech M325 Wireless Optical Mouse Black,Logitech M325 Wireless Optical Mouse Black,—,電池式（単3形乾電池 700本）,—,5ボタン,2.4GHz (USBレシーバー)
m-pb-054,Logicool,Logitech M325 Wireless Optical Mouse Natural Jewelry,Logitech M325 Wireless Optical Mouse Natural Jewelry,—,電池式（単3形乾電池 5本）,—,2ボタン,2.4GHz (USBレシーバー)
m-pb-083,Logicool,Logitech M325c 3 ボタンワイヤレスUSB光学式スクロールマウス ナノトランシーバ付き 910-002974,Logitech M325c 3 ボタンワイヤレスUSB光学式スクロールマウス ナノトランシーバ付き 910-002974,88 g,電池式（単3形乾電池 5本）,—,2ボタン,2.4GHz (USBレシーバー)
m-pb-101,Logicool,Logitech M325C Wireless Mouse - Yellow Zig Zag 910-004689,Logitech M325C Wireless Mouse - Yellow Zig Zag 910-004689,26 g,単3形 乾電池（付属）,—,5ボタン,2.4GHz (USBレシーバー)
m-pb-188,Logicool,Logitech M330 SILENT PLUS - Mouse - right-handed - optical - 3 button…,Logitech M330 SILENT PLUS - Mouse - right-handed - optical - 3 buttons - wireless - 2.4 GHz - USB wireless receiver - black,26 g,単4形 乾電池（付属）,—,3ボタン,2.4GHz (USBレシーバー)
m-pb-029,Logicool,Logitech M510 - Mouse - right-handed - laser - 7 buttons - wireless -…,Logitech M510 - Mouse - right-handed - laser - 7 buttons - wireless - 2.4 GHz - USB wireless receiver,90 g,電池式（単3形乾電池 66本）,—,7ボタン,2.4GHz (USBレシーバー)
m-pb-070,Logicool,LOGITECH M510 WIRELESS LASER MOUSE-RED,LOGITECH M510 WIRELESS LASER MOUSE-RED,0 g,—,—,3ボタン,2.4GHz (USBレシーバー)
m-pb-088,Logicool,Logitech M510 Wireless Optical Mouse,Logitech M510 Wireless Optical Mouse,26 g,電池式（単3形乾電池 6本）,—,3ボタン,2.4GHz (USBレシーバー)
m-pb-192,Logicool,Logitech M510 ワイヤレス マウス [並行輸入品],Logitech M510 ワイヤレス マウス [並行輸入品],129 g,単3形 乾電池（付属）,—,5ボタン,2.4GHz (USBレシーバー)
m-pb-057,Logicool,Logitech M525 Wrls NB Mouse Blue Navy,Logitech M525 Wrls NB Mouse Blue Navy,112 g,電池式（単3形乾電池 10本）,—,3ボタン,2.4GHz (USBレシーバー)
m-pb-232,Logicool,Logitech M535 - Mouse - optical - 4 buttons - wireless - Bluetooth 3.…,Logitech M535 - Mouse - optical - 4 buttons - wireless - Bluetooth 3.0 - black,26 g,有線給電,—,3ボタン,Bluetooth
m-pb-154,Logicool,Logitech M705 Marathon Mouse,ロジクール マラソン マウス M705,26 g,有線給電,—,3ボタン,有線 USB
m-pb-122,Logicool,Logitech M720 [並行輸入品],Logitech M720 Triathalon Multi-Device Wireless Mouse (910-004790) [並行輸入品],—,電池式（単3形乾電池 10本）,—,3ボタン,2.4GHz (USBレシーバー)
m-pb-169,Logicool,Logitech M800,ロジクール ワイヤレス 縦型 静音 エルゴノミック マウス LIFT M800RO Logi Bolt Bluetooth Unifying非対応 smartwheel ワイヤレスマウス 無線,26 g,電池式（単3形乾電池 27本）,—,6ボタン,2.4GHz (USBレシーバー) / Bluetooth
m-bs-041,Logicool,Logitech M800GR,ロジクール ワイヤレス 縦型 静音 エルゴノミック マウス LIFT M800GR Logi Bolt Bluetooth Unifying非対応 smartwheel ワイヤレスマウス 無線,125 g,単3形 乾電池（付属）,—,6ボタン,2.4GHz (USBレシーバー) / Bluetooth
m-pb-045,Logicool,Logitech MK850 Wrlss Kybd Mouse Combo,Logitech MK850 Wrlss Kybd Mouse Combo,1240 g,有線給電,—,3ボタン,有線 USB
m-pb-037,Logicool,Logitech MX Anywhere 3 Business - Wireless Mouse Compact Ultra Fast A…,Logitech MX Anywhere 3 Business - Wireless Mouse Compact Ultra Fast All Surface Tracking Rechargeable Logi Bolt Technology Bluetooth Wind…,—,充電式,—,3ボタン,2.4GHz (USBレシーバー) / Bluetooth
m-pb-043,Logicool,Logitech MX Master 2S MX2100sGY,ロジクール MX Master 2S MX2100sGY ワイヤレスマウス 無線 Unifying Bluetooth 高速充電式 FLOW対応 7ボタン windows mac iPad OS 対応 MX2100s グレイ 国内正規品 2年間無償保証,320 g,充電式,—,7ボタン,Bluetooth
m-pb-058,Logicool,Logitech MX Master 2S Wireless Mouse Flow Cross Computer Control and …,"Logitech MX Master 2S Wireless Mouse Flow Cross Computer Control and File Sharing for PC and Mac, Graphite",—,単4形 乾電池（付属）,—,7ボタン,2.4GHz (USBレシーバー)
m-pb-009,Logicool,Logitech MX Master 3S - Wireless Performance Mouse with Ultra-fast Sc…,"Logitech MX Master 3S - Wireless Performance Mouse with Ultra-fast Scrolling, Ergo, 8K DPI, Track on Glass, Quiet Clicks, USB-C, Bluetoot…",—,充電式,—,3ボタン,Bluetooth
m-pb-085,Logicool,Logitech Optical USB Mouse,Logitech Optical USB Mouse,249 g,有線給電,—,3ボタン,有線 USB
m-pb-156,Logicool,"Logitech POP Mouse, Wireless Mouse with Customizable Emojis, SilentTo…","Logitech POP Mouse, Wireless Mouse with Customizable Emojis, SilentTouch Technology, Precision/Speed Scroll, Compact Design, Bluetooth, M…",—,単3形 乾電池（付属）,—,4ボタン,Bluetooth
m-pb-206,Logicool,Logitech Pro Mouse M720,Logitech Pro Mouse ロジテックトライアスロン M720,—,有線給電,—,4ボタン,有線 USB
m-pb-163,Logicool,Logitech SE-MX1500,ロジクール MX Anywhere 2 ワイヤレス モバイル マウス SE-MX1500 Unifying Bluetooth 高速スクロールホイール 充電式 windows mac 無線 ワイヤレスマウス 小型 国内正規品 2年間無償保証,—,充電式,—,6ボタン,Bluetooth
m-pb-139,Logicool,Logitech Signature M550,Logitech Signature M550 ワイヤレス光学マウス グラファイト (910-006781),—,単3形 乾電池（付属）,—,3ボタン,2.4GHz (USBレシーバー)
m-pb-197,Logicool,Logitech Wireless Mini Mouse M187,Logitech Wireless Mini Mouse M187,26 g,有線給電,—,3ボタン,2.4GHz (USBレシーバー)
m-pb-176,Logicool,Logitech Wireless Mouse M187 Souris sans-fil Format ultra-compact Bleu,Logitech Wireless Mouse M187 Souris sans-fil Format ultra-compact Bleu,26 g,単4形 乾電池（付属）,—,3ボタン,2.4GHz (USBレシーバー)
m-pb-231,Logicool,Logitech Wireless Mouse M325 (Cubic Black),Logitech Wireless Mouse M325 (Cubic Black),—,電池式（単4形乾電池 1本）,—,3ボタン,2.4GHz (USBレシーバー)
m-pb-150,Logicool,Logitech Wireless Mouse M325 Dark Silver (910-002816),Logitech Wireless Mouse M325 Dark Silver (910-002816),—,2 単5形 電池(付属),—,2ボタン,2.4GHz (USBレシーバー)
m-pb-026,Logicool,LOGITECH WIRELESS MOUSE M585 MULTI-DEVICE (GRAPHITE CONTRAST),LOGITECH WIRELESS MOUSE M585 MULTI-DEVICE (GRAPHITE CONTRAST),—,充電式,—,5ボタン,2.4GHz (USBレシーバー)
m-pb-035,Logicool,Logitech Wireless Performance Mouse,Logitech Wireless Performance Mouse MX for PC and Mac,147 g,充電式,—,6ボタン,2.4GHz (USBレシーバー)
m-pb-065,Logicool,Logitech ホイールパイロット PCマウス PC/Mac 2way,Logitech ホイールパイロット PCマウス PC/Mac 2way,—,有線給電,—,3ボタン,有線 USB
m-pb-128,Logicool,Logitech ロジテック M310 ワイヤレスマウス Sky Scraper 並行輸入品,Logitech ロジテック M310 ワイヤレスマウス Sky Scraper 並行輸入品,91 g,単3形 乾電池（付属）,—,3ボタン,2.4GHz (USBレシーバー)
m-pb-220,Logicool,Logitech ワイヤレスUSBマウス M317 - ブルー スチールブルー,Logitech ワイヤレスUSBマウス M317 - ブルー スチールブルー | 両手利き対応。2.4GHzのUSB-Aナノレシーバー。1000dpiの光学トラッキング。バッテリー寿命12か月。PC、Mac、ノートパソコンに対応。,—,単4形 乾電池（付属）,—,2ボタン,2.4GHz (USBレシーバー)
m-pb-133,Logicool,Logitech ワイヤレスマウス M317 Unifyingレシーバー付き、(910-002892) シルバー,Logitech ワイヤレスマウス M317 Unifyingレシーバー付き、(910-002892) シルバー,86 g,単3形 乾電池（付属）,—,2ボタン,2.4GHz (USBレシーバー)
m-bs-004,Logicool,M220CG,【Amazon.co.jp限定】 ロジクール ワイヤレスマウス 静音 無線 M220CG グレー 国内正規品静音マウス、小型、2.4GHz USBワイヤレス接続、電池式（単3形乾電池x1）、電池寿命最大18ケ月、左右対称、M220、無線マウス,75 g,単3形 乾電池（付属）,—,3ボタン,2.4GHz (USBレシーバー)
m-bs-011,Logicool,M240GRd,ロジクール 静音 ワイヤレスマウス 無線 Silent Bluetooth M240GRd グラファイト 国内正規品 【Amazon.co.jp限定】静音、小型、左右対称、電池式（単3乾電池 x 1）、電池寿命18ヶ月、Bluetooth、Logibolt,74 g,単3形 乾電池（付属）,—,3ボタン,Bluetooth
m-pb-173,Logicool,M545,"Logicool Logitech Wireless Mouse Black M545, bule",96 g,単3形 乾電池（付属）,—,7ボタン,2.4GHz (USBレシーバー)
m-gp3-017,Logicool,M550MBKs,【Amazon.co.jp限定】 ロジクールワイヤレスマウス 静音 無線 Signature M550MBKs レギュラー ブラック 国内正規品,97 g,単3形乾電池×1本,—,3ボタン,Bluetooth
m-nr-006,Logicool,M840LGRd,ロジクール ワイヤレスマウス 静音 高速スクロール 無線 Signature Comfort Plus M840LGRd グラファイト 国内正規品,103 g,単3形乾電池×1本,—,3ボタン,2.4GHz (USBレシーバー) / Bluetooth
m-nr-007,Logicool,Mobi Fold MF900,マウス Bluetooth 無線 【人間工学設計・静音】 Bluetooth＆2.4GHz接続 ワイヤレスマウス 軽量 戻る進むボタン搭載 5ボタン Type-C充電式 3段階DPI切替 800/1200/1600 USBレシーバー付,—,充電式,—,5ボタン,2.4GHz (USBレシーバー) / Bluetooth
m-bs-033,Logicool,MX ANYWHERE 3S MX1800GR,ロジクール MX ANYWHERE 3S MX1800GR 静音 マウス Bluetooth Logi Bolt Unifying非対応 コンパクト Smart Actions 対応 高速スクロールホイール 充電式 ワイヤレスマウス 無線 MX1800 グラファイト 国内正規品,99 g,充電式,—,6ボタン,2.4GHz (USBレシーバー) / Bluetooth
m-pb-146,Logicool,MX Master 2S MX2100sMT,ロジクール ワイヤレスマウス 無線 マウス MX Master 2S MX2100sMT Unifying Bluetooth 高速充電式 FLOW対応 7ボタン windows mac iPad OS 対応 MX2100s ミッドナイトティール 国内正規品 2年間無償保証,—,充電式,—,7ボタン,Bluetooth
m-gp3-015,Logicool,MX MASTER 4　MX2400GRd,【Amazon.co.jp限定】 ロジクール MX MASTER 4 アドバンスド ワイヤレス マウス 触覚フィードバック 静音 MX2400GRd,150 g,充電式,—,3ボタン,Bluetooth
m-pb-147,Logicool,MX2000,Logicool ロジクール ワイヤレスマウス MX Master Bluetooth・USB対応 MX2000,145 g,充電式,—,5ボタン,2.4GHz (USBレシーバー) / Bluetooth
m-pb-218,Logicool,NEW Logitech Mouse Corded M100R Computer Input Peripherals,NEW Logitech Mouse Corded M100R Computer Input Peripherals,26 g,有線給電,—,3ボタン,有線 USB
m-nr2-012,Logicool,Pebble Mouse 2 M350S,Logitech (Logicool) Pebble Mouse 2 M350S ワイヤレスマウス Bluetooth 静音 マルチデバイス スリム コンパクト 軽量 Tonal White オフホワイト 白 [海外パッケージ品],—,単3形乾電池×1本,—,5ボタン,Bluetooth
m-bs-015,Logicool,PEBBLE MOUSE2 M350sGR,ロジクール ワイヤレスマウス PEBBLE MOUSE2 M350sGR 薄型 静音 Bluetooth Logi Bolt マウス 無線 ワイヤレス 左右対称 Easy-Switch 4000dpi 電池寿命24ケ月,76 g,有線給電,—,3ボタン,2.4GHz (USBレシーバー) / Bluetooth
m-bs-020,Logicool,ロジクール M240OW,ロジクール 静音 ワイヤレスマウス M240OW Silent Bluetooth マウス オフホワイト 無線 ワイヤレス 小型 左右対称 logi bolt,26 g,単3形 乾電池（付属）,—,3ボタン,2.4GHz (USBレシーバー) / Bluetooth
m-pb-061,Logicool,ロジクール M546BD,ロジクール ワイヤレスマウス 無線 マウス M546BD Unifying 7ボタン ワイヤレス 小型 電池寿命最大18ケ月 windows M546 ダークナイト 国内正規品,—,電池式（単3形乾電池 5本）,—,7ボタン,2.4GHz (USBレシーバー)
m-bs-006,Logicool,ロジクール M650MGR,ロジクール ワイヤレスマウス 静音 無線 高速スクロール Signature M650MGR レギュラー グラファイト M650 国内正規品,—,単3形 乾電池（付属）,—,3ボタン,2.4GHz (USBレシーバー)
m-bs-003,Logicool,ロジクール M750MGR,ロジクール ワイヤレスマウス 静音 無線 高速スクロール Signature M750MGR レギュラー グラファイト M750 国内正規品,—,単3形 乾電池（付属）,—,3ボタン,2.4GHz (USBレシーバー) / Bluetooth
m-pb-248,Logicool,ロジクール SE-M705,ロジクール SE-M705 ワイヤレスマウス 無線 マウス Unifying 7ボタン 高速スクロール 電池寿命最大36ケ月 ブラック windows mac chrome 国内正規品 3年間無償保証,—,単3形 乾電池（付属）,—,7ボタン,2.4GHz (USBレシーバー)
m-bs-028,Logicool,ロジクール SEB-M705,ロジクール ワイヤレスマウス 無線 高速スクロール 7ボタン マウス Unifying SEB-M705 ブラック 国内正規品,135 g,有線給電,—,7ボタン,2.4GHz (USBレシーバー)
m-bs-098,Logicool,ロジクール ワイヤレスマウス M196OW,ロジクール ワイヤレスマウス M196OW Bluetooth マウス 軽量 76g 無線 ワイヤレス 小型 左右対称 windows mac オフホワイト M196 国内正規品,76 g,単3形 乾電池（付属）,—,3ボタン,Bluetooth
m-bs-062,Logicool,ロジクール ワイヤレスマウス M331nBK,ロジクール ワイヤレスマウス M331nBK 静音 ワイヤレス マウス 無線 3ボタン 電池寿命18ケ月 USB接続 M331 windows mac chrome ブラック 国内正規品,68 g,—,—,3ボタン,2.4GHz (USBレシーバー)
m-bs-036,Logicool,ロジクール ワイヤレスマウスM221CG,ロジクール ワイヤレスマウス 静音 M221CG 無線 小型 電池寿命最大18ケ月 左右対称 M221 無線 静音 グレー 国内正規品,75 g,単3形 乾電池（付属）,—,3ボタン,2.4GHz (USBレシーバー)
m-bs-095,Logicool,ロジクール 有線 マウス M100rBK,ロジクール 有線 マウス M100rBK 小型 左右対称型 USB 簡単接続 有線マウス M100r ブラック 国内正規品,26 g,有線給電,—,3ボタン,有線 USB
m-logicool-m185,LOGICOOL,M185,【Amazon.co.jp限定】 ロジクール ワイヤレスマウス 無線 マウス M185CG M185 グレー 国内正規品,75 g,単3形 乾電池（付属）,—,3ボタン,2.4GHz (USBレシーバー)
m-gbs-003,Logicool G,G PRO 2 LIGHTSPEED G-PPD-002XWL-BK,【Amazon.co.jp限定】 Logicool G PRO 2 LIGHTSPEED ゲーミングマウスワイヤレス 44K DPI 軽量 80g LIGHTFORCE ハイブリッドスイッチ HERO2 センサー USB Type-C 95時間 POWERPLAY 充電 FPS ゲーミング マウス,80 g,充電式,—,8ボタン,2.4GHz (USBレシーバー)
m-gp3-001,Logicool G,G PRO 2 LIGHTSPEED G-PPD-002XWL-BKd,【セット買い】【Amazon.co.jp限定】 Logicool G PRO 2 LIGHTSPEED ワイヤレス ゲーミングマウス G-PPD-002XWL-BKd 80g 国内正規品※Amazon限定の壁紙ダウンロード付き + ゲーミングマウスパッド G240 クロス表面 標準サイズ 340×280×1mm G240f,80 g,充電式,—,6ボタン,2.4GHz (USBレシーバー)
m-gpro-009,Logicool G,G PRO 2 LIGHTSPEED G-PPD-002XWL-MG,Logicool G PRO 2 LIGHTSPEED 44K DPI ワイヤレス ゲーミングマウス G-PPD-002XWL-MG 軽量 80g LIGHTFORCE ハイブリッドスイッチ HERO2 センサー USB Type-C 95時間連続使用可能 POWERPLAY 無線 充電 対応 FPS ゲーミング マウス,80 g,充電式,—,8ボタン,2.4GHz (USBレシーバー)
m-gpro-010,Logicool G,G PRO 2 LIGHTSPEED G-PPD-002XWL-WH,Logicool G PRO 2 LIGHTSPEED 44K DPI ワイヤレス ゲーミングマウス G-PPD-002XWL-WH 軽量 80g LIGHTFORCE ハイブリッドスイッチ HERO2 センサー USB Type-C 95時間連続使用可能 POWERPLAY 無線 充電 対応 FPS ゲーミング マウス,80 g,充電式,—,8ボタン,2.4GHz (USBレシーバー)
m-gpro-017,Logicool G,G PRO LIGHTSPEED G-PPD-002WLR,Logicool G PRO LIGHTSPEED ワイヤレス ゲーミング マウス G-PPD-002WLr ゲーミングマウス 軽量 80g HERO 25Kセンサー 充電 POWERPLAY 対応 ゲーム 充電 無線 左右対称 FPS PC,80 g,充電式,—,8ボタン,2.4GHz (USBレシーバー) / Micro-USB
m-gpro-026,Logicool G,G PRO LIGHTSPEED G-PPD-002WLRD,【Amazon.co.jp限定】 Logicool G PRO LIGHTSPEED ワイヤレス ゲーミング マウス G-PPD-002WLrd ゲーミングマウス 軽量 80g HERO 25Kセンサー 充電 POWERPLAY 対応 ゲーム 充電 無線 左右対称 FPS,80 g,充電式,—,8ボタン,2.4GHz (USBレシーバー) / Micro-USB
m-g-pro-x-sl2,Logicool G,G PRO X SUPERLIGHT 2,Logicool G 8000Hz ポーリングレート PRO X SUPERLIGHT 2 ワイヤレス ゲーミングマウス G-PPD-004WL-BK軽量 60g LIGHTFORCE ハイブリッドスイッチ LIGHTSPEED HERO2 センサー USB Type-C 充電 POWERPLAY 対応 ゲーミング マウス ブラック,60 g,充電式,—,5ボタン,2.4GHz (USBレシーバー)
m-gpro-014,Logicool G,G PRO X SUPERLIGHT 2 DEX GPROXSL-WLDEXBKd,Logicool G Pro X Superlight 2 DEX Gaming Mouse GPROXSL-WLDEXBKd (Amazon.co.jp Exclusive) | 8000Hz ポーリングレート 右手 44K DPI ワイヤレス ゲーミング マウス エルゴ…,60 g,充電式,—,5ボタン,2.4GHz (USBレシーバー)
m-gp3-002,Logicool G,G PRO X SUPERLIGHT 2 G-PPD-004WL-BKd,【Set Purchase】【Amazon.co.jp Exclusive】Logicool G 8000Hz Symmetric Left and Right PRO X SUPERLIGHT 2 Wireless Gaming Mouse G-PPD-004WL-BKd…,60 g,充電式,—,2ボタン,2.4GHz (USBレシーバー)
m-gpro-013,Logicool G,G PRO X SUPERLIGHT 2 G-PPD-004WL-CY,Logicool G 8000Hz ポーリングレート PRO X SUPERLIGHT 2 ワイヤレス ゲーミングマウス G-PPD-004WL-CY軽量 60g LIGHTFORCE ハイブリッドスイッチ LIGHTSPEED HERO2 センサー USB Type-C 充電 POWERPLAY 対応 ゲーミング マウス,60 g,充電式,—,5ボタン,2.4GHz (USBレシーバー)
m-gpro-015,Logicool G,G PRO X SUPERLIGHT 2 G-PPD-004WL-MG,Logicool G 8000Hz ポーリングレート PRO X SUPERLIGHT 2 ワイヤレス ゲーミングマウス G-PPD-004WL-MG軽量 60g LIGHTFORCE ハイブリッドスイッチ LIGHTSPEED HERO2 センサー USB Type-C 充電 POWERPLAY 対応 ゲーミング マウス,60 g,充電式,—,5ボタン,2.4GHz (USBレシーバー)
m-gpro-006,Logicool G,G PRO X SUPERLIGHT 2 SE G-PPD-004WLSE-BK,Logicool G PRO X SUPERLIGHT 2 SE 44K DPI ワイヤレス ゲーミングマウス G-PPD-004WLSE-BK 軽量 60g LIGHTFORCE ハイブリッドスイッチ LIGHTSPEED HERO2 センサー USB Type-C 88時間連続使用可能,60 g,充電式,—,5ボタン,2.4GHz (USBレシーバー)
m-gpro-016,Logicool G,G PRO X SUPERLIGHT 2 SE G-PPD-004WLSE-BKD,【Amazon.co.jp限定】Logicool G PRO SUPERLIGHT ワイヤレス ゲーミングマウス G-PPD-004WLSE-BKd軽量 Type-C 充電 POWERPLAY 対応 ゲーミング マウス,60 g,充電式,—,5ボタン,2.4GHz (USBレシーバー)
m-gpro-008,Logicool G,G PRO X SUPERLIGHT 2 SE G-PPD-004WLSE-WH,Logicool G PRO X SUPERLIGHT 2 SE 44K DPI ワイヤレス ゲーミングマウス G-PPD-004WLSE-WH 軽量 60g LIGHTFORCE ハイブリッドスイッチ LIGHTSPEED HERO2 センサー USB Type-C 88時間連続使用可能 POWERPLAY,60 g,充電式,—,5ボタン,2.4GHz (USBレシーバー)
m-gpro-027,Logicool G,G PRO X SUPERLIGHT G-PPD-003WL-BK,Logicool G PRO X SUPERLIGHT ワイヤレス ゲーミングマウス G-PPD-003WL-BK 軽量 63g未満 LIGHTSPEED HERO 25Kセンサー POWERPLAY 無線 充電 対応 ゲーミング マウス ブラック PC windows 国内正規品,63 g,充電式,—,5ボタン,2.4GHz (USBレシーバー) / Micro-USB
m-gpro-022,Logicool G,G PRO X SUPERLIGHT G-PPD-003WL-RD,Logicool G PRO X SUPERLIGHT ワイヤレス ゲーミングマウス G-PPD-003WL-RD 軽量 63g未満 LIGHTSPEED HERO 25Kセンサー POWERPLAY 無線 充電 対応 ゲーミング マウス レッド 赤 PC windows 国内正規品,63 g,充電式,—,5ボタン,2.4GHz (USBレシーバー) / Micro-USB
m-gpro-021,Logicool G,G PRO X SUPERLIGHT G-PPD-003WL-WH,Logicool G PRO X SUPERLIGHT ワイヤレス ゲーミングマウス G-PPD-003WL-WH 軽量 63g未満 LIGHTSPEED HERO 25Kセンサー POWERPLAY 無線 充電 対応 ゲーミング マウス ホワイト PC windows 国内正規品,63 g,充電式,—,5ボタン,2.4GHz (USBレシーバー) / Micro-USB
m-gpro-028,Logicool G,G-PPD-001T,Logicool G ロジクール G USB PRO ゲーミングマウス 有線 HERO 25Kセンサー FPS向け 83g 軽量 LIGHTSYNC RGB 6個プログラムボタン G-PPD-001t 国内正規品,83 g,有線給電,—,6ボタン,有線 USB
m-gbs-005,Logicool G,G203,Logicool G ゲーミングマウス G203 有線 ゲーミング マウス USB 接続 G203-BK 軽量 85g LIGHTSYNC RGB 6個プログラムボタン ブラック PC windows mac 国内正規品,85 g,有線給電,—,6ボタン,有線 USB
m-gpro-029,Logicool G,G304X Superlight,【Amazon.co.jp限定】 Logicool G ワイヤレス ゲーミングマウス G304 X SUPERLIGHT G304X-SL-WHd軽量 59g HERO 44Kセンサー LIGHTSYNC RGB 130時間連続利用可能 LIGHTSPEED USB Type-C 充電 Bluetooth 対応,59 g,充電式,—,6ボタン,2.4GHz (USBレシーバー) / Bluetooth
m-gbs-024,Logicool G,G402,Logicool G ゲーミングマウス G402 有線 ゲーミング マウス USB 接続 FPS ゲーム向け 4段階DPI切り替え 8個プログラムボタン ブラック PC windows mac 国内正規品,108 g,有線給電,—,8ボタン,有線 USB
m-gbs-009,Logicool G,G502 G502RGBhr,Logicool G ゲーミングマウス G502 有線 USB 接続 マウス HERO 25Kセンサー G502RGBhr LIGHTSYNC RGB 11個プログラムボタン FPS / MMO / RPG ブラック PC windows mac 国内正規品 【 ファイナル…,121 g,有線給電,—,11ボタン,有線 USB
m-gbs-013,Logicool G,G502 LIGHTSPEED G502WL,Logicool G ゲーミングマウス G502WL LIGHTSPEED ワイヤレス ゲーミング マウス HERO 25K センサー LIGHTSYNC RGB 11個プログラムボタン POWERPLAY 無線 充電 対応 ブラック PC windows mac G502…,114 g,充電式,—,11ボタン,2.4GHz (USBレシーバー)
m-gp3-010,Logicool G,G502XWL-CRBK,Logicool G ゲーミングマウス G502 X LIGHTSPEED ワイヤレス マウス G502XWL-CRBK LIGHTFORCE ハイブリッドスイッチ HERO 25K センサー 13個プログラムボタン USB Type-C 充電 POWERPLAY 対応,102 g,充電式,—,13ボタン,2.4GHz (USBレシーバー)
m-gp3-005,Logicool G,G903h,Logicool G ゲーミングマウス G903h LIGHTSPEED ワイヤレス ゲーミング マウス HERO 25Kセンサー 多ボタン 180時間連続使用可能 LIGHTSYNC RGB POWERPLAY,110 g,充電式,—,11ボタン,2.4GHz (USBレシーバー)
m-logicool-g304,Logicool G,Logicool G G304 LIGHTSPEED ワイヤレス ゲーミングマウス,HERO 12Kセンサー（光学式）・99g・LIGHTSPEED 2.4GHz。6個のプログラム可能ボタン・最大250時間駆動,99 g,単3形乾電池×1本,—,6ボタン,2.4GHz (USBレシーバー)
m-logicool-g304-bl,Logicool G,Logicool G G304 LIGHTSPEED ワイヤレス ゲーミングマウス (ブルー),HERO 12K（光学式）・99g・ブルー・LIGHTSPEED 2.4GHz。6個のプログラム可能ボタン・最大250時間駆動,99 g,単3形乾電池×1本,—,6ボタン,2.4GHz (USBレシーバー)
m-logicool-g304rwh,Logicool G,Logicool G G304rWH LIGHTSPEED ワイヤレス ゲーミングマウス (ホワイト),HERO 12K（光学式）・99g・ホワイト・LIGHTSPEED 2.4GHz。6個のプログラム可能ボタン・最大250時間駆動,99 g,単3形乾電池×1本,—,6ボタン,2.4GHz (USBレシーバー)
m-gbs-017,Logicool G,Logicool G ゲーミングマウス G403h HERO,【Amazon.co.jp限定】 Logicool G ゲーミングマウス G403h HERO 有線 軽量 87g ゲーミング マウス 有線マウス 25Kセンサー エルゴノミクス LIGHTSYNC RGB PC windows mac G403 ブラック 国内正規品 ※A…,87 g,有線給電,—,6ボタン,有線 USB
m-logicool-g703h,Logicool G,Logicool G ワイヤレス ゲーミングマウス G703h,95g・HERO 25K（光学式）・6ボタン・LIGHTSPEED 2.4GHz・充電式（POWERPLAY対応）,95 g,充電式,—,6ボタン,2.4GHz (USBレシーバー)
m-gpro-018,Logicool G,logitch Logitech G Pro Wireless Mouse,logitch Logitech G Pro Wireless Mouse LIGHTSPEED ロジテック ワイヤレス ゲーミング マウス,80 g,充電式,—,8ボタン,2.4GHz (USBレシーバー)
m-gbs-008,Logicool G,PRO X SUPERLIGHT 2 G-PPD-004WL-BK,【Amazon.co.jp限定】 Logicool G PRO X SUPERLIGHT 2 ゲーミングマウス G-PPD-004WL-BKd | 8000Hz ポーリングレート ワイヤレス 軽量 60g LIGHTFORCE ハイブリッドスイッチ HERO2 センサー U…,60 g,充電式,—,5ボタン,2.4GHz (USBレシーバー)
m-gpro-024,Logicool G,PRO X SUPERLIGHT 2c G-PPD-004WLCO-BK,Logicool G 8000Hz ポーリングレート PRO X SUPERLIGHT 2c コンパクト ワイヤレス ゲーミングマウス G-PPD-004WLCO-BK 軽量 51g LIGHTFORCE ハイブリッドスイッチ LIGHTSPEED HERO2 センサー USB Type-C 充電 POWERPLAY 対応,51 g,充電式,—,5ボタン,2.4GHz (USBレシーバー)
m-gpro-019,Logicool G,PRO X SUPERLIGHT 2c G-PPD-004WLCO-BKD,【Amazon.co.jp限定】Logicool G 8000Hz ポーリングレート PRO X SUPERLIGHT 2c コンパクト ワイヤレス ゲーミングマウス G-PPD-004WLCO-BKd 軽量 51g LIGHTSPEED HERO2 センサー USB Type-C 充電 POWERPLAY,51 g,充電式,—,5ボタン,2.4GHz (USBレシーバー)
m-gpro-023,Logicool G,PRO X SUPERLIGHT 2c G-PPD-004WLCO-WH,Logicool G 8000Hz ポーリングレート PRO X SUPERLIGHT 2c コンパクト ワイヤレス ゲーミングマウス G-PPD-004WLCO-WH 軽量 51g LIGHTFORCE ハイブリッドスイッチ LIGHTSPEED HERO2 センサー USB Type-C 充電 POWERPLAY 対応,51 g,充電式,—,5ボタン,2.4GHz (USBレシーバー)
m-gpro-012,Logicool G,PRO X2 SUPERSTRIKE G-PPD-004WL-STRK,"Logicool G Rapid Trigger PRO X2 SUPERSTRIKE LIGHTSPEED Gaming Mouse, G-PPD-004WL-STRK 8000, Polling Rate, Lightweight, 2.2 oz (61 g), Hap…",61 g,充電式,—,5ボタン,2.4GHz (USBレシーバー)
m-gpro-005,Logicool G,PRO X2 SUPERSTRIKE G-PPD-004WL-STRKD,【Amazon.co.jp限定】 Logicool G PRO X2 SUPERSTRIKE ゲーミングマウス G-PPD-004WL-STRKdラピッドトリガー 8000Hz ポーリングレート 軽量 61g ハプティック誘導トリガーシステム HITS 90時間 HERO2 USB Type-C 充電 POWERPLA,61 g,充電式,—,5ボタン,2.4GHz (USBレシーバー)
m-gnr2-008,MAGIC-REFINER,R1,MAGIC-REFINER R1 ゲーミングマウス、25000DPI、充電ドック付き、 LCD数値ディスプレイ搭載、超軽量65g 、マクロ対応 | Bluetooth/2.4GHz/有線対応、PAW3311センサー、RGBライティング、低遅延、Broadcom BK3633…,65 g,充電式,—,6ボタン,2.4GHz (USBレシーバー) / Bluetooth
m-pb-159,Microsoft,Lenovo Bluetooth Silent Mouse (WL300) - 5 Button Computer Mouse Silen…,"Lenovo Bluetooth Silent Mouse (WL300) - 5 Button Computer Mouse Silent Left & Right Click - 3D Grip, Microsoft Swift Pair, Up to 1600 DPI…",130 g,単3形乾電池×1本,—,5ボタン,Bluetooth
m-pb-117,Microsoft,Microsoft ELG-00007,マイクロソフト アーク マウス ELG-00007 : ワイヤレス 薄型 コンパクト 縦横スクロール BlueTrack Bluetooth,80 g,単4形 乾電池（付属）,—,3ボタン,Bluetooth
m-pb-215,Microsoft,Microsoft I38-00008,マイクロソフト Ocean Plastic マウス I38-00008 : ワイヤレス コンパクト リサイクル素材 エコパッケージ 省電力 Bluetooth,78 g,単3形乾電池×1本,—,3ボタン,Bluetooth
m-pb-143,Microsoft,Microsoft Modern Mobile Mouse KTF-00078:,マイクロソフト モダン モバイル マウス KTF-00078 : ワイヤレス 薄型 軽量 BlueTrack Bluetooth ( サファイア ),78 g,単3形乾電池×1本,—,3ボタン,Bluetooth
m-pb-145,Microsoft,Microsoft Mouse 43U-00037,マイクロソフト マウス ワイヤレス/小型 ブラック Sculpt Mobile Mouse 43U-00037,174 g,単3形乾電池×1本,—,4ボタン,2.4GHz (USBレシーバー)
m-pb-131,Microsoft,Microsoft Surface Arc Mouse Burgundy CZV-00017,マイクロソフト Surface Arc Mouse バーガンディ CZV-00017,83 g,単4形 乾電池（付属）,—,3ボタン,Bluetooth
m-pb-048,Microsoft,Microsoft Surface Arc Mouse/Ice Blue CZV-00071,マイクロソフト Surface Arc Mouse/アイスブルー CZV-00071,83 g,単4形 乾電池（付属）,—,3ボタン,Bluetooth
m-pb-091,Microsoft,Microsoft Wireless Mobile Mouse 3500 GMF-00423: Small Ambidextrous De…,Microsoft Wireless Mobile Mouse 3500 GMF-00423: Small Ambidextrous Design BlueTrack USB Receiver Connection (Euro Silver) Compatible with…,153 g,単3形 乾電池（付属）,—,3ボタン,2.4GHz (USBレシーバー)
m-gbs-049,MSI,FORGE GM100,MSI FORGE GM100 オプティカル ゲーミングマウス 有線 MS0716,108 g,有線給電,—,7ボタン,有線 USB
m-msi-forge-gm340w,MSI,MSI FORGE GM340 W NAVY ワイヤレスゲーミングマウス,57g・充電式・光学式（PAW3311）・6ボタン・2.4GHz / Bluetooth / USB有線（MS0808）,57 g,充電式,—,6ボタン,2.4GHz (USBレシーバー) / Bluetooth / 有線 USB
m-msi-versa-300w,MSI,MSI VERSA 300 W ワイヤレス ゲーミングマウス,60g超軽量・充電式（USB Type-C）・光学式（PAW-3104DB）・6ボタン・2.4GHz / Bluetooth / 有線USB・左右対称（MS0731）,60 g,充電式,—,6ボタン,2.4GHz (USBレシーバー) / Bluetooth / 有線 USB
m-nr2-001,Padholds,Padholds ゲーミングマウス,Padholds ゲーミングマウス、ノートPC用マウス、有線マウス。7色を自動で切り替えるバックライト（呼吸効果）を搭載し、解像度は1200 DPI、ボタンは3つ、人間工学に基づいた設計の光学式マウスです。,95 g,有線給電,—,3ボタン,有線 USB
m-pb-212,Perixx,PERIMICE-720,ぺリックス ワイヤレス トラックボール マウス - 8ボタン - デュアル接続 2.4G / Bluetooth モード - 3 角度調節可能 - チルトホイール【正規保証品】 (ワイヤレス),134 g,電池式（単4形乾電池 1本）,—,8ボタン,2.4GHz (USBレシーバー) / Bluetooth
m-pb-233,Perixx,PERIMICE-722B,Perixx ワイヤレスマウス ポータブルデザイン 静音クリック ケーブルストラップ付き ブラック,60 g,電池式（単3形乾電池 1本）,—,3ボタン,2.4GHz (USBレシーバー)
m-pb-157,Perixx,Perixx PERIMICE-713,ワイヤレス垂直マウス - 6ボタンデザイン - 3レベルDPI - ブラック - 右利き用デザイン,90 g,電池式（単4形乾電池 1本）,—,6ボタン,2.4GHz (USBレシーバー)
m-pb-191,Perixx,Perixx PERIMICE-713LRX,Perixx PERIMICE-713LRX 左利き用 充電式縦型マウス 有線およびワイヤレス充電機能 - ワイヤレス充電器付属 エルゴノミクス,100 g,充電式,—,6ボタン,Bluetooth
m-pb-097,Perixx,Perixx PERIMICE-813RX,Perixx PERIMICE-813RX ワイヤレス充電式縦型マウス - マルチデバイス対応仕様 - デュアル有線/無線充電機能 - 付属ワイヤレス充電器はiPhone、AirPods、AirPods Pro対応 ブラック,300 g,電池式（単3形乾電池 1本）,—,6ボタン,2.4GHz (USBレシーバー) / Bluetooth
m-gnr-003,Philips,EVNIA SPK9418,フィリップス EVNIA ワイヤレス ゲーミングマウス SPK9418 黒 52g 超軽量 最大12K DPI 1Kポーリングレート 右手専用 充電式無線/有線両対応 Bluetooth/2.4g/USB-C接続 ６段階DPI調節 1ms応答速度 6個プログラムボタン サイドボタン付き エルゴノミクス 低遅延 高耐久,52 g,充電式,—,6ボタン,2.4GHz (USBレシーバー) / Bluetooth / 有線 USB
m-nr2-010,Philips,PHILIPS SPK7858,【PHILIPS ワイヤレスマウス】Bluetooth 5.0 USB-C USB-A対応 静音 充電式 最大100時間使用 サイドホイール搭載 横スクロール 7ボタン 3Dホイール 5段階DPI切替 右手用 エルゴノミクスマウス 自動スリープ Windows Mac対応 フィリップスマウスSPK7858,97 g,充電式,—,7ボタン,2.4GHz (USBレシーバー) / Bluetooth
m-gp3-011,Philips,SPK9618,フィリップス EVNIA ワイヤレス ゲーミングマウス SPK9618 黒 53g 超軽量 最大16K DPI 1Kポーリングレート 左右対称 充電式 | 無線/有線両対応 Bluetooth/2.4g/USB-C接続 ６段階DPI調節 1ms低遅延 6個プログラムボタン …,53 g,充電式,—,6ボタン,2.4GHz (USBレシーバー) / Bluetooth / 有線 USB
m-bs-080,ProtoArc,【革新版】ProtoArc EM11 NL,【革新版】ProtoArc EM11 NL エルゴノミクスマウス 縦型58° 静音 無線 Bluetooth 2.4GHz 3台同時接続 手首楽,125 g,充電式,—,3ボタン,2.4GHz (USBレシーバー) / Bluetooth
m-gbs-010,Pulsar,CrazyLight Series,Pulsar Gaming Gears CrazyLight Series ワイヤレス ゲーミングマウス 超軽量 44グラム 1ms 32000 DPI Optical swhich XS-1 Flagship Sensor 国内正規品,44 g,充電式,—,7ボタン,2.4GHz (USBレシーバー)
m-gp3-009,Pulsar,X2 v3,Pulsar Gaming Gears X2 v3 ワイヤレス ゲーミングマウス 超軽量 52グラム 左右対称 2.4Ghz 1ms 32000 DPI Optical swhich XS-1 Flagship Sensor 国内正規品,52 g,充電式,—,5ボタン,2.4GHz (USBレシーバー)
m-pb-041,Pulsar Gaming,[Pro Series] BUZZ-X Medium Wireless Gaming Mouse,"Pulsar Gaming Gears [Pro Series] BUZZ-X Medium ワイヤレス ゲーミングマウス 61グラム 1ms 32000 DPI Optical swhich XS-1 Flagship Sensor 国内正規品(BUZZ-X, Medium)",61 g,充電式,—,6ボタン,2.4GHz (USBレシーバー)
m-gnr2-024,PWNAGE,Stormbreaker V3,PWNAGE ストームブレーカー マグネシウム ゲーミングマウス V3 – Nyomi Purple限定版 超軽量人間工学ワイヤレスマウス 8Kポーリング 36K DPI ゼロセンサー センサー位置調整可能 Pro FPSマウス,39 g,充電式,—,5ボタン,2.4GHz (USBレシーバー) / 有線 USB
m-gnr-005,Razer,(レイザー) Cobra,Cobra ゲーミングマウス 58g 軽量 コンパクト つかみ持ち/つまみ持ちにフィット 有線 第3世代 オプティカルマウススイッチ 没入感を高めるアンダーグロー Chroma ライティング 8500 DPI オプティカルセンサー Speedflex ケーブル コブラ 【日本正規代理店保証品】,83 g,有線給電,—,6ボタン,有線 USB
m-pb-050,Razer,Atheris Mobile Mouse,Atheris Mobile Mouse,66 g,充電式,—,5ボタン,Bluetooth
m-gnr2-003,Razer,Basilisk V3 Pro White,"Razer(レイザー) Basilisk V3 Pro White ゲーミングマウス ワイヤレス Bluetooth 無線 接続 Focus Pro 30K オプティカルセンサー 30,000DPI 第 3 世代オプティカルマウススイッチ 高速スクロール可能なチルトホイール…",48 g,充電式,—,6ボタン,2.4GHz (USBレシーバー) / 有線 USB
m-gnr2-006,Razer,Cobra Cinnamonroll Edition,Razer Cobra 有線ゲーミングマウス 58g 軽量 シナモロール エディション | Gen-3オプティカルスイッチ、Chroma RGBライティングアンダーグロー、8500 DPI光学センサー、100%PTFEマウスフィート、Speedfle,58 g,有線給電,—,4ボタン,有線 USB
m-gbs-032,Razer,DeathAdder V2 X HyperSpeed ゲーミングマウス 9ボタン 受賞歴を誇るエルゴノミクスデザイン HyperSpeed…,"Razer DeathAdder V2 X HyperSpeed ゲーミングマウス 9ボタン 受賞歴を誇るエルゴノミクスデザイン HyperSpeed Wireless 最大 235 時間バッテリー持続 第 2 世代メカニカルマウススイッチ 14,0",102 g,単3形 乾電池（付属）,—,9ボタン,2.4GHz (USBレシーバー) / Bluetooth / 有線 USB
m-gnr2-016,Razer,DeathAdder V4 Pro NiKo Edition,"Razer レイザー DeathAdder V4 Pro NiKo Edition ゲーミングマウス ワイヤレス 57g 超軽量 8,000Hzドングル同梱 第2世代 Focus Pro 45Kオプティカルセンサー 超低遅延を実現する HyperSp",57 g,充電式,—,6ボタン,2.4GHz (USBレシーバー)
m-gnr-002,Razer,Naga V2 HyperSpeed,Razer(レイザー) Naga V2 HyperSpeed MMOに最適な多ボタンのワイヤレスゲーミングマウス プログラム可能な19ボタン フリースピンまたはタクタイルスクロールホイール HyperSpeed Wireless Bluetooth Focus Pro 30…,130 g,充電式,—,19ボタン,2.4GHz (USBレシーバー) / Bluetooth
m-gp3-018,Razer,Naga V2 Pro,Razer(レイザー) ゲーミングマウス Naga V2 Pro ブラック 134g RZ01-04400100-R3A1,134 g,充電式,—,20ボタン,2.4GHz (USBレシーバー) / Bluetooth / 有線 USB
m-gnr-006,Razer,Orochi V2,【Amazon.co.jp限定】 Razer Orochi V2 ゲーミングマウス ワイヤレス HyperSpeed Bluetooth 2つの無線モード 5G 高性能 18000 DPI オプティカルセンサー,60 g,充電式,—,6ボタン,2.4GHz (USBレシーバー) / Bluetooth
m-pb-123,Razer,Razer Basilisk V3,【Amazon.co.jp限定】 Razer Orochi V2 ゲーミングマウス ワイヤレス HyperSpeed Bluetooth 2つの無線モード 5G 高性能 18000 DPI オプティカルセンサー,101 g,有線給電,—,11ボタン,有線 USB
m-pb-055,Razer,Razer Cobra - Lightweight Wired Gaming Mouse Razer Chroma RGB - Pokem…,Razer Cobra - Lightweight Wired Gaming Mouse Razer Chroma RGB - Pokemon Kanto Edition,58 g,有線給電,—,6ボタン,有線 USB
m-pb-105,Razer,Razer Cobra Gengar Edition - Lightweight Wired Gaming Mouse - 8500 DP…,Razer Cobra Gengar Edition - Lightweight Wired Gaming Mouse - 8500 DPI Sensor - 58g - 3rd Generation Optical Mouse Switch - Chroma Lighti…,58 g,有線給電,—,6ボタン,有線 USB
m-pb-124,Razer,Razer Cobra Minecraft Edition - Lightweight Wired Gaming Mouse - 8500…,"Razer Cobra Minecraft Edition - Lightweight Wired Gaming Mouse - 8500 DPI Sensor (58g, Optical Mouse Switch, 3rd Generation, Chroma Light…",58 g,有線給電,—,6ボタン,有線 USB
m-pb-126,Razer,Razer Cobra RGB DPI 8500 Mouse - RZ0104650100R3U,Razer Cobra RGB DPI 8500 Mouse - RZ0104650100R3U,158 g,有線給電,—,5ボタン,有線 USB
m-pb-066,Razer,Razer DeathAdder Elite Gaming Mouse (eSports Mouse with Chroma Multi-…,"Razer DeathAdder Elite Gaming Mouse (eSports Mouse with Chroma Multi-Color, 16,000 DPI Sensor and Razer Mechanical Mouse Switch)",130 g,充電式,—,7ボタン,有線 USB
m-pb-046,Razer,"Razer DeathAdder V3 - Ergonomische Esports Maus (59g leichtes Design,…","Razer DeathAdder V3 - Ergonomische Esports Maus (59g leichtes Design, Form, 30K optischer Sensor, optische Mausschalter Gen-3, 8000Hz Hyp…",59 g,有線給電,—,6ボタン,有線 USB
m-pb-020,Razer,Razer DeathAdder V3 HyperSpeed - Ultra Lightweight Ergonomic Wireless…,"Razer DeathAdder V3 HyperSpeed - Ultra Lightweight Ergonomic Wireless Gaming Mouse with 26K DPI (55g Light, Smooth Touch Coating, 100 Hou…",55 g,充電式,—,5ボタン,2.4GHz (USBレシーバー)
m-pb-001,Razer,Razer DeathAdder V3 Pro - Kabellose ergonomische Esports-Maus (63g le…,"Razer DeathAdder V3 Pro - Kabellose ergonomische Esports-Maus (63g leichtes Design, raffinierte ergonomische Form, Focus Pro 30K optische…",63 g,充電式,—,6ボタン,2.4GHz (USBレシーバー) / Bluetooth
m-pb-021,Razer,Razer Pro Click Humanscale Wireless Mouse: Ergonomic Form Factor - 5G…,Razer Pro Click Humanscale Wireless Mouse: Ergonomic Form Factor - 5G Advanced Optical Sensor - Multi-Host Connection - 8 Programmable Bu…,149 g,電池式（単4形乾電池 8本）,—,8ボタン,Bluetooth
m-pb-047,Razer,Razer Pro Click V2 Wireless Mouse: Right Handed Ergonomic Design with…,Razer Pro Click V2 Wireless Mouse: Right Handed Ergonomic Design with Thumbrest - AI Prompt - Long Battery Life - Multi-Device Connection…,331 g,充電式,—,6ボタン,2.4GHz (USBレシーバー) / Bluetooth
m-pb-024,Razer,Razer Viper Ultimate Lightweight Wireless Gaming Mouse & RGB Charging…,Razer Viper Ultimate Lightweight Wireless Gaming Mouse & RGB Charging Dock: Hyperspeed Wireless Technology - 20K DPI Optical Sensor - 78g…,78 g,充電式,—,8ボタン,Bluetooth
m-pb-025,Razer,Razer Viper V3 Pro SE ワイヤレスゲーミングマウス バッテリー95時間 54g ブラック,Razer Viper V3 Pro SE ワイヤレスゲーミングマウス バッテリー95時間 54g ブラック | 35K DPI光学センサー、Gen3オプティカルスイッチ、8つのプログラム可能なコントロール、95時間のバッテリー、1000Hzのポーリングレート、PC&amp…,54 g,充電式,—,6ボタン,2.4GHz (USBレシーバー)
m-gbs-021,Razer,Razer レイザー DeathAdde,"Razer レイザー DeathAdder V4 Pro ゲーミングマウス ワイヤレス 無線 56gの超軽量 8,000Hzドングル同梱 高精度の第2世代 Focus Pro 45K オプティカルセンサー 超低遅延を実現する第2世代 HyperSpeed Wireless オプティカルスクロールホイール 第4世代 オプティカルマウススイッチ 150時間のバッテリー駆動 【日本正規代理店保証品】",56 g,充電式,—,6ボタン,2.4GHz (USBレシーバー)
m-nr2-006,Razer,Viper V3 HyperSpeed,つかみ持ちにもつまみ持ちにも最適な軽量ワイヤレスゲーミングマウス HyperSpeed Wireless 電池式 Focus Pro 30K オプティカルセンサー 最大280時間のバッテリー持続時間【日本正規代理店保証品】,83 g,単3形 乾電池（付属）,—,6ボタン,2.4GHz (USBレシーバー)
m-gp3-020,Razer,Viper V3 Pro,Razer Viper V3 Pro ゲーミングマウス ワイヤレス 無線 Focus Pro 35Kセンサー 35000DPI 高速応答 オプティカルスイッチ 6ボタン,54 g,充電式,—,8ボタン,2.4GHz (USBレシーバー) / 有線 USB
m-gbs-043,Razer,Viper V3 Pro SE,Razer レイザー Viper V3 Pro SE ゲーミングマウス 1000Hzドングル同梱 ワイヤレス 無線 超軽量54g 第 2 世代 Focus Pro 35Kセンサー 35000DPI 最大95時間駆動 高速無線 オプティカルスイッチ 6ボタン USB Type C,54 g,充電式,—,6ボタン,2.4GHz (USBレシーバー) / 有線 USB
m-gbs-007,Razer,Viper V3 Pro White Edition,【8000Hzドングル同梱・超軽量55g】Razer Viper V3 Pro White Edition ゲーミングマウス ワイヤレス 無線 Focus Pro 35Kセンサー 35000DPI 高速応答 オプティカルスイッチ 6ボタン,55 g,充電式,—,6ボタン,2.4GHz (USBレシーバー) / 有線 USB
m-gnr-001,Razer,Viper V4 Pro,"Razer レイザー Viper V4 Pro ゲーミングマウス 49g 超軽量 8,000Hzドングル同梱 ワイヤレス HyperSpeed Wireless 第3世代 Razer Focus Pro オプティカルセンサー 50,000DPI 第4世代 オプティカルマウス…",49 g,充電式,—,6ボタン,2.4GHz (USBレシーバー)
m-gbs-031,Razer,レイザー Basilisk V3 Pro ゲーミングマウス ワイヤレス Bluetooth 無線 接続 Focus Pro 30K オプテ…,"Razer レイザー Basilisk V3 Pro ゲーミングマウス ワイヤレス Bluetooth 無線 接続 Focus Pro 30K オプティカルセンサー 30,000DPI 第 3 世代オプティカルマウススイッチ 高速スクロール可能なチル",111 g,充電式,—,11ボタン,2.4GHz (USBレシーバー) / Bluetooth
m-gp3-004,Razer,レイザー DeathAdder V4 Pro,"Razer レイザー DeathAdder V4 Pro ゲーミングマウス ワイヤレス 無線 56gの超軽量 8,000Hzドングル同梱 高精度の第2世代 Focus Pro 45K オプティカルセンサー 超低遅延を実現する第2世代 HyperSpeed Wireless オプティカルスクロールホイール 第4世代 オプティカルマウススイッチ 150時間のバッテリー駆動",56 g,充電式,—,6ボタン,2.4GHz (USBレシーバー)
m-pb-069,REALFORCE,REALFORCE RFM02U31,REALFORCE リアルフォース 東プレ RM1 マウス 静音 有線 スーパーホワイト 静電容量無接点方式 オプティカルセンサー 5ボタン 高耐久 キー割り当て機能対応 日本製 オフィス テレワーク 向,83 g,有線給電,—,6ボタン,有線 USB
m-nr2-007,Redbean,A39R,Redbean A39R ブラック クォンタムスクロール エルゴノミクス ワイヤレスマウス Bluetooth 2.4GHz無線 両対応 静音マウス 急速充電式 高精度DPI 5ボタン 人間工学 手首の疲労軽減 マルチペアリング 縦型 バーティカルマ,93 g,充電式,—,7ボタン,2.4GHz (USBレシーバー) / Bluetooth
m-gbs-044,Redragon,(レッドドラゴン) M612 RGBゲーミングマウス、8000 DPI 有線光学マウス プログラム可能なボタン9個＆バックライトモード5つ…,Redragon(レッドドラゴン) M612 RGBゲーミングマウス、8000 DPI 有線光学マウス プログラム可能なボタン9個＆バックライトモード5つ、ソフトウェアはDIYキーバインド、ラピッドファイアボタン対応、グレー＆ホワイト,170 g,有線給電,—,9ボタン,有線 USB
m-gnr-014,Redragon,M814,Redragon M814 ワイヤレスゲーミングマウス トリモード 無線・有線 ラピッドファイアキー搭載 8000DPI | 7プログラム可能マクロショートカット 充電式 軽量設計 PC Windows Mac ゲーマー向け ブラック,100 g,充電式,—,7ボタン,2.4GHz (USBレシーバー) / Bluetooth / 有線 USB
m-gnr-015,Redragon,M814,Redragon M814 ワイヤレスゲーミングマウス トリモード 無線・有線 ラピッドファイアキー搭載 8000DPI | 7プログラム可能マクロショートカット 充電式 軽量設計 PC Windows Mac ゲーマー向け ブラック,100 g,充電式,—,7ボタン,2.4GHz (USBレシーバー) / Bluetooth / 有線 USB
m-gbs-019,Redragon,"M908 Impact RGB LED MMO ゲーミングマウス、12サイドボタン、光学式有線エルゴノミクスゲーマーマウス、最大12,40…","Redragon M908 Impact RGB LED MMO ゲーミングマウス、12サイドボタン、光学式有線エルゴノミクスゲーマーマウス、最大12,400DPI、高精度、20プログラム可能マクロショートカット、コンフォートグリップ付き",280 g,有線給電,—,18ボタン,有線 USB
m-gbs-040,Redragon,M910-WS,"Redragon M910-WS ワイヤレスゲーミングマウス 8000DPI RGB 70時間駆動 | エルゴノミクス設計 ゲーム・オフィス・トラベルに最適 1,680万色RGB 充電式 ホワイトマウス PC・Mac対応",135 g,充電式,—,9ボタン,2.4GHz (USBレシーバー)
m-gbs-035,Redragon,M913インパクトエリートワイヤレスゲーミングマウス、16000 DPI有線/無線RGBゲーマーマウス、16プログラマブルボタン、45時間…,Redragon M913インパクトエリートワイヤレスゲーミングマウス、16000 DPI有線/無線RGBゲーマーマウス、16プログラマブルボタン、45時間バッテリーとプロ光学式センサー、12サイドボタンMMOマウス | FPSゲーマー専用のケーブル不要の0遅延、キーバイン…,132 g,充電式,—,16ボタン,2.4GHz (USBレシーバー)
m-pb-184,Redragon,Redragon Ｍ690-1,無線マウス ワイヤレスマウス 光学式 2.4GHz 遅延無し 2400DPI高精度 5段階DPI 6ボタン コンパクト 省エネルギー 持ち運び便利,82 g,単3形 乾電池（付属）,—,8ボタン,2.4GHz (USBレシーバー)
m-pb-151,Redragon,Redragon M919 Pro,Redragon M919 Pro ワイヤレス eスポーツ ゲーミングマウス 54g 軽量 オレンジ,250 g,電池式（単4形乾電池 1本）,—,3ボタン,2.4GHz (USBレシーバー)
m-nr-018,Sanwa Direct,MAWB220,サンワダイレクト マウス 無線 Bluetooth 高速スクロール サイドホイール 5ボタン 静音 マルチペアリング 充電式 400-MAWB220 | DPI切換え,121 g,充電式,—,5ボタン,2.4GHz (USBレシーバー) / Bluetooth
m-nr-019,Sanwa Direct,MAWB220,サンワダイレクト マウス 無線 Bluetooth 高速スクロール サイドホイール 5ボタン 静音 マルチペアリング 充電式 400-MAWB220 | DPI切換え,121 g,充電式,—,5ボタン,2.4GHz (USBレシーバー) / Bluetooth
m-nr-010,Sanwa Direct,MAWB231BK,サンワダイレクト ペン型マウス Bluetooth 5ボタン 【戻る・進む】 DPI切り替え 充電式 無線 ブラック 400-MAWB231BK | ワイヤレス USB A/Type-Cレシーバー 持ち運び プレゼンテーション 出張,25 g,充電式,—,5ボタン,2.4GHz (USBレシーバー) / Bluetooth
m-pb-230,Sanwa Direct,Sanwa Direct 400-MABTTB181BK,"サンワダイレクト トラックボールマウス Bluetooth 小型 静音 OS 対応 ブラック 400-MABTTB181BKMac/Win/Android/iPad,5ボタン(戻る/進むボタン搭載)",91 g,単4形 乾電池（付属）,—,5ボタン,Bluetooth
m-pb-219,Sanwa Direct,Sanwa Direct 400-MAWBT175,サンワダイレクト Bluetoothマウス 静音 充電式 マルチペアリング 4台 iOS対応 5ボタン ブルーLED 1個 400-MAWBT175,—,充電式,—,5ボタン,Bluetooth
m-pb-214,Sanwa Direct,Sanwa Direct Ring Mouse,サンワダイレクト リングマウス Bluetooth ホイール搭載 USB-C充電 Windows/Mac 5ボタン 指 400-MABT156BK3,21 g,充電式,—,5ボタン,Bluetooth
m-bs-066,Sanwa Direct,サンワダイレクト 400-MABT206BK,"サンワダイレクト 小型マウス 折りたたみ Bluetooth 静音 5ボタン 充電式 持ち運び 薄型 コンパクト ブラック 400-MABT206BK戻る・進むボタン搭載,ブルーLED,ホイールボタン搭載,ポーチ付き",110 g,充電式,—,5ボタン,Bluetooth
m-bs-056,Sanwa Direct,サンワダイレクト 400-MAWC097BK,"サンワダイレクト ワイヤレスマウス Type-c 無線 5ボタン iPad Pro/Mac/Win/Android対応 戻る/進むボタン搭載,ブルーLED,dpi切替",67 g,単3形 乾電池（付属）,—,5ボタン,2.4GHz (USBレシーバー)
m-bs-076,Sanwa Direct,ミニマウス400-MAWB216B…,サンワダイレクト ミニマウス Bluetooth 小型 薄型 ワイヤレス 静音 充電式 持ち運び 携帯 ブラック 400-MAWB216BK,60 g,充電式,—,3ボタン,2.4GHz (USBレシーバー) / Bluetooth
m-bs-053,Sanwa Supply,MA-BBS310BK,サンワサプライ 静音BluetoothブルーLEDマウス 薄型 SLIMO（充電式・ブラック） MA-BBS310BK,42 g,充電式,—,3ボタン,Bluetooth
m-bs-083,Sanwa Supply,MA-BL168R,サンワサプライ(Sanwa Supply) マウス 有線 USB接続 静音 ブルーLED 5ボタン(戻る・進むボタン搭載) 中型 レッド MA-BL168R,104 g,有線給電,—,5ボタン,有線 USB
m-pb-228,Sanwa Supply,MA-BTBL27R,サンワサプライ Bluetooth3.0 ブルーLEDマウス レッド MA-BTBL27R,30 g,単4形 乾電池（付属）,—,2ボタン,Bluetooth
m-pb-119,Sanwa Supply,MA-ERGW6,サンワサプライ ワイヤレスエルゴレーザーマウス MA-ERGW6,115 g,単4形 乾電池（付属）,—,4ボタン,2.4GHz (USBレシーバー)
m-pb-238,Sanwa Supply,Ring Mouse 3 MA-BTRING3BK,サンワサプライ(Sanwa Supply) Bluetooth リングマウス3 MA-BTRING3BK,16 g,充電式,—,5ボタン,Bluetooth
m-gbs-037,SCYROX,V8 Black ゲーミングマウス 8000hz 重量36±3g 左右対称 - Kailh Optical スイッチ【国内正規品】,SCYROX V8 Black ゲーミングマウス 8000hz 重量36±3g 左右対称 - Kailh Optical スイッチ【国内正規品】,180 g,有線給電,—,5ボタン,有線 USB
m-gnr-028,SteelSeries,Aerox 3 WL Gen 2 Shadow,SteelSeries ゲーミングマウス Aerox 3 WL Gen 2 Shadow 無線 ワイヤレス マウス 2.4Ghz/Bluetooth USB 超軽量 薄型 IP54規格 防水 防塵 耐久性 62717 シャドー,68 g,充電式,—,6ボタン,2.4GHz (USBレシーバー) / Bluetooth
m-gbs-034,SteelSeries,Rival 3 Gen 2,"SteelSeries ゲーミングマウス 有線 軽量 低遅延 1.35ms 高耐久 8,500DPI メカニカルスイッチ 絡まり防止 PTFE(テフロン)ソール 3ゾーンRGBイルミネーション Rival 3 Gen 2 62515 ブラック",106 g,有線給電,—,2ボタン,有線 USB
m-gp3-012,STORIA,STORIA Kikyo,STORIA Kikyo マウスゲーミング 無線 軽量 静音 PAW3950 8000Hz ハーフエルゴ 左右非対称 FPS向け ワイヤレス 白,50 g,充電式,—,5ボタン,2.4GHz (USBレシーバー) / 有線 USB
m-gp3-013,STORIA,STORIA Shion,STORIA Gaming Mouse Shion ワイヤレス ゲーミングマウス カーボンファイバー PAW3950 8000Hz ポーリングレート 低遅延 Type-C ハニカム構造 左右対称 FPS向け 国内正規品,50 g,充電式,—,5ボタン,2.4GHz (USBレシーバー) / 有線 USB
m-pb-242,Surface,Surface  KGY-00027,Surface モバイル マウス コバルトブルー KGY-00027,78 g,電池式（単4形乾電池 1本）,—,3ボタン,Bluetooth
m-pb-018,Surface,SURFACE ARC MOUSE - BLACK,SURFACE ARC MOUSE - BLACK,82 g,充電式,—,4ボタン,Bluetooth
m-pb-132,Surface,Surface Precision Mouse,Surface Precision Mouse,135 g,充電式,—,3ボタン,2.4GHz (USBレシーバー) / Bluetooth / 有線 USB
m-nr-009,Technet,TECKNET マウス,TECKNET マウス 無線 Bluetooth 2.4GHz 静音 4800DPI 6段階調整 エルゴノミクス ワイヤレスマウス Type-C充電 6ボタン 同時接続可能 Windows/macOS/Chrome/Linux対応 戻る/進むボタン搭載 持ち運び プログラマ…,150 g,充電式,—,6ボタン,2.4GHz (USBレシーバー) / Bluetooth
m-gnr-027,TMKB,M2,TMKB M2 ワイヤレスゲーミングマウス・軽量・3 モード対応 (2.4G/Bluetooth/有線)・24000 DPI・9 個プログラム可能ボタン・600mAh 充電式・RGB バックライト・PC/ノート PC/Mac 対応,96 g,充電式,—,9ボタン,2.4GHz (USBレシーバー) / Bluetooth / 有線 USB
m-nr2-016,TPPT,BTM010L,TPPT ミニ エルゴノミクス ワイヤレス マウス 静音 5ボタン デュアルモード充電、4段階のDPI調整、RGBライティング効果、左右対称デザイン (BTM010L – 左利き用 – ピンク – Bluetoothデュアルモード),500 g,充電式,—,6ボタン,2.4GHz (USBレシーバー) / Bluetooth
m-bs-079,UGREEN,UGREEN ワイヤレス マウス,UGREEN ワイヤレス マウス 無線 Bluetooth&2.4GHz 静音マウス 6ボタン USB C 充電式最大4000DPI 5段DPI調整可能,82 g,充電式,—,5ボタン,2.4GHz (USBレシーバー) / Bluetooth
m-bs-096,UGREEN,UGREEN ワイヤレスマウス,UGREEN ワイヤレスマウス Bluetooth&2.4GHz 静音マウス 無線 6ボタン4000DPI 5段階DPI切替 電池式,90 g,電池式（単3形乾電池 1本）,—,6ボタン,2.4GHz (USBレシーバー) / Bluetooth
m-gnr2-005,VARO,VM-V1,VARO 光学式ゲーミングマウス VM-V1 有線 無線 Bluetooth 対応 超軽量45g 大容量バッテリー,45 g,充電式,—,3ボタン,2.4GHz (USBレシーバー) / Bluetooth
