商品名,商品説明,価格,解像度,フレームレート,画角,内蔵マイク,接続方法,特徴（I列）
C960,1080p / 30fps・90°画角・固定フォーカス・デュアルマイク (ノイズキャンセリング),2599,1080p,30fps,90°,あり,USB-A,-
C270nd,720p / 30fps・60°画角・固定フォーカス・モノラルマイク (ノイズリダクション),2490,720p,30fps,60°,あり,USB-A,-
C920n,フルHD 1080p・78°画角・オートフォーカス・デュアルステレオマイクの定番ウェブカメラ,5200,1080p,30fps,78°,あり,USB-A,-
PowerConf C200,2K画質・65°/78°/95°画角切替・AIノイズリダクション搭載のコンパクトウェブカメラ,6980,2K,30fps,65°/78°/95°,あり,USB-C (本体) / USB-A (PC側),-
FineCam Lite,1080p / 30fps・85°画角・固定フォーカス・内蔵マイク,1949,1080p,30fps,85°,あり,USB-A,-
Brio 100,1080p / 30fps・65°画角・固定フォーカス・モノラルマイク,3900,1080p,30fps,58°,あり,USB-A,-
Brio 100,1080p / 30fps・65°画角・固定フォーカス・モノラルマイク,3900,1080p,30fps,58°,あり,USB-A,-
UCAM-CF20FBBK,1080p / 30fps・78°画角・固定フォーカス・内蔵マイク,3734,1080p,30fps,78°,あり,USB-A,-
SPL6418,4K / 30fps・95°画角・自動光補正・内蔵マイク,6980,4K,30fps,95°,あり,USB-A,-
4K Webカメラ,4K / 30fps・99°画角・オートフォーカス・内蔵マイク,5900,1080p,30fps,70°,あり,USB-C,-
BSW305MBK,1080p / 30fps・81°画角・固定フォーカス・内蔵マイク,2780,1080p,30fps,81°,あり,USB-A,-
UCAM-C520FBBK,720p / 30fps・HD・固定フォーカス・内蔵マイク,3068,720p,30fps,68°,あり,USB-A,-
4K Webカメラ,4K / 30fps・99°画角・固定フォーカス・内蔵マイク,5143,4K,30fps,95°,あり,USB-A,-
Full HD 1080p 200万画素 広角95° 小型 クリップ/スタンド式 固定フォーカス,1080p / 30fps・95°画角・固定フォーカス・内蔵マイク,1480,1080p,30fps,95°,あり,USB-A,-
S600,4K / 30fps・73°画角・オートフォーカス・AIノイズキャンセリングマイク,12999,4K,60fps,73°,あり,USB-A,-
C270n,720p / 30fps・60°画角・固定フォーカス・モノラルマイク (ノイズリダクション),2707,720p,30fps,55°,あり,USB-A,-
ボディカメラ,1080p / 30fps・75°画角・固定フォーカス・内蔵マイク,13100,4K,-,75°,あり,USB-A,-
C960,1080p / 30fps・90°画角・固定フォーカス・デュアルマイク (ノイズキャンセリング),2999,1080p,30fps,90°,あり,USB-A,-
C960,1080p / 30fps・90°画角・内蔵マイク,4799,1080p,30fps,90°,あり,USB-A,-
C950,1080p / 30fps・70°画角・固定フォーカス・デュアルマイク,2399,1080p,30fps,70°,あり,USB-A,-
HD 1080P  内蔵マイク、90°広角、自動光補正機能、USBプラグアンドプレイPCカメラ、,1080p / 30fps・90°画角・内蔵マイク,1760,1080p,30fps,90°,あり,USB-A,-
C950 4K,4K / 30fps・73°画角・オートフォーカス・AIノイズキャンセリングマイク,5499,4K,60fps (1080p),73°,あり,USB-A,-
PIXY,4K / 30fps・73°画角・オートフォーカス・AIノイズキャンセリングマイク,16000,4K,60fps (1080p),-,あり,USB-A,AI自動追跡
MX BRIO 700,4K / 30fps・65°/78°/90°画角・オートフォーカス・AIノイズキャンセリングマイク,29291,4K,30fps,65°/78°/90°,あり,USB-C,-
BSW505MBK,1080p / 30fps・120°画角・固定フォーカス・内蔵マイク,2980,1080p,30fps,120°,あり,USB-A,-
フルHD 1080P 30FPS 広角  内蔵マイク  ノイズ対策 オートフォーカス 【在宅勤務,1080p / 30fps・オートフォーカス・内蔵マイク,1151,1080p,30fps,-,あり,USB-A,-
2K Windows Hello Webカメラ,2K / 30fps・ノイズキャンセリングマイク,5999,2K,30fps,84°,あり,USB-A,-
Link 2C Pro,4K / 30fps・79°画角・オートフォーカス・AIノイズキャンセリングマイク,34500,4K,30fps,95°,あり,USB-A,-
V02AF,1080p / 60fps・95°/75°/60°画角・内蔵マイク,5499,1080p,60fps,95°/75°～86°/55°～60°,あり,USB-A,-
V02AF,1080p / 60fps・95°/75°/60°画角・内蔵マイク,5499,1080p,60fps,95°/75°～86°/55°～60°,あり,USB-A,-
C980GR,1080p / 60fps・90°画角・オートフォーカス・内蔵マイク,23980,1080p,60fps,78°,あり,USB-C,-
N60,1080p / 30fps・内蔵マイク,2999,1080p,30fps,110°,あり,USB-A,-
4K Webカメラ,4K / 30fps・オートフォーカス・デュアルマイク,5900,1080p,30fps,70°,あり,USB-C,-
4K Webカメラ,4K / 30fps・オートフォーカス・デュアルマイク,3799,4K,30fps,80°,あり,USB-A,-
MEET 2,4K / 30fps・オートフォーカス・ノイズ低減マイク,18530,4K,30fps,79.4°,あり,USB-C,AIオートフレーミング
C40,4K / 30fps・120°画角・ノイズキャンセリングマイク,35982,4K,-,120°,あり,USB-A,-
C10,1080p / 60fps・90°画角・内蔵マイク,14980,1080p,60fps,90°,あり,USB-A,-
Link 2 Pro,4K / 30fps・オートフォーカス・内蔵マイク,38500,4K,60fps (1080p),83.9°/71.4°,あり,USB-C,-
Link 2 Pro,4K / 30fps・オートフォーカス・内蔵マイク,38500,4K,60fps (1080p),83.9°/71.4°,あり,USB-C,-
書画カメラ 書が 実物投影機 :800万画素 折りたたみ式 USB 内蔵マイク 画像反転機能(の,内蔵マイク,8200,-,-,-,あり,USB-C,-
Brio 90,1080p / 30fps・90°画角・オートフォーカス・内蔵マイク (ノイズリダクション),17800,1080p,30fps,65°/78°/90°,あり,USB-A,-
400-CAM086,1080p / 30fps・60°画角,4980,1080p,30fps,60°,なし,USB-A,-
400-CAM086,1080p / 30fps・60°画角,4980,1080p,30fps,60°,なし,USB-A,-
400-CAM103,1080p / 30fps・35°画角,4980,1080p,30fps,35°,なし,USB-A,-
400-CAM103,1080p / 30fps・35°画角,4980,1080p,30fps,35°,なし,USB-A,-
UCAM-C820ABBK,1080p / 30fps・オートフォーカス・内蔵マイク,4803,1080p,30fps,76°,あり,USB-A,-
Tiny 3,4K / 30fps・オートフォーカス・空間オーディオマイク,58000,4K,60fps,90°,あり,USB-C,AI自動追跡
Tiny 3,4K / 30fps・オートフォーカス・空間オーディオマイク,58000,4K,60fps,90°,あり,USB-C,AI自動追跡
夜間視力  高速 100FPS  200万画素 1080P Webかめら 広角 監視 PCカメラ,2K / 30fps,6556,1080p,100fps,75°,なし,USB-A,自動暗視機能
CMS-V43BK,1080p / 30fps・150°画角・内蔵マイク,6036,720p,30fps,150°,あり,USB-A,-
4K NDI6/NDI/HX3 PTZカメラ AI自動追尾 20倍光学ズーム USB3.0 LA,4K / 30fps,73000,4K,60fps,60°,なし,USB-A,AI自動追跡
ガンカメラ 2.8-12mm可変焦点レンズ USB 100fps 光学4倍ズーム  200万画素,4K / 60fps,6880,1080p,100fps,可変,なし,USB-A,-
N660P,1080p / 60fps・オートフォーカス・内蔵マイク,4999,1080p,60fps,80°,あり,USB-A,-
Cube 会議用360度広角 ギャラリーモードなど多彩なAIモード 電源&amp;ソフトウェア不,4K / 30fps・内蔵マイク,76780,1080p,30fps,360°,あり,USB-A,-
4K Ultra HD  Windows Hello対応 顔認証 オートフォーカス,4K / 30fps・オートフォーカス・内蔵マイク,11999,4K,30fps,83°,あり,USB-C,-
4K  リングライト一体型800万画素超広視野角 1080P@60FPS ストリーミング PC用,4K / 60fps・オートフォーカス・AIノイズキャンセリングマイク,5775,4K,60fps,78°,あり,USB-A,-
400-CAM102,1080p / 30fps・内蔵マイク,19800,1080p,30fps,102°,あり,2.4GHz,-
BRIO C1000eR,RightLight 3・4K UHD・プライバシーシャッター・Windows Hello対応の定番4Kウェブカメラ,22800,4K,90fps,65°/78°/90°,あり,USB-A (USB 3.0),-
C920s Pro HD,プライバシーシャッター付きの定番FHDウェブカメラ,13400,1080p,30fps,78°,あり,USB-A,-
YoloCam S3,4K配信用ウェブカメラ・1/1.3型センサー・HDR・PDオートフォーカス・USB-C,34000,4K,30fps,82°,あり,USB-C,-
YoloCam S7,4K / 60fps・オートフォーカス・内蔵マイク,158300,4K,60fps,-,あり,USB-C,-
YoloCam S7,4K / 60fps・オートフォーカス・内蔵マイク,210900,4K,60fps,-,あり,USB-C,-
TINY 2,4K / 30fps・オートフォーカス・ノイズキャンセリングマイク,44030,4K,60fps,85.5°,あり,USB-C,AI自動追跡
Link 2 ブラック  4K  PTZ 1/2インチセンサー AI追跡 ジンバル搭载 HDR,4K / 30fps・AIノイズキャンセリングマイク,32373,4K,60fps,79.5°,あり,USB-C / USB-A,AI自動追跡
-VenusLiv Air-ライブ配信カメラ-LAN/WIFI接続-4K30p/RTMP/USB,HOLLYLAND-VenusLiv Air-ライブ配信カメラ-LAN/WIFI接続-4K30p/RTMP/USB-C/,82000,-,-,-,なし,USB-C,-
ActionRing書画カメラ 4K 1500万画素  プロジェクターに直接投影,4K / 30fps・オートフォーカス,9999,4K,30fps,-,なし,USB-C / USB-A,-
Meet Flip 4K  折りたたみ式 AI搭載,4K / 30fps・オートフォーカス・ステレオマイク,22800,4K,30fps,-,あり,USB-C,AIオートフレーミング
DC400 USB /書画カメラ/スキャナー 3-in-1 1600万画素 4K/30fps A,4K / 60fps・内蔵マイク,16500,4K,60fps,-,あり,USB-A,-
Link 2C 通常版 アークティックホワイト - PC/Mac 用 4K 、1/2 インチセン,4K / 30fps・AIノイズキャンセリングマイク,25800,4K,60fps,79.5°,あり,USB-C,-
4K UHD  800万画素 1080P@30FPS対応 自動光補正 95°視野角 内蔵マイク,4K / 30fps・95°画角・内蔵マイク,4999,4K,60fps,90°,あり,USB-C,-
S600L,4K / 30fps・73°画角・オートフォーカス・デュアルマイク,13980,4K,60fps,73°,あり,USB-A,-
C922n,1080p / 60fps・78°画角・オートフォーカス・ステレオマイク,11400,1080p,60fps,78°,あり,USB-A,-
C960,1080p / 30fps・90°画角・固定フォーカス・内蔵マイク,2599,1080p,30fps,90°,あり,USB-A,-
Link 2C,4K / 30fps・79°画角・オートフォーカス・AIノイズキャンセリングマイク,25800,4K,60fps,79.5°,あり,USB-C,AIオートフレーミング
MEET SE 1080P 100FPS FHD,1080p / 30fps・オートフォーカス,14280,1080p,100fps,79.7°,あり,USB-C,-
C660OW,1080p / 30fps・内蔵マイク,3900,1080p,30fps,58°,あり,USB-A,-
TINY 2 Lite  4K,4K / 30fps・オートフォーカス,29800,4K,60fps,79.4°,あり,USB-C,-
S600,4K / 60fps・73°画角・オートフォーカス・ノイズキャンセリングマイク,8999,4K,60fps (1080p),73°,あり,USB-A,-
Link 2,4K / 30fps・79°画角・オートフォーカス・AIノイズキャンセリングマイク,30880,4K,60fps,79.5°,あり,USB-C,-
2K PC用USB（マイクなし・プライバシーカバー付き）,2K / 30fps・78°画角,4280,2K,30fps,78°,なし,USB-A,-
"Facecam MK.2 – 最高級フルHD, 配信、ゲーム配信、ビデオ通話、録画に最適、HDR","【Amazon.co.jp限定】Elgato Facecam MK.2 – 最高級フルHDウェブカメラ, 配信、ゲーム配",21480,-,-,-,なし,USB-C,-
書画カメラ USB 1600万画素 OCR対応 A3サイズ撮影 4K動画録画 360°回転 マイ,4K / 30fps・360°画角・内蔵マイク,15999,4K,30fps,82°,あり,USB-A,書画カメラ
2K  ゲーム用 500万画素 マイク内蔵 三脚付き,2K / 30fps・90°画角・内蔵マイク,2999,2K,30fps,90°,あり,USB-A,-
C100,1080p / 30fps・66°画角・内蔵マイク,3999,1080p,30fps,66°,あり,USB-A,-
HD 2K 400万画素 広角レンズ マイク付き 自動光補正 ストリーミング USB接続 PCカ,2K / 30fps・内蔵マイク,25000,2K,30fps,90°,あり,USB-A,-
C960 Ultra,4K / 30fps・90°画角・オートフォーカス・AIノイズキャンセリングマイク,17980,4K,60fps,73°,あり,USB-A,-
Tiny 3 Lite  4k 業界初の空間オーディオ,4K / 30fps,33800,4K,120fps,79.1°,あり,USB-C,AI自動追跡
C980pro,1080p / 30fps・360°画角,7999,1080p,30fps,90°,あり,USB-A,-
Facecam Neo – フルHD、簡単なスライド式プライバシーシャッター、光補正、ビデオ通話,【Amazon.co.jp限定】Elgato Facecam Neo – フルHDウェブカメラ、簡単なスライド式プライバ,9680,-,-,-,なし,USB-C,-
V08AF,4K / 30fps・オートフォーカス・ノイズキャンセリングマイク,9980,1080p,30fps,90°,あり,USB-A,-
マイク付き 【2026初発売・HDR自動光補正機能】  フルHD 1080P 200万画素 90,1080p / 60fps・90°画角・内蔵マイク,1999,1080p,60fps,90°,あり,USB-A / USB-C,-
4K  UHD 800万画素 120°広角会議用カメラ1080P@60FPS PC用,4K / 60fps・120°画角・オートフォーカス・ステレオマイク (ノイズリダクション),7219,4K,60fps,120°,あり,USB-A,-
Live! Cam Sync V3 ワイドアングル 2K QHD 4x デジタルズーム デュアル,2K / 30fps・ステレオマイク,3718,2K,30fps,95°,あり,USB-A,-
931 4K  会議室用 120°広角 800万画素 Sony 1/2.8型センサー 4倍ズーム,4K / 30fps・120°画角・ノイズキャンセリングマイク,9990,4K,30fps,120°,あり,USB-C,-
UCAM-C750FBBK,1080p / 30fps・内蔵マイク,4011,1080p,30fps,66°,あり,USB-A (USB 2.0),-
NOVA 4K  UHD,4K / 30fps・73°画角・オートフォーカス・ノイズキャンセリングマイク,4999,4K,30fps,73°,あり,USB-A,-
2K  フルHD1080P 60FPS 400万画素 90°広角 パソコンカメラ デュアルマイク,2K / 30fps・90°画角・ノイズキャンセリングマイク,3680,2K,60fps,90°,あり,USB-A,-
Lyra 4K  、5000万画素、USB Type-C接続、全指向性マイク内蔵、オートフォーカ,4K / 30fps・オートフォーカス・内蔵マイク,24200,4K,30fps,-,あり,USB-C,-
60fps ライト付き N960E  1080P 自動光補正 無段階調光 3光色 pcカメラ オ,1080p / 60fps・オートフォーカス・ステレオマイク,7999,1080p,60fps,90°,あり,USB-A,-
【400万画素・2K自動ピント機能】  軽量小型 （75°画角-余計な背後が映らない・盗撮防止カ,2K / 30fps・75°画角・オートフォーカス・内蔵マイク,2780,2K,30fps,75°,あり,USB-A,-
INS-Flip 4 (台湾製) USB 携帯型書画カメラ/ - 4K解像度 1300万画素 折,4K / 30fps・オートフォーカス・内蔵マイク,14900,4K,30fps,-,あり,USB-A,書画カメラ
4K オートフォーカス 自動光調整 ノイズキャンセリングマイク 内蔵 65°広角 プライバシーカ,4K / 30fps・65°画角・オートフォーカス・ノイズキャンセリングマイク,4999,4K,60fps,65°,あり,USB-A,-
2K  PCカメラ 【自動光補正＆オートフォーカス】 プライバシー保護カバー付き 2つのマイク内,2K / 30fps・オートフォーカス・内蔵マイク,2380,2K,30fps,85°,あり,USB-A,-
USB書画カメラ／折りたたみポータブル：実物投影機能、内蔵マイク＆LEDライト搭載、オートフォー,オートフォーカス・内蔵マイク,8800,1080p,-,-,あり,USB-A,書画カメラ
PC用2K、マイクと三脚付き、自動光補正、USBプラグアンドプレイ、90°広視野角、プライバシー,2K / 30fps・90°画角,3299,2K,30fps,90°,あり,USB-A,-
Facecam 4K,4K / 60fps・固定フォーカス・内蔵マイク,22500,4K,60fps,90°,あり,USB-C,-
4K  会議カメラ 高速オートフレーミング 10倍ズーム1080p 60fps配信・オンラインミ,4K / 60fps・30°画角・ノイズキャンセリングマイク,11999,4K,60fps,70°/80°/90°,あり,USB-C / USB-A,AIオートフレーミング
2K  自動HD光補正機能を搭載 100°視野角 ノイズキャンセリングマイク付きpcカメラ&プレ,2K / 30fps・100°画角・ノイズキャンセリングマイク,2080,2K,30fps,100°,あり,-,-
USB 書画カメラ1000万画素実物投影機4K@30fps/ 1080P@60fps Zoom,4K / 60fps,6999,4K,60fps,-,なし,USB-A,-
4K Web会議 PTZカメラ AI自動追尾機能3倍光学ズーム92°広角視野HDMI/USB3.,4K / 30fps・92°画角,37300,4K,30fps,92°,なし,USB-A,AI自動追跡
マイク内蔵 4K 2K 1080P 超高画素 85°広角  ストリーミング  プライバシーカバー,4K / 30fps・85°画角・内蔵マイク,1283,1080p,-,85°,あり,USB-A,-
360度 Webカメラ,1080p / 30fps・360°画角・全指向性マイク,15664,1080p,30fps,360°,あり,USB-C / USB-A,-
C570,4K / 30fps・120°画角・オートフォーカス・デュアルマイク,24800,4K,-,120°,あり,USB-C,AIオートフレーミング
JOYUSING FlexCam10 4K  アイコンタクト PC用 4モード搭載 マイク内蔵,4K / 30fps・79°画角・オートフォーカス・ノイズキャンセリングマイク,10449,4K,30fps,79°,あり,USB-C,-
PIXY,4K / 30fps・73°画角・オートフォーカス・AIノイズキャンセリングマイク,29999,4K,60fps,97°,あり,wi-fi/USB,-
UC-W20 会議用  マイク内蔵 4K 1300万画素 集音最大4ｍ 上下左右10度の角度調整,4K / 30fps・オートフォーカス・ノイズキャンセリングマイク,8800,4K,-,-,あり,USB-A,-
"デュアルAIノイズキャンセリングマイク付き2K QHD2000万画素 オートフォーカス,自動光補",2K / 30fps・120°画角・オートフォーカス・AIノイズキャンセリングマイク,6649,2K,30fps,120°,あり,USB-A,-
"デュアルAIノイズキャンセリングマイク付き4K UHD1200万画素 オートフォーカス,自動光補",4K / 30fps・120°画角・オートフォーカス・AIノイズキャンセリングマイク,5990,4K,30fps,120°,あり,USB-A,-
フルHD 1080P 200万画素 ストリーミング 自動光補正 超広角120°360°回転 内蔵,1080p / 30fps・120°画角・内蔵マイク,2698,1080p,30fps,120°,あり,USB-A,-
マイク付き 小型 広角 会議用 4K フルHD 1080P  usb接続 自動光補正 配信用 日,4K / 30fps・内蔵マイク,1349,4K,30fps,-,あり,USB-A,-
PC用4K、1080P@60FPS、ノイズ低減マイク付き4Kカメラ、92°FOV、自動光補正、8,4K / 60fps・92°画角・内蔵マイク,3999,4K,60fps,92°,あり,USB-A,-
"Facecam Pro, ライブ配信用 4K60 Ultra HD ゲーミング/ビデオ通話/So","Elgato Facecam Pro, ライブ配信用 4K60 Ultra HDウェブカメラ ゲーミング/ビデオ通話/S",-,-,-,-,なし,USB-C,-
フルHD 1080P 200万画素 ストリーミング 自動光補正 内蔵マイク 超広角120° 会議,1080p / 30fps・120°画角・内蔵マイク,2298,1080p,30fps,95°,あり,USB-A,-
PTZカメラweb会議ビデオ3倍光学ズーム1080P60FPS超広角視野ptz USB3.0/H,1080p / 60fps,29490,1080p,60fps,114°,なし,USB-A/HDMI/RS485/RS232,-
LEDライト  三脚 マイク内蔵 110度広角 オートフォーカス  1080p 200万画素 3,1080p / 30fps・オートフォーカス・内蔵マイク,2860,1080p,30fps,110°,あり,USB-A,-
